country_name,country_iso3,year,indicator_name,indicator_code,value
Sri Lanka,LKA,2022,Agricultural land (% of land area),AG.LND.AGRI.ZS,45.4574846427417
Sri Lanka,LKA,2021,Agricultural land (% of land area),AG.LND.AGRI.ZS,45.4574846427417
Sri Lanka,LKA,2020,Agricultural land (% of land area),AG.LND.AGRI.ZS,45.4574846427417
Sri Lanka,LKA,2019,Agricultural land (% of land area),AG.LND.AGRI.ZS,45.4472947072851
Sri Lanka,LKA,2018,Agricultural land (% of land area),AG.LND.AGRI.ZS,45.448079658606
Sri Lanka,LKA,2017,Agricultural land (% of land area),AG.LND.AGRI.ZS,44.5963194545425
Sri Lanka,LKA,2016,Agricultural land (% of land area),AG.LND.AGRI.ZS,44.4315189116701
Sri Lanka,LKA,2015,Agricultural land (% of land area),AG.LND.AGRI.ZS,44.2699497519913
Sri Lanka,LKA,2014,Agricultural land (% of land area),AG.LND.AGRI.ZS,43.6931908786477
Sri Lanka,LKA,2013,Agricultural land (% of land area),AG.LND.AGRI.ZS,43.6931908786477
Sri Lanka,LKA,2012,Agricultural land (% of land area),AG.LND.AGRI.ZS,43.6931908786477
Sri Lanka,LKA,2011,Agricultural land (% of land area),AG.LND.AGRI.ZS,43.5337266783607
Sri Lanka,LKA,2010,Agricultural land (% of land area),AG.LND.AGRI.ZS,41.7796204752033
Sri Lanka,LKA,2009,Agricultural land (% of land area),AG.LND.AGRI.ZS,41.6201562749163
Sri Lanka,LKA,2008,Agricultural land (% of land area),AG.LND.AGRI.ZS,41.3809599744857
Sri Lanka,LKA,2007,Agricultural land (% of land area),AG.LND.AGRI.ZS,38.1119438686015
Sri Lanka,LKA,2006,Agricultural land (% of land area),AG.LND.AGRI.ZS,38.9092648700367
Sri Lanka,LKA,2005,Agricultural land (% of land area),AG.LND.AGRI.ZS,40.0255142720459
Sri Lanka,LKA,2004,Agricultural land (% of land area),AG.LND.AGRI.ZS,36.8362302663052
Sri Lanka,LKA,2003,Agricultural land (% of land area),AG.LND.AGRI.ZS,37.7930154680274
Sri Lanka,LKA,2002,Agricultural land (% of land area),AG.LND.AGRI.ZS,37.5697655876256
Sri Lanka,LKA,2001,Agricultural land (% of land area),AG.LND.AGRI.ZS,37.4900334874821
Sri Lanka,LKA,2000,Agricultural land (% of land area),AG.LND.AGRI.ZS,37.4740870674534
Sri Lanka,LKA,1999,Agricultural land (% of land area),AG.LND.AGRI.ZS,37.3943549673098
Sri Lanka,LKA,1998,Agricultural land (% of land area),AG.LND.AGRI.ZS,37.1392122468506
Sri Lanka,LKA,1997,Agricultural land (% of land area),AG.LND.AGRI.ZS,37.1232658268219
Sri Lanka,LKA,1996,Agricultural land (% of land area),AG.LND.AGRI.ZS,37.1073194067932
Sri Lanka,LKA,1995,Agricultural land (% of land area),AG.LND.AGRI.ZS,37.0913729867645
Sri Lanka,LKA,1994,Agricultural land (% of land area),AG.LND.AGRI.ZS,37.0435337266784
Sri Lanka,LKA,1993,Agricultural land (% of land area),AG.LND.AGRI.ZS,36.9956944665922
Sri Lanka,LKA,1992,Agricultural land (% of land area),AG.LND.AGRI.ZS,37.3784085472811
Sri Lanka,LKA,1991,Agricultural land (% of land area),AG.LND.AGRI.ZS,37.3465157072237
Sri Lanka,LKA,1990,Agricultural land (% of land area),AG.LND.AGRI.ZS,37.2986764471376
Sri Lanka,LKA,1989,Agricultural land (% of land area),AG.LND.AGRI.ZS,37.3146228671663
Sri Lanka,LKA,1988,Agricultural land (% of land area),AG.LND.AGRI.ZS,37.2667836070802
Sri Lanka,LKA,1987,Agricultural land (% of land area),AG.LND.AGRI.ZS,37.2189443469941
Sri Lanka,LKA,1986,Agricultural land (% of land area),AG.LND.AGRI.ZS,37.0913729867645
Sri Lanka,LKA,1985,Agricultural land (% of land area),AG.LND.AGRI.ZS,36.9159623664487
Sri Lanka,LKA,1984,Agricultural land (% of land area),AG.LND.AGRI.ZS,36.8521766863339
Sri Lanka,LKA,1983,Agricultural land (% of land area),AG.LND.AGRI.ZS,36.8043374262478
Sri Lanka,LKA,1982,Agricultural land (% of land area),AG.LND.AGRI.ZS,36.6129803859034
Sri Lanka,LKA,1981,Agricultural land (% of land area),AG.LND.AGRI.ZS,37.4581406474247
Sri Lanka,LKA,1980,Agricultural land (% of land area),AG.LND.AGRI.ZS,37.4581406474247
Sri Lanka,LKA,1979,Agricultural land (% of land area),AG.LND.AGRI.ZS,37.6176048477117
Sri Lanka,LKA,1978,Agricultural land (% of land area),AG.LND.AGRI.ZS,39.3717110508691
Sri Lanka,LKA,1977,Agricultural land (% of land area),AG.LND.AGRI.ZS,38.7976399298358
Sri Lanka,LKA,1976,Agricultural land (% of land area),AG.LND.AGRI.ZS,38.2076223887737
Sri Lanka,LKA,1975,Agricultural land (% of land area),AG.LND.AGRI.ZS,37.6176048477117
Sri Lanka,LKA,1974,Agricultural land (% of land area),AG.LND.AGRI.ZS,37.5857120076543
Sri Lanka,LKA,1973,Agricultural land (% of land area),AG.LND.AGRI.ZS,37.4900334874821
Sri Lanka,LKA,1972,Agricultural land (% of land area),AG.LND.AGRI.ZS,37.3943549673098
Sri Lanka,LKA,1971,Agricultural land (% of land area),AG.LND.AGRI.ZS,37.2986764471376
Sri Lanka,LKA,1970,Agricultural land (% of land area),AG.LND.AGRI.ZS,37.2029979269654
Sri Lanka,LKA,1969,Agricultural land (% of land area),AG.LND.AGRI.ZS,37.1232658268219
Sri Lanka,LKA,1968,Agricultural land (% of land area),AG.LND.AGRI.ZS,37.011640886621
Sri Lanka,LKA,1967,Agricultural land (% of land area),AG.LND.AGRI.ZS,35.9591771647265
Sri Lanka,LKA,1966,Agricultural land (% of land area),AG.LND.AGRI.ZS,35.1618561632913
Sri Lanka,LKA,1965,Agricultural land (% of land area),AG.LND.AGRI.ZS,34.3804815818849
Sri Lanka,LKA,1964,Agricultural land (% of land area),AG.LND.AGRI.ZS,33.5353213203636
Sri Lanka,LKA,1963,Agricultural land (% of land area),AG.LND.AGRI.ZS,32.8496252591293
Sri Lanka,LKA,1962,Agricultural land (% of land area),AG.LND.AGRI.ZS,27.220538988997
Sri Lanka,LKA,1961,Agricultural land (% of land area),AG.LND.AGRI.ZS,27.4756817094562
Sri Lanka,LKA,2022,Arable land (% of land area),AG.LND.ARBL.ZS,22.1791141286777
Sri Lanka,LKA,2021,Arable land (% of land area),AG.LND.ARBL.ZS,22.1791141286777
Sri Lanka,LKA,2020,Arable land (% of land area),AG.LND.ARBL.ZS,22.1791141286777
Sri Lanka,LKA,2019,Arable land (% of land area),AG.LND.ARBL.ZS,22.1706061653805
Sri Lanka,LKA,2018,Arable land (% of land area),AG.LND.ARBL.ZS,22.1712142764774
Sri Lanka,LKA,2017,Arable land (% of land area),AG.LND.ARBL.ZS,21.3303604607952
Sri Lanka,LKA,2016,Arable land (% of land area),AG.LND.ARBL.ZS,21.1655599179229
Sri Lanka,LKA,2015,Arable land (% of land area),AG.LND.ARBL.ZS,21.0039907582441
Sri Lanka,LKA,2014,Arable land (% of land area),AG.LND.ARBL.ZS,20.7303460373146
Sri Lanka,LKA,2013,Arable land (% of land area),AG.LND.ARBL.ZS,20.7303460373146
Sri Lanka,LKA,2012,Arable land (% of land area),AG.LND.ARBL.ZS,20.7303460373146
Sri Lanka,LKA,2011,Arable land (% of land area),AG.LND.ARBL.ZS,20.7303460373146
Sri Lanka,LKA,2010,Arable land (% of land area),AG.LND.ARBL.ZS,19.1357040344443
Sri Lanka,LKA,2009,Arable land (% of land area),AG.LND.ARBL.ZS,19.1357040344443
Sri Lanka,LKA,2008,Arable land (% of land area),AG.LND.ARBL.ZS,19.1357040344443
Sri Lanka,LKA,2007,Arable land (% of land area),AG.LND.ARBL.ZS,15.9464200287036
Sri Lanka,LKA,2006,Arable land (% of land area),AG.LND.ARBL.ZS,16.7437410301387
Sri Lanka,LKA,2005,Arable land (% of land area),AG.LND.ARBL.ZS,17.5410620315739
Sri Lanka,LKA,2004,Arable land (% of land area),AG.LND.ARBL.ZS,14.3517780258332
Sri Lanka,LKA,2003,Arable land (% of land area),AG.LND.ARBL.ZS,15.1490990272684
Sri Lanka,LKA,2002,Arable land (% of land area),AG.LND.ARBL.ZS,14.9258491468665
Sri Lanka,LKA,2001,Arable land (% of land area),AG.LND.ARBL.ZS,14.6069207462925
Sri Lanka,LKA,2000,Arable land (% of land area),AG.LND.ARBL.ZS,14.5909743262638
Sri Lanka,LKA,1999,Arable land (% of land area),AG.LND.ARBL.ZS,14.4315101259767
Sri Lanka,LKA,1998,Arable land (% of land area),AG.LND.ARBL.ZS,14.1763674055175
Sri Lanka,LKA,1997,Arable land (% of land area),AG.LND.ARBL.ZS,14.1604209854888
Sri Lanka,LKA,1996,Arable land (% of land area),AG.LND.ARBL.ZS,14.1444745654601
Sri Lanka,LKA,1995,Arable land (% of land area),AG.LND.ARBL.ZS,14.1285281454314
Sri Lanka,LKA,1994,Arable land (% of land area),AG.LND.ARBL.ZS,14.0806888853452
Sri Lanka,LKA,1993,Arable land (% of land area),AG.LND.ARBL.ZS,14.0328496252591
Sri Lanka,LKA,1992,Arable land (% of land area),AG.LND.ARBL.ZS,14.4315101259767
Sri Lanka,LKA,1991,Arable land (% of land area),AG.LND.ARBL.ZS,14.3996172859193
Sri Lanka,LKA,1990,Arable land (% of land area),AG.LND.ARBL.ZS,14.3517780258332
Sri Lanka,LKA,1989,Arable land (% of land area),AG.LND.ARBL.ZS,14.3677244458619
Sri Lanka,LKA,1988,Arable land (% of land area),AG.LND.ARBL.ZS,14.3198851857758
Sri Lanka,LKA,1987,Arable land (% of land area),AG.LND.ARBL.ZS,14.2720459256897
Sri Lanka,LKA,1986,Arable land (% of land area),AG.LND.ARBL.ZS,14.1444745654601
Sri Lanka,LKA,1985,Arable land (% of land area),AG.LND.ARBL.ZS,13.9690639451443
Sri Lanka,LKA,1984,Arable land (% of land area),AG.LND.ARBL.ZS,13.9052782650295
Sri Lanka,LKA,1983,Arable land (% of land area),AG.LND.ARBL.ZS,13.8574390049434
Sri Lanka,LKA,1982,Arable land (% of land area),AG.LND.ARBL.ZS,13.6660819645989
Sri Lanka,LKA,1981,Arable land (% of land area),AG.LND.ARBL.ZS,14.3517780258332
Sri Lanka,LKA,1980,Arable land (% of land area),AG.LND.ARBL.ZS,14.3517780258332
Sri Lanka,LKA,1979,Arable land (% of land area),AG.LND.ARBL.ZS,14.3517780258332
Sri Lanka,LKA,1978,Arable land (% of land area),AG.LND.ARBL.ZS,15.9464200287036
Sri Lanka,LKA,1977,Arable land (% of land area),AG.LND.ARBL.ZS,15.1490990272684
Sri Lanka,LKA,1976,Arable land (% of land area),AG.LND.ARBL.ZS,14.3517780258332
Sri Lanka,LKA,1975,Arable land (% of land area),AG.LND.ARBL.ZS,13.554457024398
Sri Lanka,LKA,1974,Arable land (% of land area),AG.LND.ARBL.ZS,13.2993143039388
Sri Lanka,LKA,1973,Arable land (% of land area),AG.LND.ARBL.ZS,13.2036357837665
Sri Lanka,LKA,1972,Arable land (% of land area),AG.LND.ARBL.ZS,13.1079572635943
Sri Lanka,LKA,1971,Arable land (% of land area),AG.LND.ARBL.ZS,13.0122787434221
Sri Lanka,LKA,1970,Arable land (% of land area),AG.LND.ARBL.ZS,12.9166002232499
Sri Lanka,LKA,1969,Arable land (% of land area),AG.LND.ARBL.ZS,12.8209217030777
Sri Lanka,LKA,1968,Arable land (% of land area),AG.LND.ARBL.ZS,12.7252431829054
Sri Lanka,LKA,1967,Arable land (% of land area),AG.LND.ARBL.ZS,12.6295646627332
Sri Lanka,LKA,1966,Arable land (% of land area),AG.LND.ARBL.ZS,12.6295646627332
Sri Lanka,LKA,1965,Arable land (% of land area),AG.LND.ARBL.ZS,12.6455110827619
Sri Lanka,LKA,1964,Arable land (% of land area),AG.LND.ARBL.ZS,12.5976718226758
Sri Lanka,LKA,1963,Arable land (% of land area),AG.LND.ARBL.ZS,12.6295646627332
Sri Lanka,LKA,1962,Arable land (% of land area),AG.LND.ARBL.ZS,9.20108435656195
Sri Lanka,LKA,1961,Arable land (% of land area),AG.LND.ARBL.ZS,9.48811991707862
Sri Lanka,LKA,2015,Rural land area where elevation is below 5 meters (sq. km),AG.LND.EL5M.RU.K2,1983.33693346
Sri Lanka,LKA,2000,Rural land area where elevation is below 5 meters (sq. km),AG.LND.EL5M.RU.K2,1991.59277244
Sri Lanka,LKA,1990,Rural land area where elevation is below 5 meters (sq. km),AG.LND.EL5M.RU.K2,2012.40496234
Sri Lanka,LKA,2015,Rural land area where elevation is below 5 meters (% of total land area),AG.LND.EL5M.RU.ZS,3.05063226706774
Sri Lanka,LKA,2000,Rural land area where elevation is below 5 meters (% of total land area),AG.LND.EL5M.RU.ZS,3.06333082995924
Sri Lanka,LKA,1990,Rural land area where elevation is below 5 meters (% of total land area),AG.LND.EL5M.RU.ZS,3.09534270700926
Sri Lanka,LKA,2015,Urban land area where elevation is below 5 meters (sq. km),AG.LND.EL5M.UR.K2,276.92862303
Sri Lanka,LKA,2000,Urban land area where elevation is below 5 meters (sq. km),AG.LND.EL5M.UR.K2,268.672784044
Sri Lanka,LKA,1990,Urban land area where elevation is below 5 meters (sq. km),AG.LND.EL5M.UR.K2,247.8605941488
Sri Lanka,LKA,2015,Urban land area where elevation is below 5 meters (% of total land area),AG.LND.EL5M.UR.ZS,0.425952534255569
Sri Lanka,LKA,2000,Urban land area where elevation is below 5 meters (% of total land area),AG.LND.EL5M.UR.ZS,0.41325397135511
Sri Lanka,LKA,1990,Urban land area where elevation is below 5 meters (% of total land area),AG.LND.EL5M.UR.ZS,0.381242094315531
Sri Lanka,LKA,2015,Land area where elevation is below 5 meters (% of total land area),AG.LND.EL5M.ZS,3.47658480132331
Sri Lanka,LKA,2000,Land area where elevation is below 5 meters (% of total land area),AG.LND.EL5M.ZS,3.47658480131435
Sri Lanka,LKA,1990,Land area where elevation is below 5 meters (% of total land area),AG.LND.EL5M.ZS,3.47658480132479
Sri Lanka,LKA,2022,Forest area (sq. km),AG.LND.FRST.K2,21067.0
Sri Lanka,LKA,2021,Forest area (sq. km),AG.LND.FRST.K2,21098.6
Sri Lanka,LKA,2020,Forest area (sq. km),AG.LND.FRST.K2,21130.2
Sri Lanka,LKA,2019,Forest area (sq. km),AG.LND.FRST.K2,21161.8
Sri Lanka,LKA,2018,Forest area (sq. km),AG.LND.FRST.K2,21193.4
Sri Lanka,LKA,2017,Forest area (sq. km),AG.LND.FRST.K2,21225.0
Sri Lanka,LKA,2016,Forest area (sq. km),AG.LND.FRST.K2,21256.6
Sri Lanka,LKA,2015,Forest area (sq. km),AG.LND.FRST.K2,21288.2
Sri Lanka,LKA,2014,Forest area (sq. km),AG.LND.FRST.K2,21237.8
Sri Lanka,LKA,2013,Forest area (sq. km),AG.LND.FRST.K2,21187.4
Sri Lanka,LKA,2012,Forest area (sq. km),AG.LND.FRST.K2,21137.0
Sri Lanka,LKA,2011,Forest area (sq. km),AG.LND.FRST.K2,21086.6
Sri Lanka,LKA,2010,Forest area (sq. km),AG.LND.FRST.K2,21036.2
Sri Lanka,LKA,2009,Forest area (sq. km),AG.LND.FRST.K2,21099.0
Sri Lanka,LKA,2008,Forest area (sq. km),AG.LND.FRST.K2,21161.8
Sri Lanka,LKA,2007,Forest area (sq. km),AG.LND.FRST.K2,21224.6
Sri Lanka,LKA,2006,Forest area (sq. km),AG.LND.FRST.K2,21287.4
Sri Lanka,LKA,2005,Forest area (sq. km),AG.LND.FRST.K2,21350.2
Sri Lanka,LKA,2004,Forest area (sq. km),AG.LND.FRST.K2,21413.0
Sri Lanka,LKA,2003,Forest area (sq. km),AG.LND.FRST.K2,21475.8
Sri Lanka,LKA,2002,Forest area (sq. km),AG.LND.FRST.K2,21538.6
Sri Lanka,LKA,2001,Forest area (sq. km),AG.LND.FRST.K2,21601.4
Sri Lanka,LKA,2000,Forest area (sq. km),AG.LND.FRST.K2,21664.2
Sri Lanka,LKA,1999,Forest area (sq. km),AG.LND.FRST.K2,21848.11
Sri Lanka,LKA,1998,Forest area (sq. km),AG.LND.FRST.K2,22032.02
Sri Lanka,LKA,1997,Forest area (sq. km),AG.LND.FRST.K2,22215.93
Sri Lanka,LKA,1996,Forest area (sq. km),AG.LND.FRST.K2,22399.84
Sri Lanka,LKA,1995,Forest area (sq. km),AG.LND.FRST.K2,22583.75
Sri Lanka,LKA,1994,Forest area (sq. km),AG.LND.FRST.K2,22767.66
Sri Lanka,LKA,1993,Forest area (sq. km),AG.LND.FRST.K2,22951.57
Sri Lanka,LKA,1992,Forest area (sq. km),AG.LND.FRST.K2,23135.48
Sri Lanka,LKA,1991,Forest area (sq. km),AG.LND.FRST.K2,23319.39
Sri Lanka,LKA,1990,Forest area (sq. km),AG.LND.FRST.K2,23503.3
Sri Lanka,LKA,2022,Forest area (% of land area),AG.LND.FRST.ZS,34.0559327513741
Sri Lanka,LKA,2021,Forest area (% of land area),AG.LND.FRST.ZS,34.1070158422244
Sri Lanka,LKA,2020,Forest area (% of land area),AG.LND.FRST.ZS,34.1580989330747
Sri Lanka,LKA,2019,Forest area (% of land area),AG.LND.FRST.ZS,34.2067102490331
Sri Lanka,LKA,2018,Forest area (% of land area),AG.LND.FRST.ZS,34.2580499159447
Sri Lanka,LKA,2017,Forest area (% of land area),AG.LND.FRST.ZS,34.2930541418254
Sri Lanka,LKA,2016,Forest area (% of land area),AG.LND.FRST.ZS,34.3441099962839
Sri Lanka,LKA,2015,Forest area (% of land area),AG.LND.FRST.ZS,34.3951658507424
Sri Lanka,LKA,2014,Forest area (% of land area),AG.LND.FRST.ZS,33.86668792856
Sri Lanka,LKA,2013,Forest area (% of land area),AG.LND.FRST.ZS,33.7863179716154
Sri Lanka,LKA,2012,Forest area (% of land area),AG.LND.FRST.ZS,33.7059480146707
Sri Lanka,LKA,2011,Forest area (% of land area),AG.LND.FRST.ZS,33.625578057726
Sri Lanka,LKA,2010,Forest area (% of land area),AG.LND.FRST.ZS,33.5452081007814
Sri Lanka,LKA,2009,Forest area (% of land area),AG.LND.FRST.ZS,33.6453516185616
Sri Lanka,LKA,2008,Forest area (% of land area),AG.LND.FRST.ZS,33.7454951363419
Sri Lanka,LKA,2007,Forest area (% of land area),AG.LND.FRST.ZS,33.8456386541221
Sri Lanka,LKA,2006,Forest area (% of land area),AG.LND.FRST.ZS,33.9457821719024
Sri Lanka,LKA,2005,Forest area (% of land area),AG.LND.FRST.ZS,34.0459256896827
Sri Lanka,LKA,2004,Forest area (% of land area),AG.LND.FRST.ZS,34.1460692074629
Sri Lanka,LKA,2003,Forest area (% of land area),AG.LND.FRST.ZS,34.2462127252432
Sri Lanka,LKA,2002,Forest area (% of land area),AG.LND.FRST.ZS,34.3463562430234
Sri Lanka,LKA,2001,Forest area (% of land area),AG.LND.FRST.ZS,34.4464997608037
Sri Lanka,LKA,2000,Forest area (% of land area),AG.LND.FRST.ZS,34.546643278584
Sri Lanka,LKA,1999,Forest area (% of land area),AG.LND.FRST.ZS,34.8399138893318
Sri Lanka,LKA,1998,Forest area (% of land area),AG.LND.FRST.ZS,35.1331845000797
Sri Lanka,LKA,1997,Forest area (% of land area),AG.LND.FRST.ZS,35.4264551108276
Sri Lanka,LKA,1996,Forest area (% of land area),AG.LND.FRST.ZS,35.7197257215755
Sri Lanka,LKA,1995,Forest area (% of land area),AG.LND.FRST.ZS,36.0129963323234
Sri Lanka,LKA,1994,Forest area (% of land area),AG.LND.FRST.ZS,36.3062669430713
Sri Lanka,LKA,1993,Forest area (% of land area),AG.LND.FRST.ZS,36.5995375538192
Sri Lanka,LKA,1992,Forest area (% of land area),AG.LND.FRST.ZS,36.8928081645671
Sri Lanka,LKA,1991,Forest area (% of land area),AG.LND.FRST.ZS,37.1860787753149
Sri Lanka,LKA,1990,Forest area (% of land area),AG.LND.FRST.ZS,37.4793493860628
Sri Lanka,LKA,2021,Average precipitation in depth (mm per year),AG.LND.PRCP.MM,1712.0
Sri Lanka,LKA,2020,Average precipitation in depth (mm per year),AG.LND.PRCP.MM,1712.0
Sri Lanka,LKA,2019,Average precipitation in depth (mm per year),AG.LND.PRCP.MM,1712.0
Sri Lanka,LKA,2018,Average precipitation in depth (mm per year),AG.LND.PRCP.MM,1712.0
Sri Lanka,LKA,2017,Average precipitation in depth (mm per year),AG.LND.PRCP.MM,1712.0
Sri Lanka,LKA,2016,Average precipitation in depth (mm per year),AG.LND.PRCP.MM,1712.0
Sri Lanka,LKA,2015,Average precipitation in depth (mm per year),AG.LND.PRCP.MM,1712.0
Sri Lanka,LKA,2014,Average precipitation in depth (mm per year),AG.LND.PRCP.MM,1712.0
Sri Lanka,LKA,2013,Average precipitation in depth (mm per year),AG.LND.PRCP.MM,1712.0
Sri Lanka,LKA,2012,Average precipitation in depth (mm per year),AG.LND.PRCP.MM,1712.0
Sri Lanka,LKA,2011,Average precipitation in depth (mm per year),AG.LND.PRCP.MM,1712.0
Sri Lanka,LKA,2010,Average precipitation in depth (mm per year),AG.LND.PRCP.MM,1712.0
Sri Lanka,LKA,2009,Average precipitation in depth (mm per year),AG.LND.PRCP.MM,1712.0
Sri Lanka,LKA,2008,Average precipitation in depth (mm per year),AG.LND.PRCP.MM,1712.0
Sri Lanka,LKA,2007,Average precipitation in depth (mm per year),AG.LND.PRCP.MM,1712.0
Sri Lanka,LKA,2006,Average precipitation in depth (mm per year),AG.LND.PRCP.MM,1712.0
Sri Lanka,LKA,2005,Average precipitation in depth (mm per year),AG.LND.PRCP.MM,1712.0
Sri Lanka,LKA,2004,Average precipitation in depth (mm per year),AG.LND.PRCP.MM,1712.0
Sri Lanka,LKA,2003,Average precipitation in depth (mm per year),AG.LND.PRCP.MM,1712.0
Sri Lanka,LKA,2002,Average precipitation in depth (mm per year),AG.LND.PRCP.MM,1712.0
Sri Lanka,LKA,2001,Average precipitation in depth (mm per year),AG.LND.PRCP.MM,1712.0
Sri Lanka,LKA,2000,Average precipitation in depth (mm per year),AG.LND.PRCP.MM,1712.0
Sri Lanka,LKA,1999,Average precipitation in depth (mm per year),AG.LND.PRCP.MM,1712.0
Sri Lanka,LKA,1998,Average precipitation in depth (mm per year),AG.LND.PRCP.MM,1712.0
Sri Lanka,LKA,1997,Average precipitation in depth (mm per year),AG.LND.PRCP.MM,1712.0
Sri Lanka,LKA,1996,Average precipitation in depth (mm per year),AG.LND.PRCP.MM,1712.0
Sri Lanka,LKA,1995,Average precipitation in depth (mm per year),AG.LND.PRCP.MM,1712.0
Sri Lanka,LKA,1994,Average precipitation in depth (mm per year),AG.LND.PRCP.MM,1712.0
Sri Lanka,LKA,1993,Average precipitation in depth (mm per year),AG.LND.PRCP.MM,1712.0
Sri Lanka,LKA,1992,Average precipitation in depth (mm per year),AG.LND.PRCP.MM,1712.0
Sri Lanka,LKA,1991,Average precipitation in depth (mm per year),AG.LND.PRCP.MM,1712.0
Sri Lanka,LKA,1990,Average precipitation in depth (mm per year),AG.LND.PRCP.MM,1712.0
Sri Lanka,LKA,1989,Average precipitation in depth (mm per year),AG.LND.PRCP.MM,1712.0
Sri Lanka,LKA,1988,Average precipitation in depth (mm per year),AG.LND.PRCP.MM,1712.0
Sri Lanka,LKA,1987,Average precipitation in depth (mm per year),AG.LND.PRCP.MM,1712.0
Sri Lanka,LKA,1986,Average precipitation in depth (mm per year),AG.LND.PRCP.MM,1712.0
Sri Lanka,LKA,1985,Average precipitation in depth (mm per year),AG.LND.PRCP.MM,1712.0
Sri Lanka,LKA,1984,Average precipitation in depth (mm per year),AG.LND.PRCP.MM,1712.0
Sri Lanka,LKA,1983,Average precipitation in depth (mm per year),AG.LND.PRCP.MM,1712.0
Sri Lanka,LKA,1982,Average precipitation in depth (mm per year),AG.LND.PRCP.MM,1712.0
Sri Lanka,LKA,1981,Average precipitation in depth (mm per year),AG.LND.PRCP.MM,1712.0
Sri Lanka,LKA,1980,Average precipitation in depth (mm per year),AG.LND.PRCP.MM,1712.0
Sri Lanka,LKA,1979,Average precipitation in depth (mm per year),AG.LND.PRCP.MM,1712.0
Sri Lanka,LKA,1978,Average precipitation in depth (mm per year),AG.LND.PRCP.MM,1712.0
Sri Lanka,LKA,1977,Average precipitation in depth (mm per year),AG.LND.PRCP.MM,1712.0
Sri Lanka,LKA,1976,Average precipitation in depth (mm per year),AG.LND.PRCP.MM,1712.0
Sri Lanka,LKA,1975,Average precipitation in depth (mm per year),AG.LND.PRCP.MM,1712.0
Sri Lanka,LKA,1974,Average precipitation in depth (mm per year),AG.LND.PRCP.MM,1712.0
Sri Lanka,LKA,1973,Average precipitation in depth (mm per year),AG.LND.PRCP.MM,1712.0
Sri Lanka,LKA,1972,Average precipitation in depth (mm per year),AG.LND.PRCP.MM,1712.0
Sri Lanka,LKA,1971,Average precipitation in depth (mm per year),AG.LND.PRCP.MM,1712.0
Sri Lanka,LKA,1970,Average precipitation in depth (mm per year),AG.LND.PRCP.MM,1712.0
Sri Lanka,LKA,1969,Average precipitation in depth (mm per year),AG.LND.PRCP.MM,1712.0
Sri Lanka,LKA,1968,Average precipitation in depth (mm per year),AG.LND.PRCP.MM,1712.0
Sri Lanka,LKA,1967,Average precipitation in depth (mm per year),AG.LND.PRCP.MM,1712.0
Sri Lanka,LKA,1966,Average precipitation in depth (mm per year),AG.LND.PRCP.MM,1712.0
Sri Lanka,LKA,1965,Average precipitation in depth (mm per year),AG.LND.PRCP.MM,1712.0
Sri Lanka,LKA,1964,Average precipitation in depth (mm per year),AG.LND.PRCP.MM,1712.0
Sri Lanka,LKA,1963,Average precipitation in depth (mm per year),AG.LND.PRCP.MM,1712.0
Sri Lanka,LKA,1962,Average precipitation in depth (mm per year),AG.LND.PRCP.MM,1712.0
Sri Lanka,LKA,1961,Average precipitation in depth (mm per year),AG.LND.PRCP.MM,1712.0
Sri Lanka,LKA,2022,Land area (sq. km),AG.LND.TOTL.K2,61860.0
Sri Lanka,LKA,2021,Land area (sq. km),AG.LND.TOTL.K2,61860.0
Sri Lanka,LKA,2020,Land area (sq. km),AG.LND.TOTL.K2,61860.0
Sri Lanka,LKA,2019,Land area (sq. km),AG.LND.TOTL.K2,61864.47
Sri Lanka,LKA,2018,Land area (sq. km),AG.LND.TOTL.K2,61864.0
Sri Lanka,LKA,2017,Land area (sq. km),AG.LND.TOTL.K2,61893.0
Sri Lanka,LKA,2016,Land area (sq. km),AG.LND.TOTL.K2,61893.0
Sri Lanka,LKA,2015,Land area (sq. km),AG.LND.TOTL.K2,61893.0
Sri Lanka,LKA,2014,Land area (sq. km),AG.LND.TOTL.K2,62710.0
Sri Lanka,LKA,2013,Land area (sq. km),AG.LND.TOTL.K2,62710.0
Sri Lanka,LKA,2012,Land area (sq. km),AG.LND.TOTL.K2,62710.0
Sri Lanka,LKA,2011,Land area (sq. km),AG.LND.TOTL.K2,62710.0
Sri Lanka,LKA,2010,Land area (sq. km),AG.LND.TOTL.K2,62710.0
Sri Lanka,LKA,2009,Land area (sq. km),AG.LND.TOTL.K2,62710.0
Sri Lanka,LKA,2008,Land area (sq. km),AG.LND.TOTL.K2,62710.0
Sri Lanka,LKA,2007,Land area (sq. km),AG.LND.TOTL.K2,62710.0
Sri Lanka,LKA,2006,Land area (sq. km),AG.LND.TOTL.K2,62710.0
Sri Lanka,LKA,2005,Land area (sq. km),AG.LND.TOTL.K2,62710.0
Sri Lanka,LKA,2004,Land area (sq. km),AG.LND.TOTL.K2,62710.0
Sri Lanka,LKA,2003,Land area (sq. km),AG.LND.TOTL.K2,62710.0
Sri Lanka,LKA,2002,Land area (sq. km),AG.LND.TOTL.K2,62710.0
Sri Lanka,LKA,2001,Land area (sq. km),AG.LND.TOTL.K2,62710.0
Sri Lanka,LKA,2000,Land area (sq. km),AG.LND.TOTL.K2,62710.0
Sri Lanka,LKA,1999,Land area (sq. km),AG.LND.TOTL.K2,62710.0
Sri Lanka,LKA,1998,Land area (sq. km),AG.LND.TOTL.K2,62710.0
Sri Lanka,LKA,1997,Land area (sq. km),AG.LND.TOTL.K2,62710.0
Sri Lanka,LKA,1996,Land area (sq. km),AG.LND.TOTL.K2,62710.0
Sri Lanka,LKA,1995,Land area (sq. km),AG.LND.TOTL.K2,62710.0
Sri Lanka,LKA,1994,Land area (sq. km),AG.LND.TOTL.K2,62710.0
Sri Lanka,LKA,1993,Land area (sq. km),AG.LND.TOTL.K2,62710.0
Sri Lanka,LKA,1992,Land area (sq. km),AG.LND.TOTL.K2,62710.0
Sri Lanka,LKA,1991,Land area (sq. km),AG.LND.TOTL.K2,62710.0
Sri Lanka,LKA,1990,Land area (sq. km),AG.LND.TOTL.K2,62710.0
Sri Lanka,LKA,1989,Land area (sq. km),AG.LND.TOTL.K2,62710.0
Sri Lanka,LKA,1988,Land area (sq. km),AG.LND.TOTL.K2,62710.0
Sri Lanka,LKA,1987,Land area (sq. km),AG.LND.TOTL.K2,62710.0
Sri Lanka,LKA,1986,Land area (sq. km),AG.LND.TOTL.K2,62710.0
Sri Lanka,LKA,1985,Land area (sq. km),AG.LND.TOTL.K2,62710.0
Sri Lanka,LKA,1984,Land area (sq. km),AG.LND.TOTL.K2,62710.0
Sri Lanka,LKA,1983,Land area (sq. km),AG.LND.TOTL.K2,62710.0
Sri Lanka,LKA,1982,Land area (sq. km),AG.LND.TOTL.K2,62710.0
Sri Lanka,LKA,1981,Land area (sq. km),AG.LND.TOTL.K2,62710.0
Sri Lanka,LKA,1980,Land area (sq. km),AG.LND.TOTL.K2,62710.0
Sri Lanka,LKA,1979,Land area (sq. km),AG.LND.TOTL.K2,62710.0
Sri Lanka,LKA,1978,Land area (sq. km),AG.LND.TOTL.K2,62710.0
Sri Lanka,LKA,1977,Land area (sq. km),AG.LND.TOTL.K2,62710.0
Sri Lanka,LKA,1976,Land area (sq. km),AG.LND.TOTL.K2,62710.0
Sri Lanka,LKA,1975,Land area (sq. km),AG.LND.TOTL.K2,62710.0
Sri Lanka,LKA,1974,Land area (sq. km),AG.LND.TOTL.K2,62710.0
Sri Lanka,LKA,1973,Land area (sq. km),AG.LND.TOTL.K2,62710.0
Sri Lanka,LKA,1972,Land area (sq. km),AG.LND.TOTL.K2,62710.0
Sri Lanka,LKA,1971,Land area (sq. km),AG.LND.TOTL.K2,62710.0
Sri Lanka,LKA,1970,Land area (sq. km),AG.LND.TOTL.K2,62710.0
Sri Lanka,LKA,1969,Land area (sq. km),AG.LND.TOTL.K2,62710.0
Sri Lanka,LKA,1968,Land area (sq. km),AG.LND.TOTL.K2,62710.0
Sri Lanka,LKA,1967,Land area (sq. km),AG.LND.TOTL.K2,62710.0
Sri Lanka,LKA,1966,Land area (sq. km),AG.LND.TOTL.K2,62710.0
Sri Lanka,LKA,1965,Land area (sq. km),AG.LND.TOTL.K2,62710.0
Sri Lanka,LKA,1964,Land area (sq. km),AG.LND.TOTL.K2,62710.0
Sri Lanka,LKA,1963,Land area (sq. km),AG.LND.TOTL.K2,62710.0
Sri Lanka,LKA,1962,Land area (sq. km),AG.LND.TOTL.K2,62710.0
Sri Lanka,LKA,1961,Land area (sq. km),AG.LND.TOTL.K2,62710.0
Sri Lanka,LKA,2015,Rural land area (sq. km),AG.LND.TOTL.RU.K2,61386.13250186
Sri Lanka,LKA,2000,Rural land area (sq. km),AG.LND.TOTL.RU.K2,61978.82791571
Sri Lanka,LKA,1990,Rural land area (sq. km),AG.LND.TOTL.RU.K2,62496.37847418
Sri Lanka,LKA,2015,Urban land area (sq. km),AG.LND.TOTL.UR.K2,3627.830500845
Sri Lanka,LKA,2000,Urban land area (sq. km),AG.LND.TOTL.UR.K2,3035.13508699
Sri Lanka,LKA,1990,Urban land area (sq. km),AG.LND.TOTL.UR.K2,2517.5845284628
Sri Lanka,LKA,2022,Surface area (sq. km),AG.SRF.TOTL.K2,65610.0
Sri Lanka,LKA,2021,Surface area (sq. km),AG.SRF.TOTL.K2,65610.0
Sri Lanka,LKA,2020,Surface area (sq. km),AG.SRF.TOTL.K2,65610.0
Sri Lanka,LKA,2019,Surface area (sq. km),AG.SRF.TOTL.K2,65610.0
Sri Lanka,LKA,2018,Surface area (sq. km),AG.SRF.TOTL.K2,65610.0
Sri Lanka,LKA,2017,Surface area (sq. km),AG.SRF.TOTL.K2,65610.0
Sri Lanka,LKA,2016,Surface area (sq. km),AG.SRF.TOTL.K2,65610.0
Sri Lanka,LKA,2015,Surface area (sq. km),AG.SRF.TOTL.K2,65610.0
Sri Lanka,LKA,2014,Surface area (sq. km),AG.SRF.TOTL.K2,65610.0
Sri Lanka,LKA,2013,Surface area (sq. km),AG.SRF.TOTL.K2,65610.0
Sri Lanka,LKA,2012,Surface area (sq. km),AG.SRF.TOTL.K2,65610.0
Sri Lanka,LKA,2011,Surface area (sq. km),AG.SRF.TOTL.K2,65610.0
Sri Lanka,LKA,2010,Surface area (sq. km),AG.SRF.TOTL.K2,65610.0
Sri Lanka,LKA,2009,Surface area (sq. km),AG.SRF.TOTL.K2,65610.0
Sri Lanka,LKA,2008,Surface area (sq. km),AG.SRF.TOTL.K2,65610.0
Sri Lanka,LKA,2007,Surface area (sq. km),AG.SRF.TOTL.K2,65610.0
Sri Lanka,LKA,2006,Surface area (sq. km),AG.SRF.TOTL.K2,65610.0
Sri Lanka,LKA,2005,Surface area (sq. km),AG.SRF.TOTL.K2,65610.0
Sri Lanka,LKA,2004,Surface area (sq. km),AG.SRF.TOTL.K2,65610.0
Sri Lanka,LKA,2003,Surface area (sq. km),AG.SRF.TOTL.K2,65610.0
Sri Lanka,LKA,2002,Surface area (sq. km),AG.SRF.TOTL.K2,65610.0
Sri Lanka,LKA,2001,Surface area (sq. km),AG.SRF.TOTL.K2,65610.0
Sri Lanka,LKA,2000,Surface area (sq. km),AG.SRF.TOTL.K2,65610.0
Sri Lanka,LKA,1999,Surface area (sq. km),AG.SRF.TOTL.K2,65610.0
Sri Lanka,LKA,1998,Surface area (sq. km),AG.SRF.TOTL.K2,65610.0
Sri Lanka,LKA,1997,Surface area (sq. km),AG.SRF.TOTL.K2,65610.0
Sri Lanka,LKA,1996,Surface area (sq. km),AG.SRF.TOTL.K2,65610.0
Sri Lanka,LKA,1995,Surface area (sq. km),AG.SRF.TOTL.K2,65610.0
Sri Lanka,LKA,1994,Surface area (sq. km),AG.SRF.TOTL.K2,65610.0
Sri Lanka,LKA,1993,Surface area (sq. km),AG.SRF.TOTL.K2,65610.0
Sri Lanka,LKA,1992,Surface area (sq. km),AG.SRF.TOTL.K2,65610.0
Sri Lanka,LKA,1991,Surface area (sq. km),AG.SRF.TOTL.K2,65610.0
Sri Lanka,LKA,1990,Surface area (sq. km),AG.SRF.TOTL.K2,65610.0
Sri Lanka,LKA,1989,Surface area (sq. km),AG.SRF.TOTL.K2,65610.0
Sri Lanka,LKA,1988,Surface area (sq. km),AG.SRF.TOTL.K2,65610.0
Sri Lanka,LKA,1987,Surface area (sq. km),AG.SRF.TOTL.K2,65610.0
Sri Lanka,LKA,1986,Surface area (sq. km),AG.SRF.TOTL.K2,65610.0
Sri Lanka,LKA,1985,Surface area (sq. km),AG.SRF.TOTL.K2,65610.0
Sri Lanka,LKA,1984,Surface area (sq. km),AG.SRF.TOTL.K2,65610.0
Sri Lanka,LKA,1983,Surface area (sq. km),AG.SRF.TOTL.K2,65610.0
Sri Lanka,LKA,1982,Surface area (sq. km),AG.SRF.TOTL.K2,65610.0
Sri Lanka,LKA,1981,Surface area (sq. km),AG.SRF.TOTL.K2,65610.0
Sri Lanka,LKA,1980,Surface area (sq. km),AG.SRF.TOTL.K2,65610.0
Sri Lanka,LKA,1979,Surface area (sq. km),AG.SRF.TOTL.K2,65610.0
Sri Lanka,LKA,1978,Surface area (sq. km),AG.SRF.TOTL.K2,65610.0
Sri Lanka,LKA,1977,Surface area (sq. km),AG.SRF.TOTL.K2,65610.0
Sri Lanka,LKA,1976,Surface area (sq. km),AG.SRF.TOTL.K2,65610.0
Sri Lanka,LKA,1975,Surface area (sq. km),AG.SRF.TOTL.K2,65610.0
Sri Lanka,LKA,1974,Surface area (sq. km),AG.SRF.TOTL.K2,65610.0
Sri Lanka,LKA,1973,Surface area (sq. km),AG.SRF.TOTL.K2,65610.0
Sri Lanka,LKA,1972,Surface area (sq. km),AG.SRF.TOTL.K2,65610.0
Sri Lanka,LKA,1971,Surface area (sq. km),AG.SRF.TOTL.K2,65610.0
Sri Lanka,LKA,1970,Surface area (sq. km),AG.SRF.TOTL.K2,65610.0
Sri Lanka,LKA,1969,Surface area (sq. km),AG.SRF.TOTL.K2,65610.0
Sri Lanka,LKA,1968,Surface area (sq. km),AG.SRF.TOTL.K2,65610.0
Sri Lanka,LKA,1967,Surface area (sq. km),AG.SRF.TOTL.K2,65610.0
Sri Lanka,LKA,1966,Surface area (sq. km),AG.SRF.TOTL.K2,65610.0
Sri Lanka,LKA,1965,Surface area (sq. km),AG.SRF.TOTL.K2,65610.0
Sri Lanka,LKA,1964,Surface area (sq. km),AG.SRF.TOTL.K2,65610.0
Sri Lanka,LKA,1963,Surface area (sq. km),AG.SRF.TOTL.K2,65610.0
Sri Lanka,LKA,1962,Surface area (sq. km),AG.SRF.TOTL.K2,65610.0
Sri Lanka,LKA,1961,Surface area (sq. km),AG.SRF.TOTL.K2,65610.0
Sri Lanka,LKA,2022,"Access to clean fuels and technologies for cooking, rural (% of rural population)",EG.CFT.ACCS.RU.ZS,26.5
Sri Lanka,LKA,2021,"Access to clean fuels and technologies for cooking, rural (% of rural population)",EG.CFT.ACCS.RU.ZS,25.3
Sri Lanka,LKA,2020,"Access to clean fuels and technologies for cooking, rural (% of rural population)",EG.CFT.ACCS.RU.ZS,23.9
Sri Lanka,LKA,2019,"Access to clean fuels and technologies for cooking, rural (% of rural population)",EG.CFT.ACCS.RU.ZS,22.6
Sri Lanka,LKA,2018,"Access to clean fuels and technologies for cooking, rural (% of rural population)",EG.CFT.ACCS.RU.ZS,20.9
Sri Lanka,LKA,2017,"Access to clean fuels and technologies for cooking, rural (% of rural population)",EG.CFT.ACCS.RU.ZS,20.1
Sri Lanka,LKA,2016,"Access to clean fuels and technologies for cooking, rural (% of rural population)",EG.CFT.ACCS.RU.ZS,18.8
Sri Lanka,LKA,2015,"Access to clean fuels and technologies for cooking, rural (% of rural population)",EG.CFT.ACCS.RU.ZS,17.9
Sri Lanka,LKA,2014,"Access to clean fuels and technologies for cooking, rural (% of rural population)",EG.CFT.ACCS.RU.ZS,16.9
Sri Lanka,LKA,2013,"Access to clean fuels and technologies for cooking, rural (% of rural population)",EG.CFT.ACCS.RU.ZS,16.5
Sri Lanka,LKA,2012,"Access to clean fuels and technologies for cooking, rural (% of rural population)",EG.CFT.ACCS.RU.ZS,15.7
Sri Lanka,LKA,2011,"Access to clean fuels and technologies for cooking, rural (% of rural population)",EG.CFT.ACCS.RU.ZS,15.3
Sri Lanka,LKA,2010,"Access to clean fuels and technologies for cooking, rural (% of rural population)",EG.CFT.ACCS.RU.ZS,14.5
Sri Lanka,LKA,2009,"Access to clean fuels and technologies for cooking, rural (% of rural population)",EG.CFT.ACCS.RU.ZS,14.1
Sri Lanka,LKA,2008,"Access to clean fuels and technologies for cooking, rural (% of rural population)",EG.CFT.ACCS.RU.ZS,13.6
Sri Lanka,LKA,2007,"Access to clean fuels and technologies for cooking, rural (% of rural population)",EG.CFT.ACCS.RU.ZS,13.2
Sri Lanka,LKA,2006,"Access to clean fuels and technologies for cooking, rural (% of rural population)",EG.CFT.ACCS.RU.ZS,12.9
Sri Lanka,LKA,2005,"Access to clean fuels and technologies for cooking, rural (% of rural population)",EG.CFT.ACCS.RU.ZS,12.3
Sri Lanka,LKA,2004,"Access to clean fuels and technologies for cooking, rural (% of rural population)",EG.CFT.ACCS.RU.ZS,12.1
Sri Lanka,LKA,2003,"Access to clean fuels and technologies for cooking, rural (% of rural population)",EG.CFT.ACCS.RU.ZS,11.5
Sri Lanka,LKA,2002,"Access to clean fuels and technologies for cooking, rural (% of rural population)",EG.CFT.ACCS.RU.ZS,11.0
Sri Lanka,LKA,2001,"Access to clean fuels and technologies for cooking, rural (% of rural population)",EG.CFT.ACCS.RU.ZS,10.5
Sri Lanka,LKA,2000,"Access to clean fuels and technologies for cooking, rural (% of rural population)",EG.CFT.ACCS.RU.ZS,10.0
Sri Lanka,LKA,2022,"Access to clean fuels and technologies for cooking, urban (% of urban population)",EG.CFT.ACCS.UR.ZS,73.0
Sri Lanka,LKA,2021,"Access to clean fuels and technologies for cooking, urban (% of urban population)",EG.CFT.ACCS.UR.ZS,71.8
Sri Lanka,LKA,2020,"Access to clean fuels and technologies for cooking, urban (% of urban population)",EG.CFT.ACCS.UR.ZS,70.6
Sri Lanka,LKA,2019,"Access to clean fuels and technologies for cooking, urban (% of urban population)",EG.CFT.ACCS.UR.ZS,69.5
Sri Lanka,LKA,2018,"Access to clean fuels and technologies for cooking, urban (% of urban population)",EG.CFT.ACCS.UR.ZS,68.4
Sri Lanka,LKA,2017,"Access to clean fuels and technologies for cooking, urban (% of urban population)",EG.CFT.ACCS.UR.ZS,67.2
Sri Lanka,LKA,2016,"Access to clean fuels and technologies for cooking, urban (% of urban population)",EG.CFT.ACCS.UR.ZS,65.4
Sri Lanka,LKA,2015,"Access to clean fuels and technologies for cooking, urban (% of urban population)",EG.CFT.ACCS.UR.ZS,64.1
Sri Lanka,LKA,2014,"Access to clean fuels and technologies for cooking, urban (% of urban population)",EG.CFT.ACCS.UR.ZS,62.8
Sri Lanka,LKA,2013,"Access to clean fuels and technologies for cooking, urban (% of urban population)",EG.CFT.ACCS.UR.ZS,61.4
Sri Lanka,LKA,2012,"Access to clean fuels and technologies for cooking, urban (% of urban population)",EG.CFT.ACCS.UR.ZS,60.1
Sri Lanka,LKA,2011,"Access to clean fuels and technologies for cooking, urban (% of urban population)",EG.CFT.ACCS.UR.ZS,58.7
Sri Lanka,LKA,2010,"Access to clean fuels and technologies for cooking, urban (% of urban population)",EG.CFT.ACCS.UR.ZS,57.6
Sri Lanka,LKA,2009,"Access to clean fuels and technologies for cooking, urban (% of urban population)",EG.CFT.ACCS.UR.ZS,56.5
Sri Lanka,LKA,2008,"Access to clean fuels and technologies for cooking, urban (% of urban population)",EG.CFT.ACCS.UR.ZS,55.5
Sri Lanka,LKA,2007,"Access to clean fuels and technologies for cooking, urban (% of urban population)",EG.CFT.ACCS.UR.ZS,54.8
Sri Lanka,LKA,2006,"Access to clean fuels and technologies for cooking, urban (% of urban population)",EG.CFT.ACCS.UR.ZS,54.3
Sri Lanka,LKA,2005,"Access to clean fuels and technologies for cooking, urban (% of urban population)",EG.CFT.ACCS.UR.ZS,53.5
Sri Lanka,LKA,2004,"Access to clean fuels and technologies for cooking, urban (% of urban population)",EG.CFT.ACCS.UR.ZS,53.25
Sri Lanka,LKA,2003,"Access to clean fuels and technologies for cooking, urban (% of urban population)",EG.CFT.ACCS.UR.ZS,53.1
Sri Lanka,LKA,2002,"Access to clean fuels and technologies for cooking, urban (% of urban population)",EG.CFT.ACCS.UR.ZS,52.9
Sri Lanka,LKA,2001,"Access to clean fuels and technologies for cooking, urban (% of urban population)",EG.CFT.ACCS.UR.ZS,52.3
Sri Lanka,LKA,2000,"Access to clean fuels and technologies for cooking, urban (% of urban population)",EG.CFT.ACCS.UR.ZS,52.2
Sri Lanka,LKA,2022,Access to clean fuels and technologies for cooking (% of population),EG.CFT.ACCS.ZS,35.5
Sri Lanka,LKA,2021,Access to clean fuels and technologies for cooking (% of population),EG.CFT.ACCS.ZS,34.1
Sri Lanka,LKA,2020,Access to clean fuels and technologies for cooking (% of population),EG.CFT.ACCS.ZS,32.6
Sri Lanka,LKA,2019,Access to clean fuels and technologies for cooking (% of population),EG.CFT.ACCS.ZS,31.1
Sri Lanka,LKA,2018,Access to clean fuels and technologies for cooking (% of population),EG.CFT.ACCS.ZS,29.9
Sri Lanka,LKA,2017,Access to clean fuels and technologies for cooking (% of population),EG.CFT.ACCS.ZS,28.7
Sri Lanka,LKA,2016,Access to clean fuels and technologies for cooking (% of population),EG.CFT.ACCS.ZS,27.3
Sri Lanka,LKA,2015,Access to clean fuels and technologies for cooking (% of population),EG.CFT.ACCS.ZS,26.0
Sri Lanka,LKA,2014,Access to clean fuels and technologies for cooking (% of population),EG.CFT.ACCS.ZS,24.9
Sri Lanka,LKA,2013,Access to clean fuels and technologies for cooking (% of population),EG.CFT.ACCS.ZS,24.0
Sri Lanka,LKA,2012,Access to clean fuels and technologies for cooking (% of population),EG.CFT.ACCS.ZS,23.3
Sri Lanka,LKA,2011,Access to clean fuels and technologies for cooking (% of population),EG.CFT.ACCS.ZS,22.7
Sri Lanka,LKA,2010,Access to clean fuels and technologies for cooking (% of population),EG.CFT.ACCS.ZS,21.8
Sri Lanka,LKA,2009,Access to clean fuels and technologies for cooking (% of population),EG.CFT.ACCS.ZS,21.3
Sri Lanka,LKA,2008,Access to clean fuels and technologies for cooking (% of population),EG.CFT.ACCS.ZS,20.6
Sri Lanka,LKA,2007,Access to clean fuels and technologies for cooking (% of population),EG.CFT.ACCS.ZS,20.4
Sri Lanka,LKA,2006,Access to clean fuels and technologies for cooking (% of population),EG.CFT.ACCS.ZS,19.7
Sri Lanka,LKA,2005,Access to clean fuels and technologies for cooking (% of population),EG.CFT.ACCS.ZS,19.2
Sri Lanka,LKA,2004,Access to clean fuels and technologies for cooking (% of population),EG.CFT.ACCS.ZS,18.6
Sri Lanka,LKA,2003,Access to clean fuels and technologies for cooking (% of population),EG.CFT.ACCS.ZS,18.2
Sri Lanka,LKA,2002,Access to clean fuels and technologies for cooking (% of population),EG.CFT.ACCS.ZS,17.7
Sri Lanka,LKA,2001,Access to clean fuels and technologies for cooking (% of population),EG.CFT.ACCS.ZS,17.3
Sri Lanka,LKA,2000,Access to clean fuels and technologies for cooking (% of population),EG.CFT.ACCS.ZS,16.7
Sri Lanka,LKA,2021,Energy intensity level of primary energy (MJ/$2017 PPP GDP),EG.EGY.PRIM.PP.KD,1.67
Sri Lanka,LKA,2020,Energy intensity level of primary energy (MJ/$2017 PPP GDP),EG.EGY.PRIM.PP.KD,1.66
Sri Lanka,LKA,2019,Energy intensity level of primary energy (MJ/$2017 PPP GDP),EG.EGY.PRIM.PP.KD,1.61
Sri Lanka,LKA,2018,Energy intensity level of primary energy (MJ/$2017 PPP GDP),EG.EGY.PRIM.PP.KD,1.55
Sri Lanka,LKA,2017,Energy intensity level of primary energy (MJ/$2017 PPP GDP),EG.EGY.PRIM.PP.KD,1.59
Sri Lanka,LKA,2016,Energy intensity level of primary energy (MJ/$2017 PPP GDP),EG.EGY.PRIM.PP.KD,1.76
Sri Lanka,LKA,2015,Energy intensity level of primary energy (MJ/$2017 PPP GDP),EG.EGY.PRIM.PP.KD,1.69
Sri Lanka,LKA,2014,Energy intensity level of primary energy (MJ/$2017 PPP GDP),EG.EGY.PRIM.PP.KD,1.69
Sri Lanka,LKA,2013,Energy intensity level of primary energy (MJ/$2017 PPP GDP),EG.EGY.PRIM.PP.KD,1.67
Sri Lanka,LKA,2012,Energy intensity level of primary energy (MJ/$2017 PPP GDP),EG.EGY.PRIM.PP.KD,1.89
Sri Lanka,LKA,2011,Energy intensity level of primary energy (MJ/$2017 PPP GDP),EG.EGY.PRIM.PP.KD,2.0
Sri Lanka,LKA,2010,Energy intensity level of primary energy (MJ/$2017 PPP GDP),EG.EGY.PRIM.PP.KD,2.14
Sri Lanka,LKA,2009,Energy intensity level of primary energy (MJ/$2017 PPP GDP),EG.EGY.PRIM.PP.KD,2.16
Sri Lanka,LKA,2008,Energy intensity level of primary energy (MJ/$2017 PPP GDP),EG.EGY.PRIM.PP.KD,2.21
Sri Lanka,LKA,2007,Energy intensity level of primary energy (MJ/$2017 PPP GDP),EG.EGY.PRIM.PP.KD,2.4
Sri Lanka,LKA,2006,Energy intensity level of primary energy (MJ/$2017 PPP GDP),EG.EGY.PRIM.PP.KD,2.52
Sri Lanka,LKA,2005,Energy intensity level of primary energy (MJ/$2017 PPP GDP),EG.EGY.PRIM.PP.KD,2.68
Sri Lanka,LKA,2004,Energy intensity level of primary energy (MJ/$2017 PPP GDP),EG.EGY.PRIM.PP.KD,2.79
Sri Lanka,LKA,2003,Energy intensity level of primary energy (MJ/$2017 PPP GDP),EG.EGY.PRIM.PP.KD,2.9
Sri Lanka,LKA,2002,Energy intensity level of primary energy (MJ/$2017 PPP GDP),EG.EGY.PRIM.PP.KD,2.9
Sri Lanka,LKA,2001,Energy intensity level of primary energy (MJ/$2017 PPP GDP),EG.EGY.PRIM.PP.KD,2.96
Sri Lanka,LKA,2000,Energy intensity level of primary energy (MJ/$2017 PPP GDP),EG.EGY.PRIM.PP.KD,3.0
Sri Lanka,LKA,2022,Access to electricity (% of population),EG.ELC.ACCS.ZS,100.0
Sri Lanka,LKA,2021,Access to electricity (% of population),EG.ELC.ACCS.ZS,100.0
Sri Lanka,LKA,2020,Access to electricity (% of population),EG.ELC.ACCS.ZS,100.0
Sri Lanka,LKA,2019,Access to electricity (% of population),EG.ELC.ACCS.ZS,99.8
Sri Lanka,LKA,2018,Access to electricity (% of population),EG.ELC.ACCS.ZS,99.6
Sri Lanka,LKA,2017,Access to electricity (% of population),EG.ELC.ACCS.ZS,97.5
Sri Lanka,LKA,2016,Access to electricity (% of population),EG.ELC.ACCS.ZS,97.5
Sri Lanka,LKA,2015,Access to electricity (% of population),EG.ELC.ACCS.ZS,94.3
Sri Lanka,LKA,2014,Access to electricity (% of population),EG.ELC.ACCS.ZS,92.7
Sri Lanka,LKA,2013,Access to electricity (% of population),EG.ELC.ACCS.ZS,90.2
Sri Lanka,LKA,2012,Access to electricity (% of population),EG.ELC.ACCS.ZS,87.0
Sri Lanka,LKA,2011,Access to electricity (% of population),EG.ELC.ACCS.ZS,87.8
Sri Lanka,LKA,2010,Access to electricity (% of population),EG.ELC.ACCS.ZS,85.3
Sri Lanka,LKA,2009,Access to electricity (% of population),EG.ELC.ACCS.ZS,87.1
Sri Lanka,LKA,2008,Access to electricity (% of population),EG.ELC.ACCS.ZS,82.9
Sri Lanka,LKA,2007,Access to electricity (% of population),EG.ELC.ACCS.ZS,80.0
Sri Lanka,LKA,2006,Access to electricity (% of population),EG.ELC.ACCS.ZS,82.1
Sri Lanka,LKA,2005,Access to electricity (% of population),EG.ELC.ACCS.ZS,78.1
Sri Lanka,LKA,2004,Access to electricity (% of population),EG.ELC.ACCS.ZS,76.5
Sri Lanka,LKA,2003,Access to electricity (% of population),EG.ELC.ACCS.ZS,75.0
Sri Lanka,LKA,2002,Access to electricity (% of population),EG.ELC.ACCS.ZS,80.7
Sri Lanka,LKA,2001,Access to electricity (% of population),EG.ELC.ACCS.ZS,63.6
Sri Lanka,LKA,2000,Access to electricity (% of population),EG.ELC.ACCS.ZS,70.3
Sri Lanka,LKA,2021,Renewable energy consumption (% of total final energy consumption),EG.FEC.RNEW.ZS,48.8
Sri Lanka,LKA,2020,Renewable energy consumption (% of total final energy consumption),EG.FEC.RNEW.ZS,49.3
Sri Lanka,LKA,2019,Renewable energy consumption (% of total final energy consumption),EG.FEC.RNEW.ZS,46.1
Sri Lanka,LKA,2018,Renewable energy consumption (% of total final energy consumption),EG.FEC.RNEW.ZS,47.9
Sri Lanka,LKA,2017,Renewable energy consumption (% of total final energy consumption),EG.FEC.RNEW.ZS,45.8
Sri Lanka,LKA,2016,Renewable energy consumption (% of total final energy consumption),EG.FEC.RNEW.ZS,45.1
Sri Lanka,LKA,2015,Renewable energy consumption (% of total final energy consumption),EG.FEC.RNEW.ZS,51.3
Sri Lanka,LKA,2014,Renewable energy consumption (% of total final energy consumption),EG.FEC.RNEW.ZS,54.2
Sri Lanka,LKA,2013,Renewable energy consumption (% of total final energy consumption),EG.FEC.RNEW.ZS,56.9
Sri Lanka,LKA,2012,Renewable energy consumption (% of total final energy consumption),EG.FEC.RNEW.ZS,52.9
Sri Lanka,LKA,2011,Renewable energy consumption (% of total final energy consumption),EG.FEC.RNEW.ZS,56.4
Sri Lanka,LKA,2010,Renewable energy consumption (% of total final energy consumption),EG.FEC.RNEW.ZS,61.9
Sri Lanka,LKA,2009,Renewable energy consumption (% of total final energy consumption),EG.FEC.RNEW.ZS,63.5
Sri Lanka,LKA,2008,Renewable energy consumption (% of total final energy consumption),EG.FEC.RNEW.ZS,61.6
Sri Lanka,LKA,2007,Renewable energy consumption (% of total final energy consumption),EG.FEC.RNEW.ZS,60.2
Sri Lanka,LKA,2006,Renewable energy consumption (% of total final energy consumption),EG.FEC.RNEW.ZS,62.2
Sri Lanka,LKA,2005,Renewable energy consumption (% of total final energy consumption),EG.FEC.RNEW.ZS,60.1
Sri Lanka,LKA,2004,Renewable energy consumption (% of total final energy consumption),EG.FEC.RNEW.ZS,61.6
Sri Lanka,LKA,2003,Renewable energy consumption (% of total final energy consumption),EG.FEC.RNEW.ZS,61.3
Sri Lanka,LKA,2002,Renewable energy consumption (% of total final energy consumption),EG.FEC.RNEW.ZS,62.1
Sri Lanka,LKA,2001,Renewable energy consumption (% of total final energy consumption),EG.FEC.RNEW.ZS,62.9
Sri Lanka,LKA,2000,Renewable energy consumption (% of total final energy consumption),EG.FEC.RNEW.ZS,64.2
Sri Lanka,LKA,1999,Renewable energy consumption (% of total final energy consumption),EG.FEC.RNEW.ZS,63.2
Sri Lanka,LKA,1998,Renewable energy consumption (% of total final energy consumption),EG.FEC.RNEW.ZS,64.2
Sri Lanka,LKA,1997,Renewable energy consumption (% of total final energy consumption),EG.FEC.RNEW.ZS,65.9
Sri Lanka,LKA,1996,Renewable energy consumption (% of total final energy consumption),EG.FEC.RNEW.ZS,64.4
Sri Lanka,LKA,1995,Renewable energy consumption (% of total final energy consumption),EG.FEC.RNEW.ZS,69.9
Sri Lanka,LKA,1994,Renewable energy consumption (% of total final energy consumption),EG.FEC.RNEW.ZS,70.6
Sri Lanka,LKA,1993,Renewable energy consumption (% of total final energy consumption),EG.FEC.RNEW.ZS,74.2
Sri Lanka,LKA,1992,Renewable energy consumption (% of total final energy consumption),EG.FEC.RNEW.ZS,75.3
Sri Lanka,LKA,1991,Renewable energy consumption (% of total final energy consumption),EG.FEC.RNEW.ZS,78.0
Sri Lanka,LKA,1990,Renewable energy consumption (% of total final energy consumption),EG.FEC.RNEW.ZS,78.1
Sri Lanka,LKA,2020,"PM2.5 air pollution, mean annual exposure (micrograms per cubic meter)",EN.ATM.PM25.MC.M3,19.9644408635608
Sri Lanka,LKA,2019,"PM2.5 air pollution, mean annual exposure (micrograms per cubic meter)",EN.ATM.PM25.MC.M3,19.779803654502
Sri Lanka,LKA,2018,"PM2.5 air pollution, mean annual exposure (micrograms per cubic meter)",EN.ATM.PM25.MC.M3,20.8478350946817
Sri Lanka,LKA,2017,"PM2.5 air pollution, mean annual exposure (micrograms per cubic meter)",EN.ATM.PM25.MC.M3,18.3492016336564
Sri Lanka,LKA,2016,"PM2.5 air pollution, mean annual exposure (micrograms per cubic meter)",EN.ATM.PM25.MC.M3,19.521371968942
Sri Lanka,LKA,2015,"PM2.5 air pollution, mean annual exposure (micrograms per cubic meter)",EN.ATM.PM25.MC.M3,17.9117046245301
Sri Lanka,LKA,2014,"PM2.5 air pollution, mean annual exposure (micrograms per cubic meter)",EN.ATM.PM25.MC.M3,19.7831265390581
Sri Lanka,LKA,2013,"PM2.5 air pollution, mean annual exposure (micrograms per cubic meter)",EN.ATM.PM25.MC.M3,21.9721781997635
Sri Lanka,LKA,2012,"PM2.5 air pollution, mean annual exposure (micrograms per cubic meter)",EN.ATM.PM25.MC.M3,20.9131853685461
Sri Lanka,LKA,2011,"PM2.5 air pollution, mean annual exposure (micrograms per cubic meter)",EN.ATM.PM25.MC.M3,19.3067208821847
Sri Lanka,LKA,2010,"PM2.5 air pollution, mean annual exposure (micrograms per cubic meter)",EN.ATM.PM25.MC.M3,22.0458163253294
Sri Lanka,LKA,2009,"PM2.5 air pollution, mean annual exposure (micrograms per cubic meter)",EN.ATM.PM25.MC.M3,23.3387605668271
Sri Lanka,LKA,2008,"PM2.5 air pollution, mean annual exposure (micrograms per cubic meter)",EN.ATM.PM25.MC.M3,24.4035585686367
Sri Lanka,LKA,2007,"PM2.5 air pollution, mean annual exposure (micrograms per cubic meter)",EN.ATM.PM25.MC.M3,25.2426185148487
Sri Lanka,LKA,2006,"PM2.5 air pollution, mean annual exposure (micrograms per cubic meter)",EN.ATM.PM25.MC.M3,25.8583485895535
Sri Lanka,LKA,2005,"PM2.5 air pollution, mean annual exposure (micrograms per cubic meter)",EN.ATM.PM25.MC.M3,26.2531569768416
Sri Lanka,LKA,2004,"PM2.5 air pollution, mean annual exposure (micrograms per cubic meter)",EN.ATM.PM25.MC.M3,26.4928604151958
Sri Lanka,LKA,2003,"PM2.5 air pollution, mean annual exposure (micrograms per cubic meter)",EN.ATM.PM25.MC.M3,26.6463535848639
Sri Lanka,LKA,2002,"PM2.5 air pollution, mean annual exposure (micrograms per cubic meter)",EN.ATM.PM25.MC.M3,26.7206615825844
Sri Lanka,LKA,2001,"PM2.5 air pollution, mean annual exposure (micrograms per cubic meter)",EN.ATM.PM25.MC.M3,26.722809505096
Sri Lanka,LKA,2000,"PM2.5 air pollution, mean annual exposure (micrograms per cubic meter)",EN.ATM.PM25.MC.M3,26.659822449137
Sri Lanka,LKA,1999,"PM2.5 air pollution, mean annual exposure (micrograms per cubic meter)",EN.ATM.PM25.MC.M3,26.4356600076065
Sri Lanka,LKA,1998,"PM2.5 air pollution, mean annual exposure (micrograms per cubic meter)",EN.ATM.PM25.MC.M3,26.0376041679025
Sri Lanka,LKA,1997,"PM2.5 air pollution, mean annual exposure (micrograms per cubic meter)",EN.ATM.PM25.MC.M3,25.5976636185122
Sri Lanka,LKA,1996,"PM2.5 air pollution, mean annual exposure (micrograms per cubic meter)",EN.ATM.PM25.MC.M3,25.2478470479226
Sri Lanka,LKA,1995,"PM2.5 air pollution, mean annual exposure (micrograms per cubic meter)",EN.ATM.PM25.MC.M3,25.1201631446209
Sri Lanka,LKA,1994,"PM2.5 air pollution, mean annual exposure (micrograms per cubic meter)",EN.ATM.PM25.MC.M3,25.1824533481507
Sri Lanka,LKA,1993,"PM2.5 air pollution, mean annual exposure (micrograms per cubic meter)",EN.ATM.PM25.MC.M3,25.3189749058737
Sri Lanka,LKA,1992,"PM2.5 air pollution, mean annual exposure (micrograms per cubic meter)",EN.ATM.PM25.MC.M3,25.5363602180042
Sri Lanka,LKA,1991,"PM2.5 air pollution, mean annual exposure (micrograms per cubic meter)",EN.ATM.PM25.MC.M3,25.8412416847566
Sri Lanka,LKA,1990,"PM2.5 air pollution, mean annual exposure (micrograms per cubic meter)",EN.ATM.PM25.MC.M3,26.2402517063452
Sri Lanka,LKA,2017,"PM2.5 pollution, population exposed to levels exceeding WHO Interim Target-1 value (% of total)",EN.ATM.PM25.MC.T1.ZS,0.0
Sri Lanka,LKA,2016,"PM2.5 pollution, population exposed to levels exceeding WHO Interim Target-1 value (% of total)",EN.ATM.PM25.MC.T1.ZS,0.0
Sri Lanka,LKA,2015,"PM2.5 pollution, population exposed to levels exceeding WHO Interim Target-1 value (% of total)",EN.ATM.PM25.MC.T1.ZS,2.52649158489949
Sri Lanka,LKA,2014,"PM2.5 pollution, population exposed to levels exceeding WHO Interim Target-1 value (% of total)",EN.ATM.PM25.MC.T1.ZS,2.55365724725127
Sri Lanka,LKA,2013,"PM2.5 pollution, population exposed to levels exceeding WHO Interim Target-1 value (% of total)",EN.ATM.PM25.MC.T1.ZS,2.58123581699289
Sri Lanka,LKA,2012,"PM2.5 pollution, population exposed to levels exceeding WHO Interim Target-1 value (% of total)",EN.ATM.PM25.MC.T1.ZS,2.6092034694315
Sri Lanka,LKA,2011,"PM2.5 pollution, population exposed to levels exceeding WHO Interim Target-1 value (% of total)",EN.ATM.PM25.MC.T1.ZS,5.80624142523846
Sri Lanka,LKA,2010,"PM2.5 pollution, population exposed to levels exceeding WHO Interim Target-1 value (% of total)",EN.ATM.PM25.MC.T1.ZS,5.63210412167717
Sri Lanka,LKA,2005,"PM2.5 pollution, population exposed to levels exceeding WHO Interim Target-1 value (% of total)",EN.ATM.PM25.MC.T1.ZS,6.24420370648061
Sri Lanka,LKA,2000,"PM2.5 pollution, population exposed to levels exceeding WHO Interim Target-1 value (% of total)",EN.ATM.PM25.MC.T1.ZS,2.96759908715334
Sri Lanka,LKA,1995,"PM2.5 pollution, population exposed to levels exceeding WHO Interim Target-1 value (% of total)",EN.ATM.PM25.MC.T1.ZS,1.09573861603585
Sri Lanka,LKA,1990,"PM2.5 pollution, population exposed to levels exceeding WHO Interim Target-1 value (% of total)",EN.ATM.PM25.MC.T1.ZS,1.05012734158624
Sri Lanka,LKA,2017,"PM2.5 pollution, population exposed to levels exceeding WHO Interim Target-2 value (% of total)",EN.ATM.PM25.MC.T2.ZS,0.0
Sri Lanka,LKA,2016,"PM2.5 pollution, population exposed to levels exceeding WHO Interim Target-2 value (% of total)",EN.ATM.PM25.MC.T2.ZS,0.0
Sri Lanka,LKA,2015,"PM2.5 pollution, population exposed to levels exceeding WHO Interim Target-2 value (% of total)",EN.ATM.PM25.MC.T2.ZS,57.7885662659322
Sri Lanka,LKA,2014,"PM2.5 pollution, population exposed to levels exceeding WHO Interim Target-2 value (% of total)",EN.ATM.PM25.MC.T2.ZS,94.1081517348145
Sri Lanka,LKA,2013,"PM2.5 pollution, population exposed to levels exceeding WHO Interim Target-2 value (% of total)",EN.ATM.PM25.MC.T2.ZS,99.4339210912998
Sri Lanka,LKA,2012,"PM2.5 pollution, population exposed to levels exceeding WHO Interim Target-2 value (% of total)",EN.ATM.PM25.MC.T2.ZS,99.5927919996229
Sri Lanka,LKA,2011,"PM2.5 pollution, population exposed to levels exceeding WHO Interim Target-2 value (% of total)",EN.ATM.PM25.MC.T2.ZS,99.974097281867
Sri Lanka,LKA,2010,"PM2.5 pollution, population exposed to levels exceeding WHO Interim Target-2 value (% of total)",EN.ATM.PM25.MC.T2.ZS,99.9419047091092
Sri Lanka,LKA,2005,"PM2.5 pollution, population exposed to levels exceeding WHO Interim Target-2 value (% of total)",EN.ATM.PM25.MC.T2.ZS,99.9710206115628
Sri Lanka,LKA,2000,"PM2.5 pollution, population exposed to levels exceeding WHO Interim Target-2 value (% of total)",EN.ATM.PM25.MC.T2.ZS,99.9332445489956
Sri Lanka,LKA,1995,"PM2.5 pollution, population exposed to levels exceeding WHO Interim Target-2 value (% of total)",EN.ATM.PM25.MC.T2.ZS,99.9764891095111
Sri Lanka,LKA,1990,"PM2.5 pollution, population exposed to levels exceeding WHO Interim Target-2 value (% of total)",EN.ATM.PM25.MC.T2.ZS,99.9779858966768
Sri Lanka,LKA,2017,"PM2.5 pollution, population exposed to levels exceeding WHO Interim Target-3 value (% of total)",EN.ATM.PM25.MC.T3.ZS,43.5162893476261
Sri Lanka,LKA,2016,"PM2.5 pollution, population exposed to levels exceeding WHO Interim Target-3 value (% of total)",EN.ATM.PM25.MC.T3.ZS,62.1099389803093
Sri Lanka,LKA,2015,"PM2.5 pollution, population exposed to levels exceeding WHO Interim Target-3 value (% of total)",EN.ATM.PM25.MC.T3.ZS,100.0
Sri Lanka,LKA,2014,"PM2.5 pollution, population exposed to levels exceeding WHO Interim Target-3 value (% of total)",EN.ATM.PM25.MC.T3.ZS,100.0
Sri Lanka,LKA,2013,"PM2.5 pollution, population exposed to levels exceeding WHO Interim Target-3 value (% of total)",EN.ATM.PM25.MC.T3.ZS,100.0
Sri Lanka,LKA,2012,"PM2.5 pollution, population exposed to levels exceeding WHO Interim Target-3 value (% of total)",EN.ATM.PM25.MC.T3.ZS,100.0
Sri Lanka,LKA,2011,"PM2.5 pollution, population exposed to levels exceeding WHO Interim Target-3 value (% of total)",EN.ATM.PM25.MC.T3.ZS,100.0
Sri Lanka,LKA,2010,"PM2.5 pollution, population exposed to levels exceeding WHO Interim Target-3 value (% of total)",EN.ATM.PM25.MC.T3.ZS,100.0
Sri Lanka,LKA,2005,"PM2.5 pollution, population exposed to levels exceeding WHO Interim Target-3 value (% of total)",EN.ATM.PM25.MC.T3.ZS,100.0
Sri Lanka,LKA,2000,"PM2.5 pollution, population exposed to levels exceeding WHO Interim Target-3 value (% of total)",EN.ATM.PM25.MC.T3.ZS,100.0
Sri Lanka,LKA,1995,"PM2.5 pollution, population exposed to levels exceeding WHO Interim Target-3 value (% of total)",EN.ATM.PM25.MC.T3.ZS,100.0
Sri Lanka,LKA,1990,"PM2.5 pollution, population exposed to levels exceeding WHO Interim Target-3 value (% of total)",EN.ATM.PM25.MC.T3.ZS,100.0
Sri Lanka,LKA,2017,"PM2.5 air pollution, population exposed to levels exceeding WHO guideline value (% of total)",EN.ATM.PM25.MC.ZS,45.5384172591341
Sri Lanka,LKA,2016,"PM2.5 air pollution, population exposed to levels exceeding WHO guideline value (% of total)",EN.ATM.PM25.MC.ZS,69.0629628398118
Sri Lanka,LKA,2015,"PM2.5 air pollution, population exposed to levels exceeding WHO guideline value (% of total)",EN.ATM.PM25.MC.ZS,100.0
Sri Lanka,LKA,2014,"PM2.5 air pollution, population exposed to levels exceeding WHO guideline value (% of total)",EN.ATM.PM25.MC.ZS,100.0
Sri Lanka,LKA,2013,"PM2.5 air pollution, population exposed to levels exceeding WHO guideline value (% of total)",EN.ATM.PM25.MC.ZS,100.0
Sri Lanka,LKA,2012,"PM2.5 air pollution, population exposed to levels exceeding WHO guideline value (% of total)",EN.ATM.PM25.MC.ZS,100.0
Sri Lanka,LKA,2011,"PM2.5 air pollution, population exposed to levels exceeding WHO guideline value (% of total)",EN.ATM.PM25.MC.ZS,100.0
Sri Lanka,LKA,2010,"PM2.5 air pollution, population exposed to levels exceeding WHO guideline value (% of total)",EN.ATM.PM25.MC.ZS,100.0
Sri Lanka,LKA,2005,"PM2.5 air pollution, population exposed to levels exceeding WHO guideline value (% of total)",EN.ATM.PM25.MC.ZS,100.0
Sri Lanka,LKA,2000,"PM2.5 air pollution, population exposed to levels exceeding WHO guideline value (% of total)",EN.ATM.PM25.MC.ZS,100.0
Sri Lanka,LKA,1995,"PM2.5 air pollution, population exposed to levels exceeding WHO guideline value (% of total)",EN.ATM.PM25.MC.ZS,100.0
Sri Lanka,LKA,1990,"PM2.5 air pollution, population exposed to levels exceeding WHO guideline value (% of total)",EN.ATM.PM25.MC.ZS,100.0
Sri Lanka,LKA,2018,"Bird species, threatened",EN.BIR.THRD.NO,16.0
Sri Lanka,LKA,2011,Disaster risk reduction progress score (1-5 scale; 5=best),EN.CLC.DRSK.XQ,3.5
Sri Lanka,LKA,2009,"Droughts, floods, extreme temperatures (% of population, average 1990-2009)",EN.CLC.MDAT.ZS,2.16003002858256
Sri Lanka,LKA,2018,"Fish species, threatened",EN.FSH.THRD.NO,57.0
Sri Lanka,LKA,2020,Total greenhouse gas emissions including LULUCF (Mt CO2e),EN.GHG.ALL.LU.MT.CE.AR5,44.0896
Sri Lanka,LKA,2019,Total greenhouse gas emissions including LULUCF (Mt CO2e),EN.GHG.ALL.LU.MT.CE.AR5,44.5543
Sri Lanka,LKA,2018,Total greenhouse gas emissions including LULUCF (Mt CO2e),EN.GHG.ALL.LU.MT.CE.AR5,43.298
Sri Lanka,LKA,2017,Total greenhouse gas emissions including LULUCF (Mt CO2e),EN.GHG.ALL.LU.MT.CE.AR5,42.5313
Sri Lanka,LKA,2016,Total greenhouse gas emissions including LULUCF (Mt CO2e),EN.GHG.ALL.LU.MT.CE.AR5,45.3603
Sri Lanka,LKA,2015,Total greenhouse gas emissions including LULUCF (Mt CO2e),EN.GHG.ALL.LU.MT.CE.AR5,42.7869
Sri Lanka,LKA,2014,Total greenhouse gas emissions including LULUCF (Mt CO2e),EN.GHG.ALL.LU.MT.CE.AR5,38.194
Sri Lanka,LKA,2013,Total greenhouse gas emissions including LULUCF (Mt CO2e),EN.GHG.ALL.LU.MT.CE.AR5,37.4643
Sri Lanka,LKA,2012,Total greenhouse gas emissions including LULUCF (Mt CO2e),EN.GHG.ALL.LU.MT.CE.AR5,39.7148
Sri Lanka,LKA,2011,Total greenhouse gas emissions including LULUCF (Mt CO2e),EN.GHG.ALL.LU.MT.CE.AR5,37.7583
Sri Lanka,LKA,2010,Total greenhouse gas emissions including LULUCF (Mt CO2e),EN.GHG.ALL.LU.MT.CE.AR5,35.4132
Sri Lanka,LKA,2009,Total greenhouse gas emissions including LULUCF (Mt CO2e),EN.GHG.ALL.LU.MT.CE.AR5,33.3278
Sri Lanka,LKA,2008,Total greenhouse gas emissions including LULUCF (Mt CO2e),EN.GHG.ALL.LU.MT.CE.AR5,34.7264
Sri Lanka,LKA,2007,Total greenhouse gas emissions including LULUCF (Mt CO2e),EN.GHG.ALL.LU.MT.CE.AR5,33.4588
Sri Lanka,LKA,2006,Total greenhouse gas emissions including LULUCF (Mt CO2e),EN.GHG.ALL.LU.MT.CE.AR5,33.1127
Sri Lanka,LKA,2005,Total greenhouse gas emissions including LULUCF (Mt CO2e),EN.GHG.ALL.LU.MT.CE.AR5,34.3037
Sri Lanka,LKA,2004,Total greenhouse gas emissions including LULUCF (Mt CO2e),EN.GHG.ALL.LU.MT.CE.AR5,31.5613
Sri Lanka,LKA,2003,Total greenhouse gas emissions including LULUCF (Mt CO2e),EN.GHG.ALL.LU.MT.CE.AR5,32.3624
Sri Lanka,LKA,2002,Total greenhouse gas emissions including LULUCF (Mt CO2e),EN.GHG.ALL.LU.MT.CE.AR5,30.6813
Sri Lanka,LKA,2001,Total greenhouse gas emissions including LULUCF (Mt CO2e),EN.GHG.ALL.LU.MT.CE.AR5,29.7917
Sri Lanka,LKA,2000,Total greenhouse gas emissions including LULUCF (Mt CO2e),EN.GHG.ALL.LU.MT.CE.AR5,30.4151
Sri Lanka,LKA,2023,Total greenhouse gas emissions excluding LULUCF (Mt CO2e),EN.GHG.ALL.MT.CE.AR5,38.4038
Sri Lanka,LKA,2022,Total greenhouse gas emissions excluding LULUCF (Mt CO2e),EN.GHG.ALL.MT.CE.AR5,37.6734
Sri Lanka,LKA,2021,Total greenhouse gas emissions excluding LULUCF (Mt CO2e),EN.GHG.ALL.MT.CE.AR5,40.5735
Sri Lanka,LKA,2020,Total greenhouse gas emissions excluding LULUCF (Mt CO2e),EN.GHG.ALL.MT.CE.AR5,39.7966
Sri Lanka,LKA,2019,Total greenhouse gas emissions excluding LULUCF (Mt CO2e),EN.GHG.ALL.MT.CE.AR5,40.2613
Sri Lanka,LKA,2018,Total greenhouse gas emissions excluding LULUCF (Mt CO2e),EN.GHG.ALL.MT.CE.AR5,39.005
Sri Lanka,LKA,2017,Total greenhouse gas emissions excluding LULUCF (Mt CO2e),EN.GHG.ALL.MT.CE.AR5,38.2383
Sri Lanka,LKA,2016,Total greenhouse gas emissions excluding LULUCF (Mt CO2e),EN.GHG.ALL.MT.CE.AR5,41.0673
Sri Lanka,LKA,2015,Total greenhouse gas emissions excluding LULUCF (Mt CO2e),EN.GHG.ALL.MT.CE.AR5,38.4939
Sri Lanka,LKA,2014,Total greenhouse gas emissions excluding LULUCF (Mt CO2e),EN.GHG.ALL.MT.CE.AR5,33.901
Sri Lanka,LKA,2013,Total greenhouse gas emissions excluding LULUCF (Mt CO2e),EN.GHG.ALL.MT.CE.AR5,33.1713
Sri Lanka,LKA,2012,Total greenhouse gas emissions excluding LULUCF (Mt CO2e),EN.GHG.ALL.MT.CE.AR5,35.4218
Sri Lanka,LKA,2011,Total greenhouse gas emissions excluding LULUCF (Mt CO2e),EN.GHG.ALL.MT.CE.AR5,33.4653
Sri Lanka,LKA,2010,Total greenhouse gas emissions excluding LULUCF (Mt CO2e),EN.GHG.ALL.MT.CE.AR5,31.1202
Sri Lanka,LKA,2009,Total greenhouse gas emissions excluding LULUCF (Mt CO2e),EN.GHG.ALL.MT.CE.AR5,29.0348
Sri Lanka,LKA,2008,Total greenhouse gas emissions excluding LULUCF (Mt CO2e),EN.GHG.ALL.MT.CE.AR5,30.4334
Sri Lanka,LKA,2007,Total greenhouse gas emissions excluding LULUCF (Mt CO2e),EN.GHG.ALL.MT.CE.AR5,29.1658
Sri Lanka,LKA,2006,Total greenhouse gas emissions excluding LULUCF (Mt CO2e),EN.GHG.ALL.MT.CE.AR5,28.8197
Sri Lanka,LKA,2005,Total greenhouse gas emissions excluding LULUCF (Mt CO2e),EN.GHG.ALL.MT.CE.AR5,30.0107
Sri Lanka,LKA,2004,Total greenhouse gas emissions excluding LULUCF (Mt CO2e),EN.GHG.ALL.MT.CE.AR5,27.2683
Sri Lanka,LKA,2003,Total greenhouse gas emissions excluding LULUCF (Mt CO2e),EN.GHG.ALL.MT.CE.AR5,28.0694
Sri Lanka,LKA,2002,Total greenhouse gas emissions excluding LULUCF (Mt CO2e),EN.GHG.ALL.MT.CE.AR5,26.3883
Sri Lanka,LKA,2001,Total greenhouse gas emissions excluding LULUCF (Mt CO2e),EN.GHG.ALL.MT.CE.AR5,25.4987
Sri Lanka,LKA,2000,Total greenhouse gas emissions excluding LULUCF (Mt CO2e),EN.GHG.ALL.MT.CE.AR5,26.1221
Sri Lanka,LKA,1999,Total greenhouse gas emissions excluding LULUCF (Mt CO2e),EN.GHG.ALL.MT.CE.AR5,25.0396
Sri Lanka,LKA,1998,Total greenhouse gas emissions excluding LULUCF (Mt CO2e),EN.GHG.ALL.MT.CE.AR5,23.2145
Sri Lanka,LKA,1997,Total greenhouse gas emissions excluding LULUCF (Mt CO2e),EN.GHG.ALL.MT.CE.AR5,23.626
Sri Lanka,LKA,1996,Total greenhouse gas emissions excluding LULUCF (Mt CO2e),EN.GHG.ALL.MT.CE.AR5,23.5815
Sri Lanka,LKA,1995,Total greenhouse gas emissions excluding LULUCF (Mt CO2e),EN.GHG.ALL.MT.CE.AR5,22.9657
Sri Lanka,LKA,1994,Total greenhouse gas emissions excluding LULUCF (Mt CO2e),EN.GHG.ALL.MT.CE.AR5,23.18
Sri Lanka,LKA,1993,Total greenhouse gas emissions excluding LULUCF (Mt CO2e),EN.GHG.ALL.MT.CE.AR5,21.7286
Sri Lanka,LKA,1992,Total greenhouse gas emissions excluding LULUCF (Mt CO2e),EN.GHG.ALL.MT.CE.AR5,21.3889
Sri Lanka,LKA,1991,Total greenhouse gas emissions excluding LULUCF (Mt CO2e),EN.GHG.ALL.MT.CE.AR5,20.2743
Sri Lanka,LKA,1990,Total greenhouse gas emissions excluding LULUCF (Mt CO2e),EN.GHG.ALL.MT.CE.AR5,21.0923
Sri Lanka,LKA,1989,Total greenhouse gas emissions excluding LULUCF (Mt CO2e),EN.GHG.ALL.MT.CE.AR5,19.9842
Sri Lanka,LKA,1988,Total greenhouse gas emissions excluding LULUCF (Mt CO2e),EN.GHG.ALL.MT.CE.AR5,21.4409
Sri Lanka,LKA,1987,Total greenhouse gas emissions excluding LULUCF (Mt CO2e),EN.GHG.ALL.MT.CE.AR5,20.472
Sri Lanka,LKA,1986,Total greenhouse gas emissions excluding LULUCF (Mt CO2e),EN.GHG.ALL.MT.CE.AR5,21.3559
Sri Lanka,LKA,1985,Total greenhouse gas emissions excluding LULUCF (Mt CO2e),EN.GHG.ALL.MT.CE.AR5,21.8151
Sri Lanka,LKA,1984,Total greenhouse gas emissions excluding LULUCF (Mt CO2e),EN.GHG.ALL.MT.CE.AR5,22.4592
Sri Lanka,LKA,1983,Total greenhouse gas emissions excluding LULUCF (Mt CO2e),EN.GHG.ALL.MT.CE.AR5,21.7531
Sri Lanka,LKA,1982,Total greenhouse gas emissions excluding LULUCF (Mt CO2e),EN.GHG.ALL.MT.CE.AR5,21.3339
Sri Lanka,LKA,1981,Total greenhouse gas emissions excluding LULUCF (Mt CO2e),EN.GHG.ALL.MT.CE.AR5,21.7562
Sri Lanka,LKA,1980,Total greenhouse gas emissions excluding LULUCF (Mt CO2e),EN.GHG.ALL.MT.CE.AR5,21.3814
Sri Lanka,LKA,1979,Total greenhouse gas emissions excluding LULUCF (Mt CO2e),EN.GHG.ALL.MT.CE.AR5,20.9584
Sri Lanka,LKA,1978,Total greenhouse gas emissions excluding LULUCF (Mt CO2e),EN.GHG.ALL.MT.CE.AR5,21.1358
Sri Lanka,LKA,1977,Total greenhouse gas emissions excluding LULUCF (Mt CO2e),EN.GHG.ALL.MT.CE.AR5,20.0304
Sri Lanka,LKA,1976,Total greenhouse gas emissions excluding LULUCF (Mt CO2e),EN.GHG.ALL.MT.CE.AR5,18.2724
Sri Lanka,LKA,1975,Total greenhouse gas emissions excluding LULUCF (Mt CO2e),EN.GHG.ALL.MT.CE.AR5,17.5955
Sri Lanka,LKA,1974,Total greenhouse gas emissions excluding LULUCF (Mt CO2e),EN.GHG.ALL.MT.CE.AR5,20.4685
Sri Lanka,LKA,1973,Total greenhouse gas emissions excluding LULUCF (Mt CO2e),EN.GHG.ALL.MT.CE.AR5,19.3455
Sri Lanka,LKA,1972,Total greenhouse gas emissions excluding LULUCF (Mt CO2e),EN.GHG.ALL.MT.CE.AR5,18.8298
Sri Lanka,LKA,1971,Total greenhouse gas emissions excluding LULUCF (Mt CO2e),EN.GHG.ALL.MT.CE.AR5,18.9168
Sri Lanka,LKA,1970,Total greenhouse gas emissions excluding LULUCF (Mt CO2e),EN.GHG.ALL.MT.CE.AR5,19.0813
Sri Lanka,LKA,2023,Total greenhouse gas emissions excluding LULUCF per capita (t CO2e/capita),EN.GHG.ALL.PC.CE.AR5,1.74269637427962
Sri Lanka,LKA,2022,Total greenhouse gas emissions excluding LULUCF per capita (t CO2e/capita),EN.GHG.ALL.PC.CE.AR5,1.69845363148641
Sri Lanka,LKA,2021,Total greenhouse gas emissions excluding LULUCF per capita (t CO2e/capita),EN.GHG.ALL.PC.CE.AR5,1.83126466871276
Sri Lanka,LKA,2020,Total greenhouse gas emissions excluding LULUCF per capita (t CO2e/capita),EN.GHG.ALL.PC.CE.AR5,1.81562115059994
Sri Lanka,LKA,2019,Total greenhouse gas emissions excluding LULUCF per capita (t CO2e/capita),EN.GHG.ALL.PC.CE.AR5,1.8465945053433
Sri Lanka,LKA,2018,Total greenhouse gas emissions excluding LULUCF per capita (t CO2e/capita),EN.GHG.ALL.PC.CE.AR5,1.79995385325335
Sri Lanka,LKA,2017,Total greenhouse gas emissions excluding LULUCF per capita (t CO2e/capita),EN.GHG.ALL.PC.CE.AR5,1.78317011751539
Sri Lanka,LKA,2016,Total greenhouse gas emissions excluding LULUCF per capita (t CO2e/capita),EN.GHG.ALL.PC.CE.AR5,1.93631477203074
Sri Lanka,LKA,2015,Total greenhouse gas emissions excluding LULUCF per capita (t CO2e/capita),EN.GHG.ALL.PC.CE.AR5,1.8356652360515
Sri Lanka,LKA,2014,Total greenhouse gas emissions excluding LULUCF per capita (t CO2e/capita),EN.GHG.ALL.PC.CE.AR5,1.63158148041197
Sri Lanka,LKA,2013,Total greenhouse gas emissions excluding LULUCF per capita (t CO2e/capita),EN.GHG.ALL.PC.CE.AR5,1.61143065338839
Sri Lanka,LKA,2012,Total greenhouse gas emissions excluding LULUCF per capita (t CO2e/capita),EN.GHG.ALL.PC.CE.AR5,1.67325020791746
Sri Lanka,LKA,2011,Total greenhouse gas emissions excluding LULUCF per capita (t CO2e/capita),EN.GHG.ALL.PC.CE.AR5,1.59289940220042
Sri Lanka,LKA,2010,Total greenhouse gas emissions excluding LULUCF per capita (t CO2e/capita),EN.GHG.ALL.PC.CE.AR5,1.49049606522583
Sri Lanka,LKA,2009,Total greenhouse gas emissions excluding LULUCF per capita (t CO2e/capita),EN.GHG.ALL.PC.CE.AR5,1.39883366290984
Sri Lanka,LKA,2008,Total greenhouse gas emissions excluding LULUCF per capita (t CO2e/capita),EN.GHG.ALL.PC.CE.AR5,1.47524564240376
Sri Lanka,LKA,2007,Total greenhouse gas emissions excluding LULUCF per capita (t CO2e/capita),EN.GHG.ALL.PC.CE.AR5,1.42323952442217
Sri Lanka,LKA,2006,Total greenhouse gas emissions excluding LULUCF per capita (t CO2e/capita),EN.GHG.ALL.PC.CE.AR5,1.41603370725955
Sri Lanka,LKA,2005,Total greenhouse gas emissions excluding LULUCF per capita (t CO2e/capita),EN.GHG.ALL.PC.CE.AR5,1.48446389695875
Sri Lanka,LKA,2004,Total greenhouse gas emissions excluding LULUCF per capita (t CO2e/capita),EN.GHG.ALL.PC.CE.AR5,1.35746894664645
Sri Lanka,LKA,2003,Total greenhouse gas emissions excluding LULUCF per capita (t CO2e/capita),EN.GHG.ALL.PC.CE.AR5,1.40688020727843
Sri Lanka,LKA,2002,Total greenhouse gas emissions excluding LULUCF per capita (t CO2e/capita),EN.GHG.ALL.PC.CE.AR5,1.33235536827887
Sri Lanka,LKA,2001,Total greenhouse gas emissions excluding LULUCF per capita (t CO2e/capita),EN.GHG.ALL.PC.CE.AR5,1.30093005425104
Sri Lanka,LKA,2000,Total greenhouse gas emissions excluding LULUCF per capita (t CO2e/capita),EN.GHG.ALL.PC.CE.AR5,1.35396397066011
Sri Lanka,LKA,1999,Total greenhouse gas emissions excluding LULUCF per capita (t CO2e/capita),EN.GHG.ALL.PC.CE.AR5,1.32171842397762
Sri Lanka,LKA,1998,Total greenhouse gas emissions excluding LULUCF per capita (t CO2e/capita),EN.GHG.ALL.PC.CE.AR5,1.24835966094434
Sri Lanka,LKA,1997,Total greenhouse gas emissions excluding LULUCF per capita (t CO2e/capita),EN.GHG.ALL.PC.CE.AR5,1.29470303920387
Sri Lanka,LKA,1996,Total greenhouse gas emissions excluding LULUCF per capita (t CO2e/capita),EN.GHG.ALL.PC.CE.AR5,1.31703302392659
Sri Lanka,LKA,1995,Total greenhouse gas emissions excluding LULUCF per capita (t CO2e/capita),EN.GHG.ALL.PC.CE.AR5,1.30753877746317
Sri Lanka,LKA,1994,Total greenhouse gas emissions excluding LULUCF per capita (t CO2e/capita),EN.GHG.ALL.PC.CE.AR5,1.34176340474027
Sri Lanka,LKA,1993,Total greenhouse gas emissions excluding LULUCF per capita (t CO2e/capita),EN.GHG.ALL.PC.CE.AR5,1.27620725061638
Sri Lanka,LKA,1992,Total greenhouse gas emissions excluding LULUCF per capita (t CO2e/capita),EN.GHG.ALL.PC.CE.AR5,1.27776671929337
Sri Lanka,LKA,1991,Total greenhouse gas emissions excluding LULUCF per capita (t CO2e/capita),EN.GHG.ALL.PC.CE.AR5,1.23058357350015
Sri Lanka,LKA,1990,Total greenhouse gas emissions excluding LULUCF per capita (t CO2e/capita),EN.GHG.ALL.PC.CE.AR5,1.2898550175148
Sri Lanka,LKA,1989,Total greenhouse gas emissions excluding LULUCF per capita (t CO2e/capita),EN.GHG.ALL.PC.CE.AR5,1.22990613874204
Sri Lanka,LKA,1988,Total greenhouse gas emissions excluding LULUCF per capita (t CO2e/capita),EN.GHG.ALL.PC.CE.AR5,1.3335036630318
Sri Lanka,LKA,1987,Total greenhouse gas emissions excluding LULUCF per capita (t CO2e/capita),EN.GHG.ALL.PC.CE.AR5,1.28620627954153
Sri Lanka,LKA,1986,Total greenhouse gas emissions excluding LULUCF per capita (t CO2e/capita),EN.GHG.ALL.PC.CE.AR5,1.35754576748354
Sri Lanka,LKA,1985,Total greenhouse gas emissions excluding LULUCF per capita (t CO2e/capita),EN.GHG.ALL.PC.CE.AR5,1.40342793824611
Sri Lanka,LKA,1984,Total greenhouse gas emissions excluding LULUCF per capita (t CO2e/capita),EN.GHG.ALL.PC.CE.AR5,1.45443618838663
Sri Lanka,LKA,1983,Total greenhouse gas emissions excluding LULUCF per capita (t CO2e/capita),EN.GHG.ALL.PC.CE.AR5,1.41356756091478
Sri Lanka,LKA,1982,Total greenhouse gas emissions excluding LULUCF per capita (t CO2e/capita),EN.GHG.ALL.PC.CE.AR5,1.39559784744344
Sri Lanka,LKA,1981,Total greenhouse gas emissions excluding LULUCF per capita (t CO2e/capita),EN.GHG.ALL.PC.CE.AR5,1.44086386398836
Sri Lanka,LKA,1980,Total greenhouse gas emissions excluding LULUCF per capita (t CO2e/capita),EN.GHG.ALL.PC.CE.AR5,1.44002137934778
Sri Lanka,LKA,1979,Total greenhouse gas emissions excluding LULUCF per capita (t CO2e/capita),EN.GHG.ALL.PC.CE.AR5,1.43751405215529
Sri Lanka,LKA,1978,Total greenhouse gas emissions excluding LULUCF per capita (t CO2e/capita),EN.GHG.ALL.PC.CE.AR5,1.47698189701727
Sri Lanka,LKA,1977,Total greenhouse gas emissions excluding LULUCF per capita (t CO2e/capita),EN.GHG.ALL.PC.CE.AR5,1.42571507293814
Sri Lanka,LKA,1976,Total greenhouse gas emissions excluding LULUCF per capita (t CO2e/capita),EN.GHG.ALL.PC.CE.AR5,1.32439694218284
Sri Lanka,LKA,1975,Total greenhouse gas emissions excluding LULUCF per capita (t CO2e/capita),EN.GHG.ALL.PC.CE.AR5,1.29865826101795
Sri Lanka,LKA,1974,Total greenhouse gas emissions excluding LULUCF per capita (t CO2e/capita),EN.GHG.ALL.PC.CE.AR5,1.53832648927042
Sri Lanka,LKA,1973,Total greenhouse gas emissions excluding LULUCF per capita (t CO2e/capita),EN.GHG.ALL.PC.CE.AR5,1.48117482724795
Sri Lanka,LKA,1972,Total greenhouse gas emissions excluding LULUCF per capita (t CO2e/capita),EN.GHG.ALL.PC.CE.AR5,1.47002097319857
Sri Lanka,LKA,1971,Total greenhouse gas emissions excluding LULUCF per capita (t CO2e/capita),EN.GHG.ALL.PC.CE.AR5,1.50708537585117
Sri Lanka,LKA,1970,Total greenhouse gas emissions excluding LULUCF per capita (t CO2e/capita),EN.GHG.ALL.PC.CE.AR5,1.55295264712369
Sri Lanka,LKA,2023,Methane (CH4) emissions from Agriculture (Mt CO2e),EN.GHG.CH4.AG.MT.CE.AR5,10.5313
Sri Lanka,LKA,2022,Methane (CH4) emissions from Agriculture (Mt CO2e),EN.GHG.CH4.AG.MT.CE.AR5,10.41
Sri Lanka,LKA,2021,Methane (CH4) emissions from Agriculture (Mt CO2e),EN.GHG.CH4.AG.MT.CE.AR5,10.5257
Sri Lanka,LKA,2020,Methane (CH4) emissions from Agriculture (Mt CO2e),EN.GHG.CH4.AG.MT.CE.AR5,10.0104
Sri Lanka,LKA,2019,Methane (CH4) emissions from Agriculture (Mt CO2e),EN.GHG.CH4.AG.MT.CE.AR5,9.112
Sri Lanka,LKA,2018,Methane (CH4) emissions from Agriculture (Mt CO2e),EN.GHG.CH4.AG.MT.CE.AR5,9.7914
Sri Lanka,LKA,2017,Methane (CH4) emissions from Agriculture (Mt CO2e),EN.GHG.CH4.AG.MT.CE.AR5,7.7248
Sri Lanka,LKA,2016,Methane (CH4) emissions from Agriculture (Mt CO2e),EN.GHG.CH4.AG.MT.CE.AR5,10.2811
Sri Lanka,LKA,2015,Methane (CH4) emissions from Agriculture (Mt CO2e),EN.GHG.CH4.AG.MT.CE.AR5,11.0594
Sri Lanka,LKA,2014,Methane (CH4) emissions from Agriculture (Mt CO2e),EN.GHG.CH4.AG.MT.CE.AR5,8.5762
Sri Lanka,LKA,2013,Methane (CH4) emissions from Agriculture (Mt CO2e),EN.GHG.CH4.AG.MT.CE.AR5,11.0721
Sri Lanka,LKA,2012,Methane (CH4) emissions from Agriculture (Mt CO2e),EN.GHG.CH4.AG.MT.CE.AR5,10.2788
Sri Lanka,LKA,2011,Methane (CH4) emissions from Agriculture (Mt CO2e),EN.GHG.CH4.AG.MT.CE.AR5,10.3917
Sri Lanka,LKA,2010,Methane (CH4) emissions from Agriculture (Mt CO2e),EN.GHG.CH4.AG.MT.CE.AR5,10.1697
Sri Lanka,LKA,2009,Methane (CH4) emissions from Agriculture (Mt CO2e),EN.GHG.CH4.AG.MT.CE.AR5,9.1475
Sri Lanka,LKA,2008,Methane (CH4) emissions from Agriculture (Mt CO2e),EN.GHG.CH4.AG.MT.CE.AR5,9.962
Sri Lanka,LKA,2007,Methane (CH4) emissions from Agriculture (Mt CO2e),EN.GHG.CH4.AG.MT.CE.AR5,8.1749
Sri Lanka,LKA,2006,Methane (CH4) emissions from Agriculture (Mt CO2e),EN.GHG.CH4.AG.MT.CE.AR5,8.8455
Sri Lanka,LKA,2005,Methane (CH4) emissions from Agriculture (Mt CO2e),EN.GHG.CH4.AG.MT.CE.AR5,8.8632
Sri Lanka,LKA,2004,Methane (CH4) emissions from Agriculture (Mt CO2e),EN.GHG.CH4.AG.MT.CE.AR5,7.3469
Sri Lanka,LKA,2003,Methane (CH4) emissions from Agriculture (Mt CO2e),EN.GHG.CH4.AG.MT.CE.AR5,8.7419
Sri Lanka,LKA,2002,Methane (CH4) emissions from Agriculture (Mt CO2e),EN.GHG.CH4.AG.MT.CE.AR5,8.016
Sri Lanka,LKA,2001,Methane (CH4) emissions from Agriculture (Mt CO2e),EN.GHG.CH4.AG.MT.CE.AR5,7.68
Sri Lanka,LKA,2000,Methane (CH4) emissions from Agriculture (Mt CO2e),EN.GHG.CH4.AG.MT.CE.AR5,8.2084
Sri Lanka,LKA,1999,Methane (CH4) emissions from Agriculture (Mt CO2e),EN.GHG.CH4.AG.MT.CE.AR5,8.7296
Sri Lanka,LKA,1998,Methane (CH4) emissions from Agriculture (Mt CO2e),EN.GHG.CH4.AG.MT.CE.AR5,8.0386
Sri Lanka,LKA,1997,Methane (CH4) emissions from Agriculture (Mt CO2e),EN.GHG.CH4.AG.MT.CE.AR5,8.7099
Sri Lanka,LKA,1996,Methane (CH4) emissions from Agriculture (Mt CO2e),EN.GHG.CH4.AG.MT.CE.AR5,8.7107
Sri Lanka,LKA,1995,Methane (CH4) emissions from Agriculture (Mt CO2e),EN.GHG.CH4.AG.MT.CE.AR5,10.8494
Sri Lanka,LKA,1994,Methane (CH4) emissions from Agriculture (Mt CO2e),EN.GHG.CH4.AG.MT.CE.AR5,11.1087
Sri Lanka,LKA,1993,Methane (CH4) emissions from Agriculture (Mt CO2e),EN.GHG.CH4.AG.MT.CE.AR5,10.5867
Sri Lanka,LKA,1992,Methane (CH4) emissions from Agriculture (Mt CO2e),EN.GHG.CH4.AG.MT.CE.AR5,10.2576
Sri Lanka,LKA,1991,Methane (CH4) emissions from Agriculture (Mt CO2e),EN.GHG.CH4.AG.MT.CE.AR5,10.3936
Sri Lanka,LKA,1990,Methane (CH4) emissions from Agriculture (Mt CO2e),EN.GHG.CH4.AG.MT.CE.AR5,11.4161
Sri Lanka,LKA,1989,Methane (CH4) emissions from Agriculture (Mt CO2e),EN.GHG.CH4.AG.MT.CE.AR5,10.2821
Sri Lanka,LKA,1988,Methane (CH4) emissions from Agriculture (Mt CO2e),EN.GHG.CH4.AG.MT.CE.AR5,11.5906
Sri Lanka,LKA,1987,Methane (CH4) emissions from Agriculture (Mt CO2e),EN.GHG.CH4.AG.MT.CE.AR5,10.482
Sri Lanka,LKA,1986,Methane (CH4) emissions from Agriculture (Mt CO2e),EN.GHG.CH4.AG.MT.CE.AR5,12.0876
Sri Lanka,LKA,1985,Methane (CH4) emissions from Agriculture (Mt CO2e),EN.GHG.CH4.AG.MT.CE.AR5,12.5629
Sri Lanka,LKA,1984,Methane (CH4) emissions from Agriculture (Mt CO2e),EN.GHG.CH4.AG.MT.CE.AR5,12.8611
Sri Lanka,LKA,1983,Methane (CH4) emissions from Agriculture (Mt CO2e),EN.GHG.CH4.AG.MT.CE.AR5,11.7385
Sri Lanka,LKA,1982,Methane (CH4) emissions from Agriculture (Mt CO2e),EN.GHG.CH4.AG.MT.CE.AR5,11.4894
Sri Lanka,LKA,1981,Methane (CH4) emissions from Agriculture (Mt CO2e),EN.GHG.CH4.AG.MT.CE.AR5,12.7494
Sri Lanka,LKA,1980,Methane (CH4) emissions from Agriculture (Mt CO2e),EN.GHG.CH4.AG.MT.CE.AR5,12.5054
Sri Lanka,LKA,1979,Methane (CH4) emissions from Agriculture (Mt CO2e),EN.GHG.CH4.AG.MT.CE.AR5,12.2277
Sri Lanka,LKA,1978,Methane (CH4) emissions from Agriculture (Mt CO2e),EN.GHG.CH4.AG.MT.CE.AR5,12.8062
Sri Lanka,LKA,1977,Methane (CH4) emissions from Agriculture (Mt CO2e),EN.GHG.CH4.AG.MT.CE.AR5,12.4346
Sri Lanka,LKA,1976,Methane (CH4) emissions from Agriculture (Mt CO2e),EN.GHG.CH4.AG.MT.CE.AR5,10.9846
Sri Lanka,LKA,1975,Methane (CH4) emissions from Agriculture (Mt CO2e),EN.GHG.CH4.AG.MT.CE.AR5,10.5286
Sri Lanka,LKA,1974,Methane (CH4) emissions from Agriculture (Mt CO2e),EN.GHG.CH4.AG.MT.CE.AR5,12.9387
Sri Lanka,LKA,1973,Methane (CH4) emissions from Agriculture (Mt CO2e),EN.GHG.CH4.AG.MT.CE.AR5,11.4521
Sri Lanka,LKA,1972,Methane (CH4) emissions from Agriculture (Mt CO2e),EN.GHG.CH4.AG.MT.CE.AR5,11.1643
Sri Lanka,LKA,1971,Methane (CH4) emissions from Agriculture (Mt CO2e),EN.GHG.CH4.AG.MT.CE.AR5,11.9576
Sri Lanka,LKA,1970,Methane (CH4) emissions from Agriculture (Mt CO2e),EN.GHG.CH4.AG.MT.CE.AR5,12.3825
Sri Lanka,LKA,2023,Methane (CH4) emissions from Building (Energy) (Mt CO2e),EN.GHG.CH4.BU.MT.CE.AR5,0.685
Sri Lanka,LKA,2022,Methane (CH4) emissions from Building (Energy) (Mt CO2e),EN.GHG.CH4.BU.MT.CE.AR5,0.6847
Sri Lanka,LKA,2021,Methane (CH4) emissions from Building (Energy) (Mt CO2e),EN.GHG.CH4.BU.MT.CE.AR5,0.697
Sri Lanka,LKA,2020,Methane (CH4) emissions from Building (Energy) (Mt CO2e),EN.GHG.CH4.BU.MT.CE.AR5,0.7049
Sri Lanka,LKA,2019,Methane (CH4) emissions from Building (Energy) (Mt CO2e),EN.GHG.CH4.BU.MT.CE.AR5,0.6995
Sri Lanka,LKA,2018,Methane (CH4) emissions from Building (Energy) (Mt CO2e),EN.GHG.CH4.BU.MT.CE.AR5,0.6921
Sri Lanka,LKA,2017,Methane (CH4) emissions from Building (Energy) (Mt CO2e),EN.GHG.CH4.BU.MT.CE.AR5,0.7188
Sri Lanka,LKA,2016,Methane (CH4) emissions from Building (Energy) (Mt CO2e),EN.GHG.CH4.BU.MT.CE.AR5,0.7669
Sri Lanka,LKA,2015,Methane (CH4) emissions from Building (Energy) (Mt CO2e),EN.GHG.CH4.BU.MT.CE.AR5,0.8222
Sri Lanka,LKA,2014,Methane (CH4) emissions from Building (Energy) (Mt CO2e),EN.GHG.CH4.BU.MT.CE.AR5,0.876
Sri Lanka,LKA,2013,Methane (CH4) emissions from Building (Energy) (Mt CO2e),EN.GHG.CH4.BU.MT.CE.AR5,0.8923
Sri Lanka,LKA,2012,Methane (CH4) emissions from Building (Energy) (Mt CO2e),EN.GHG.CH4.BU.MT.CE.AR5,0.9261
Sri Lanka,LKA,2011,Methane (CH4) emissions from Building (Energy) (Mt CO2e),EN.GHG.CH4.BU.MT.CE.AR5,0.9775
Sri Lanka,LKA,2010,Methane (CH4) emissions from Building (Energy) (Mt CO2e),EN.GHG.CH4.BU.MT.CE.AR5,1.2134
Sri Lanka,LKA,2009,Methane (CH4) emissions from Building (Energy) (Mt CO2e),EN.GHG.CH4.BU.MT.CE.AR5,1.1927
Sri Lanka,LKA,2008,Methane (CH4) emissions from Building (Energy) (Mt CO2e),EN.GHG.CH4.BU.MT.CE.AR5,1.1362
Sri Lanka,LKA,2007,Methane (CH4) emissions from Building (Energy) (Mt CO2e),EN.GHG.CH4.BU.MT.CE.AR5,1.123
Sri Lanka,LKA,2006,Methane (CH4) emissions from Building (Energy) (Mt CO2e),EN.GHG.CH4.BU.MT.CE.AR5,1.127
Sri Lanka,LKA,2005,Methane (CH4) emissions from Building (Energy) (Mt CO2e),EN.GHG.CH4.BU.MT.CE.AR5,1.1181
Sri Lanka,LKA,2004,Methane (CH4) emissions from Building (Energy) (Mt CO2e),EN.GHG.CH4.BU.MT.CE.AR5,1.0995
Sri Lanka,LKA,2003,Methane (CH4) emissions from Building (Energy) (Mt CO2e),EN.GHG.CH4.BU.MT.CE.AR5,1.0937
Sri Lanka,LKA,2002,Methane (CH4) emissions from Building (Energy) (Mt CO2e),EN.GHG.CH4.BU.MT.CE.AR5,1.078
Sri Lanka,LKA,2001,Methane (CH4) emissions from Building (Energy) (Mt CO2e),EN.GHG.CH4.BU.MT.CE.AR5,1.1255
Sri Lanka,LKA,2000,Methane (CH4) emissions from Building (Energy) (Mt CO2e),EN.GHG.CH4.BU.MT.CE.AR5,1.12
Sri Lanka,LKA,1999,Methane (CH4) emissions from Building (Energy) (Mt CO2e),EN.GHG.CH4.BU.MT.CE.AR5,1.1301
Sri Lanka,LKA,1998,Methane (CH4) emissions from Building (Energy) (Mt CO2e),EN.GHG.CH4.BU.MT.CE.AR5,1.1539
Sri Lanka,LKA,1997,Methane (CH4) emissions from Building (Energy) (Mt CO2e),EN.GHG.CH4.BU.MT.CE.AR5,1.17
Sri Lanka,LKA,1996,Methane (CH4) emissions from Building (Energy) (Mt CO2e),EN.GHG.CH4.BU.MT.CE.AR5,1.1583
Sri Lanka,LKA,1995,Methane (CH4) emissions from Building (Energy) (Mt CO2e),EN.GHG.CH4.BU.MT.CE.AR5,1.143
Sri Lanka,LKA,1994,Methane (CH4) emissions from Building (Energy) (Mt CO2e),EN.GHG.CH4.BU.MT.CE.AR5,1.1632
Sri Lanka,LKA,1993,Methane (CH4) emissions from Building (Energy) (Mt CO2e),EN.GHG.CH4.BU.MT.CE.AR5,1.1787
Sri Lanka,LKA,1992,Methane (CH4) emissions from Building (Energy) (Mt CO2e),EN.GHG.CH4.BU.MT.CE.AR5,1.1948
Sri Lanka,LKA,1991,Methane (CH4) emissions from Building (Energy) (Mt CO2e),EN.GHG.CH4.BU.MT.CE.AR5,1.1782
Sri Lanka,LKA,1990,Methane (CH4) emissions from Building (Energy) (Mt CO2e),EN.GHG.CH4.BU.MT.CE.AR5,1.1675
Sri Lanka,LKA,1989,Methane (CH4) emissions from Building (Energy) (Mt CO2e),EN.GHG.CH4.BU.MT.CE.AR5,1.1898
Sri Lanka,LKA,1988,Methane (CH4) emissions from Building (Energy) (Mt CO2e),EN.GHG.CH4.BU.MT.CE.AR5,1.1797
Sri Lanka,LKA,1987,Methane (CH4) emissions from Building (Energy) (Mt CO2e),EN.GHG.CH4.BU.MT.CE.AR5,1.1367
Sri Lanka,LKA,1986,Methane (CH4) emissions from Building (Energy) (Mt CO2e),EN.GHG.CH4.BU.MT.CE.AR5,1.1033
Sri Lanka,LKA,1985,Methane (CH4) emissions from Building (Energy) (Mt CO2e),EN.GHG.CH4.BU.MT.CE.AR5,1.0859
Sri Lanka,LKA,1984,Methane (CH4) emissions from Building (Energy) (Mt CO2e),EN.GHG.CH4.BU.MT.CE.AR5,1.0709
Sri Lanka,LKA,1983,Methane (CH4) emissions from Building (Energy) (Mt CO2e),EN.GHG.CH4.BU.MT.CE.AR5,0.9973
Sri Lanka,LKA,1982,Methane (CH4) emissions from Building (Energy) (Mt CO2e),EN.GHG.CH4.BU.MT.CE.AR5,0.9908
Sri Lanka,LKA,1981,Methane (CH4) emissions from Building (Energy) (Mt CO2e),EN.GHG.CH4.BU.MT.CE.AR5,0.9564
Sri Lanka,LKA,1980,Methane (CH4) emissions from Building (Energy) (Mt CO2e),EN.GHG.CH4.BU.MT.CE.AR5,0.9391
Sri Lanka,LKA,1979,Methane (CH4) emissions from Building (Energy) (Mt CO2e),EN.GHG.CH4.BU.MT.CE.AR5,0.9227
Sri Lanka,LKA,1978,Methane (CH4) emissions from Building (Energy) (Mt CO2e),EN.GHG.CH4.BU.MT.CE.AR5,0.9045
Sri Lanka,LKA,1977,Methane (CH4) emissions from Building (Energy) (Mt CO2e),EN.GHG.CH4.BU.MT.CE.AR5,0.889
Sri Lanka,LKA,1976,Methane (CH4) emissions from Building (Energy) (Mt CO2e),EN.GHG.CH4.BU.MT.CE.AR5,0.9292
Sri Lanka,LKA,1975,Methane (CH4) emissions from Building (Energy) (Mt CO2e),EN.GHG.CH4.BU.MT.CE.AR5,0.9142
Sri Lanka,LKA,1974,Methane (CH4) emissions from Building (Energy) (Mt CO2e),EN.GHG.CH4.BU.MT.CE.AR5,0.8468
Sri Lanka,LKA,1973,Methane (CH4) emissions from Building (Energy) (Mt CO2e),EN.GHG.CH4.BU.MT.CE.AR5,0.8355
Sri Lanka,LKA,1972,Methane (CH4) emissions from Building (Energy) (Mt CO2e),EN.GHG.CH4.BU.MT.CE.AR5,0.8206
Sri Lanka,LKA,1971,Methane (CH4) emissions from Building (Energy) (Mt CO2e),EN.GHG.CH4.BU.MT.CE.AR5,0.8206
Sri Lanka,LKA,1970,Methane (CH4) emissions from Building (Energy) (Mt CO2e),EN.GHG.CH4.BU.MT.CE.AR5,0.8206
Sri Lanka,LKA,2023,Methane (CH4) emissions from Fugitive Emissions (Energy) (Mt CO2e),EN.GHG.CH4.FE.MT.CE.AR5,0.0097
Sri Lanka,LKA,2022,Methane (CH4) emissions from Fugitive Emissions (Energy) (Mt CO2e),EN.GHG.CH4.FE.MT.CE.AR5,0.011
Sri Lanka,LKA,2021,Methane (CH4) emissions from Fugitive Emissions (Energy) (Mt CO2e),EN.GHG.CH4.FE.MT.CE.AR5,0.0102
Sri Lanka,LKA,2020,Methane (CH4) emissions from Fugitive Emissions (Energy) (Mt CO2e),EN.GHG.CH4.FE.MT.CE.AR5,0.0135
Sri Lanka,LKA,2019,Methane (CH4) emissions from Fugitive Emissions (Energy) (Mt CO2e),EN.GHG.CH4.FE.MT.CE.AR5,0.015
Sri Lanka,LKA,2018,Methane (CH4) emissions from Fugitive Emissions (Energy) (Mt CO2e),EN.GHG.CH4.FE.MT.CE.AR5,0.0135
Sri Lanka,LKA,2017,Methane (CH4) emissions from Fugitive Emissions (Energy) (Mt CO2e),EN.GHG.CH4.FE.MT.CE.AR5,0.0526
Sri Lanka,LKA,2016,Methane (CH4) emissions from Fugitive Emissions (Energy) (Mt CO2e),EN.GHG.CH4.FE.MT.CE.AR5,0.1057
Sri Lanka,LKA,2015,Methane (CH4) emissions from Fugitive Emissions (Energy) (Mt CO2e),EN.GHG.CH4.FE.MT.CE.AR5,0.1024
Sri Lanka,LKA,2014,Methane (CH4) emissions from Fugitive Emissions (Energy) (Mt CO2e),EN.GHG.CH4.FE.MT.CE.AR5,0.1006
Sri Lanka,LKA,2013,Methane (CH4) emissions from Fugitive Emissions (Energy) (Mt CO2e),EN.GHG.CH4.FE.MT.CE.AR5,0.0992
Sri Lanka,LKA,2012,Methane (CH4) emissions from Fugitive Emissions (Energy) (Mt CO2e),EN.GHG.CH4.FE.MT.CE.AR5,0.0988
Sri Lanka,LKA,2011,Methane (CH4) emissions from Fugitive Emissions (Energy) (Mt CO2e),EN.GHG.CH4.FE.MT.CE.AR5,0.0448
Sri Lanka,LKA,2010,Methane (CH4) emissions from Fugitive Emissions (Energy) (Mt CO2e),EN.GHG.CH4.FE.MT.CE.AR5,0.1573
Sri Lanka,LKA,2009,Methane (CH4) emissions from Fugitive Emissions (Energy) (Mt CO2e),EN.GHG.CH4.FE.MT.CE.AR5,0.0562
Sri Lanka,LKA,2008,Methane (CH4) emissions from Fugitive Emissions (Energy) (Mt CO2e),EN.GHG.CH4.FE.MT.CE.AR5,0.23
Sri Lanka,LKA,2007,Methane (CH4) emissions from Fugitive Emissions (Energy) (Mt CO2e),EN.GHG.CH4.FE.MT.CE.AR5,0.1329
Sri Lanka,LKA,2006,Methane (CH4) emissions from Fugitive Emissions (Energy) (Mt CO2e),EN.GHG.CH4.FE.MT.CE.AR5,0.1205
Sri Lanka,LKA,2005,Methane (CH4) emissions from Fugitive Emissions (Energy) (Mt CO2e),EN.GHG.CH4.FE.MT.CE.AR5,0.1365
Sri Lanka,LKA,2004,Methane (CH4) emissions from Fugitive Emissions (Energy) (Mt CO2e),EN.GHG.CH4.FE.MT.CE.AR5,0.1412
Sri Lanka,LKA,2003,Methane (CH4) emissions from Fugitive Emissions (Energy) (Mt CO2e),EN.GHG.CH4.FE.MT.CE.AR5,0.1082
Sri Lanka,LKA,2002,Methane (CH4) emissions from Fugitive Emissions (Energy) (Mt CO2e),EN.GHG.CH4.FE.MT.CE.AR5,0.1471
Sri Lanka,LKA,2001,Methane (CH4) emissions from Fugitive Emissions (Energy) (Mt CO2e),EN.GHG.CH4.FE.MT.CE.AR5,0.1567
Sri Lanka,LKA,2000,Methane (CH4) emissions from Fugitive Emissions (Energy) (Mt CO2e),EN.GHG.CH4.FE.MT.CE.AR5,0.1588
Sri Lanka,LKA,1999,Methane (CH4) emissions from Fugitive Emissions (Energy) (Mt CO2e),EN.GHG.CH4.FE.MT.CE.AR5,0.0694
Sri Lanka,LKA,1998,Methane (CH4) emissions from Fugitive Emissions (Energy) (Mt CO2e),EN.GHG.CH4.FE.MT.CE.AR5,0.0832
Sri Lanka,LKA,1997,Methane (CH4) emissions from Fugitive Emissions (Energy) (Mt CO2e),EN.GHG.CH4.FE.MT.CE.AR5,0.0949
Sri Lanka,LKA,1996,Methane (CH4) emissions from Fugitive Emissions (Energy) (Mt CO2e),EN.GHG.CH4.FE.MT.CE.AR5,0.0996
Sri Lanka,LKA,1995,Methane (CH4) emissions from Fugitive Emissions (Energy) (Mt CO2e),EN.GHG.CH4.FE.MT.CE.AR5,0.0782
Sri Lanka,LKA,1994,Methane (CH4) emissions from Fugitive Emissions (Energy) (Mt CO2e),EN.GHG.CH4.FE.MT.CE.AR5,0.0587
Sri Lanka,LKA,1993,Methane (CH4) emissions from Fugitive Emissions (Energy) (Mt CO2e),EN.GHG.CH4.FE.MT.CE.AR5,0.046
Sri Lanka,LKA,1992,Methane (CH4) emissions from Fugitive Emissions (Energy) (Mt CO2e),EN.GHG.CH4.FE.MT.CE.AR5,0.0417
Sri Lanka,LKA,1991,Methane (CH4) emissions from Fugitive Emissions (Energy) (Mt CO2e),EN.GHG.CH4.FE.MT.CE.AR5,0.0448
Sri Lanka,LKA,1990,Methane (CH4) emissions from Fugitive Emissions (Energy) (Mt CO2e),EN.GHG.CH4.FE.MT.CE.AR5,0.0401
Sri Lanka,LKA,1989,Methane (CH4) emissions from Fugitive Emissions (Energy) (Mt CO2e),EN.GHG.CH4.FE.MT.CE.AR5,0.0647
Sri Lanka,LKA,1988,Methane (CH4) emissions from Fugitive Emissions (Energy) (Mt CO2e),EN.GHG.CH4.FE.MT.CE.AR5,0.0582
Sri Lanka,LKA,1987,Methane (CH4) emissions from Fugitive Emissions (Energy) (Mt CO2e),EN.GHG.CH4.FE.MT.CE.AR5,0.1081
Sri Lanka,LKA,1986,Methane (CH4) emissions from Fugitive Emissions (Energy) (Mt CO2e),EN.GHG.CH4.FE.MT.CE.AR5,0.097
Sri Lanka,LKA,1985,Methane (CH4) emissions from Fugitive Emissions (Energy) (Mt CO2e),EN.GHG.CH4.FE.MT.CE.AR5,0.0852
Sri Lanka,LKA,1984,Methane (CH4) emissions from Fugitive Emissions (Energy) (Mt CO2e),EN.GHG.CH4.FE.MT.CE.AR5,0.1023
Sri Lanka,LKA,1983,Methane (CH4) emissions from Fugitive Emissions (Energy) (Mt CO2e),EN.GHG.CH4.FE.MT.CE.AR5,0.1194
Sri Lanka,LKA,1982,Methane (CH4) emissions from Fugitive Emissions (Energy) (Mt CO2e),EN.GHG.CH4.FE.MT.CE.AR5,0.1204
Sri Lanka,LKA,1981,Methane (CH4) emissions from Fugitive Emissions (Energy) (Mt CO2e),EN.GHG.CH4.FE.MT.CE.AR5,0.014
Sri Lanka,LKA,1980,Methane (CH4) emissions from Fugitive Emissions (Energy) (Mt CO2e),EN.GHG.CH4.FE.MT.CE.AR5,0.0152
Sri Lanka,LKA,1979,Methane (CH4) emissions from Fugitive Emissions (Energy) (Mt CO2e),EN.GHG.CH4.FE.MT.CE.AR5,0.0114
Sri Lanka,LKA,1978,Methane (CH4) emissions from Fugitive Emissions (Energy) (Mt CO2e),EN.GHG.CH4.FE.MT.CE.AR5,0.0119
Sri Lanka,LKA,1977,Methane (CH4) emissions from Fugitive Emissions (Energy) (Mt CO2e),EN.GHG.CH4.FE.MT.CE.AR5,0.012
Sri Lanka,LKA,1976,Methane (CH4) emissions from Fugitive Emissions (Energy) (Mt CO2e),EN.GHG.CH4.FE.MT.CE.AR5,0.0118
Sri Lanka,LKA,1975,Methane (CH4) emissions from Fugitive Emissions (Energy) (Mt CO2e),EN.GHG.CH4.FE.MT.CE.AR5,0.0119
Sri Lanka,LKA,1974,Methane (CH4) emissions from Fugitive Emissions (Energy) (Mt CO2e),EN.GHG.CH4.FE.MT.CE.AR5,0.0123
Sri Lanka,LKA,1973,Methane (CH4) emissions from Fugitive Emissions (Energy) (Mt CO2e),EN.GHG.CH4.FE.MT.CE.AR5,0.0142
Sri Lanka,LKA,1972,Methane (CH4) emissions from Fugitive Emissions (Energy) (Mt CO2e),EN.GHG.CH4.FE.MT.CE.AR5,0.0144
Sri Lanka,LKA,1971,Methane (CH4) emissions from Fugitive Emissions (Energy) (Mt CO2e),EN.GHG.CH4.FE.MT.CE.AR5,0.0124
Sri Lanka,LKA,1970,Methane (CH4) emissions from Fugitive Emissions (Energy) (Mt CO2e),EN.GHG.CH4.FE.MT.CE.AR5,0.0124
Sri Lanka,LKA,2023,Methane (CH4) emissions from Industrial Combustion (Energy) (Mt CO2e),EN.GHG.CH4.IC.MT.CE.AR5,0.0737
Sri Lanka,LKA,2022,Methane (CH4) emissions from Industrial Combustion (Energy) (Mt CO2e),EN.GHG.CH4.IC.MT.CE.AR5,0.0737
Sri Lanka,LKA,2021,Methane (CH4) emissions from Industrial Combustion (Energy) (Mt CO2e),EN.GHG.CH4.IC.MT.CE.AR5,0.0752
Sri Lanka,LKA,2020,Methane (CH4) emissions from Industrial Combustion (Energy) (Mt CO2e),EN.GHG.CH4.IC.MT.CE.AR5,0.0735
Sri Lanka,LKA,2019,Methane (CH4) emissions from Industrial Combustion (Energy) (Mt CO2e),EN.GHG.CH4.IC.MT.CE.AR5,0.0712
Sri Lanka,LKA,2018,Methane (CH4) emissions from Industrial Combustion (Energy) (Mt CO2e),EN.GHG.CH4.IC.MT.CE.AR5,0.0696
Sri Lanka,LKA,2017,Methane (CH4) emissions from Industrial Combustion (Energy) (Mt CO2e),EN.GHG.CH4.IC.MT.CE.AR5,0.0683
Sri Lanka,LKA,2016,Methane (CH4) emissions from Industrial Combustion (Energy) (Mt CO2e),EN.GHG.CH4.IC.MT.CE.AR5,0.0682
Sri Lanka,LKA,2015,Methane (CH4) emissions from Industrial Combustion (Energy) (Mt CO2e),EN.GHG.CH4.IC.MT.CE.AR5,0.0684
Sri Lanka,LKA,2014,Methane (CH4) emissions from Industrial Combustion (Energy) (Mt CO2e),EN.GHG.CH4.IC.MT.CE.AR5,0.066
Sri Lanka,LKA,2013,Methane (CH4) emissions from Industrial Combustion (Energy) (Mt CO2e),EN.GHG.CH4.IC.MT.CE.AR5,0.0626
Sri Lanka,LKA,2012,Methane (CH4) emissions from Industrial Combustion (Energy) (Mt CO2e),EN.GHG.CH4.IC.MT.CE.AR5,0.0622
Sri Lanka,LKA,2011,Methane (CH4) emissions from Industrial Combustion (Energy) (Mt CO2e),EN.GHG.CH4.IC.MT.CE.AR5,0.0582
Sri Lanka,LKA,2010,Methane (CH4) emissions from Industrial Combustion (Energy) (Mt CO2e),EN.GHG.CH4.IC.MT.CE.AR5,0.0628
Sri Lanka,LKA,2009,Methane (CH4) emissions from Industrial Combustion (Energy) (Mt CO2e),EN.GHG.CH4.IC.MT.CE.AR5,0.0515
Sri Lanka,LKA,2008,Methane (CH4) emissions from Industrial Combustion (Energy) (Mt CO2e),EN.GHG.CH4.IC.MT.CE.AR5,0.0514
Sri Lanka,LKA,2007,Methane (CH4) emissions from Industrial Combustion (Energy) (Mt CO2e),EN.GHG.CH4.IC.MT.CE.AR5,0.057
Sri Lanka,LKA,2006,Methane (CH4) emissions from Industrial Combustion (Energy) (Mt CO2e),EN.GHG.CH4.IC.MT.CE.AR5,0.0572
Sri Lanka,LKA,2005,Methane (CH4) emissions from Industrial Combustion (Energy) (Mt CO2e),EN.GHG.CH4.IC.MT.CE.AR5,0.0572
Sri Lanka,LKA,2004,Methane (CH4) emissions from Industrial Combustion (Energy) (Mt CO2e),EN.GHG.CH4.IC.MT.CE.AR5,0.056
Sri Lanka,LKA,2003,Methane (CH4) emissions from Industrial Combustion (Energy) (Mt CO2e),EN.GHG.CH4.IC.MT.CE.AR5,0.0509
Sri Lanka,LKA,2002,Methane (CH4) emissions from Industrial Combustion (Energy) (Mt CO2e),EN.GHG.CH4.IC.MT.CE.AR5,0.0509
Sri Lanka,LKA,2001,Methane (CH4) emissions from Industrial Combustion (Energy) (Mt CO2e),EN.GHG.CH4.IC.MT.CE.AR5,0.0455
Sri Lanka,LKA,2000,Methane (CH4) emissions from Industrial Combustion (Energy) (Mt CO2e),EN.GHG.CH4.IC.MT.CE.AR5,0.0522
Sri Lanka,LKA,1999,Methane (CH4) emissions from Industrial Combustion (Energy) (Mt CO2e),EN.GHG.CH4.IC.MT.CE.AR5,0.0394
Sri Lanka,LKA,1998,Methane (CH4) emissions from Industrial Combustion (Energy) (Mt CO2e),EN.GHG.CH4.IC.MT.CE.AR5,0.0315
Sri Lanka,LKA,1997,Methane (CH4) emissions from Industrial Combustion (Energy) (Mt CO2e),EN.GHG.CH4.IC.MT.CE.AR5,0.0303
Sri Lanka,LKA,1996,Methane (CH4) emissions from Industrial Combustion (Energy) (Mt CO2e),EN.GHG.CH4.IC.MT.CE.AR5,0.0268
Sri Lanka,LKA,1995,Methane (CH4) emissions from Industrial Combustion (Energy) (Mt CO2e),EN.GHG.CH4.IC.MT.CE.AR5,0.018
Sri Lanka,LKA,1994,Methane (CH4) emissions from Industrial Combustion (Energy) (Mt CO2e),EN.GHG.CH4.IC.MT.CE.AR5,0.0134
Sri Lanka,LKA,1993,Methane (CH4) emissions from Industrial Combustion (Energy) (Mt CO2e),EN.GHG.CH4.IC.MT.CE.AR5,0.021
Sri Lanka,LKA,1992,Methane (CH4) emissions from Industrial Combustion (Energy) (Mt CO2e),EN.GHG.CH4.IC.MT.CE.AR5,0.0238
Sri Lanka,LKA,1991,Methane (CH4) emissions from Industrial Combustion (Energy) (Mt CO2e),EN.GHG.CH4.IC.MT.CE.AR5,0.0205
Sri Lanka,LKA,1990,Methane (CH4) emissions from Industrial Combustion (Energy) (Mt CO2e),EN.GHG.CH4.IC.MT.CE.AR5,0.0212
Sri Lanka,LKA,1989,Methane (CH4) emissions from Industrial Combustion (Energy) (Mt CO2e),EN.GHG.CH4.IC.MT.CE.AR5,0.0192
Sri Lanka,LKA,1988,Methane (CH4) emissions from Industrial Combustion (Energy) (Mt CO2e),EN.GHG.CH4.IC.MT.CE.AR5,0.018
Sri Lanka,LKA,1987,Methane (CH4) emissions from Industrial Combustion (Energy) (Mt CO2e),EN.GHG.CH4.IC.MT.CE.AR5,0.0191
Sri Lanka,LKA,1986,Methane (CH4) emissions from Industrial Combustion (Energy) (Mt CO2e),EN.GHG.CH4.IC.MT.CE.AR5,0.0185
Sri Lanka,LKA,1985,Methane (CH4) emissions from Industrial Combustion (Energy) (Mt CO2e),EN.GHG.CH4.IC.MT.CE.AR5,0.0162
Sri Lanka,LKA,1984,Methane (CH4) emissions from Industrial Combustion (Energy) (Mt CO2e),EN.GHG.CH4.IC.MT.CE.AR5,0.0173
Sri Lanka,LKA,1983,Methane (CH4) emissions from Industrial Combustion (Energy) (Mt CO2e),EN.GHG.CH4.IC.MT.CE.AR5,0.0165
Sri Lanka,LKA,1982,Methane (CH4) emissions from Industrial Combustion (Energy) (Mt CO2e),EN.GHG.CH4.IC.MT.CE.AR5,0.016
Sri Lanka,LKA,1981,Methane (CH4) emissions from Industrial Combustion (Energy) (Mt CO2e),EN.GHG.CH4.IC.MT.CE.AR5,0.0167
Sri Lanka,LKA,1980,Methane (CH4) emissions from Industrial Combustion (Energy) (Mt CO2e),EN.GHG.CH4.IC.MT.CE.AR5,0.0154
Sri Lanka,LKA,1979,Methane (CH4) emissions from Industrial Combustion (Energy) (Mt CO2e),EN.GHG.CH4.IC.MT.CE.AR5,0.0167
Sri Lanka,LKA,1978,Methane (CH4) emissions from Industrial Combustion (Energy) (Mt CO2e),EN.GHG.CH4.IC.MT.CE.AR5,0.0168
Sri Lanka,LKA,1977,Methane (CH4) emissions from Industrial Combustion (Energy) (Mt CO2e),EN.GHG.CH4.IC.MT.CE.AR5,0.0157
Sri Lanka,LKA,1976,Methane (CH4) emissions from Industrial Combustion (Energy) (Mt CO2e),EN.GHG.CH4.IC.MT.CE.AR5,0.0157
Sri Lanka,LKA,1975,Methane (CH4) emissions from Industrial Combustion (Energy) (Mt CO2e),EN.GHG.CH4.IC.MT.CE.AR5,0.0159
Sri Lanka,LKA,1974,Methane (CH4) emissions from Industrial Combustion (Energy) (Mt CO2e),EN.GHG.CH4.IC.MT.CE.AR5,0.015
Sri Lanka,LKA,1973,Methane (CH4) emissions from Industrial Combustion (Energy) (Mt CO2e),EN.GHG.CH4.IC.MT.CE.AR5,0.0155
Sri Lanka,LKA,1972,Methane (CH4) emissions from Industrial Combustion (Energy) (Mt CO2e),EN.GHG.CH4.IC.MT.CE.AR5,0.0153
Sri Lanka,LKA,1971,Methane (CH4) emissions from Industrial Combustion (Energy) (Mt CO2e),EN.GHG.CH4.IC.MT.CE.AR5,0.015
Sri Lanka,LKA,1970,Methane (CH4) emissions from Industrial Combustion (Energy) (Mt CO2e),EN.GHG.CH4.IC.MT.CE.AR5,0.015
Sri Lanka,LKA,2023,Methane (CH4) emissions (total) excluding LULUCF (Mt CO2e),EN.GHG.CH4.MT.CE.AR5,16.118
Sri Lanka,LKA,2022,Methane (CH4) emissions (total) excluding LULUCF (Mt CO2e),EN.GHG.CH4.MT.CE.AR5,15.9311
Sri Lanka,LKA,2021,Methane (CH4) emissions (total) excluding LULUCF (Mt CO2e),EN.GHG.CH4.MT.CE.AR5,16.0072
Sri Lanka,LKA,2020,Methane (CH4) emissions (total) excluding LULUCF (Mt CO2e),EN.GHG.CH4.MT.CE.AR5,15.4332
Sri Lanka,LKA,2019,Methane (CH4) emissions (total) excluding LULUCF (Mt CO2e),EN.GHG.CH4.MT.CE.AR5,14.4779
Sri Lanka,LKA,2018,Methane (CH4) emissions (total) excluding LULUCF (Mt CO2e),EN.GHG.CH4.MT.CE.AR5,15.0819
Sri Lanka,LKA,2017,Methane (CH4) emissions (total) excluding LULUCF (Mt CO2e),EN.GHG.CH4.MT.CE.AR5,13.0309
Sri Lanka,LKA,2016,Methane (CH4) emissions (total) excluding LULUCF (Mt CO2e),EN.GHG.CH4.MT.CE.AR5,15.63
Sri Lanka,LKA,2015,Methane (CH4) emissions (total) excluding LULUCF (Mt CO2e),EN.GHG.CH4.MT.CE.AR5,16.3641
Sri Lanka,LKA,2014,Methane (CH4) emissions (total) excluding LULUCF (Mt CO2e),EN.GHG.CH4.MT.CE.AR5,13.867
Sri Lanka,LKA,2013,Methane (CH4) emissions (total) excluding LULUCF (Mt CO2e),EN.GHG.CH4.MT.CE.AR5,16.3148
Sri Lanka,LKA,2012,Methane (CH4) emissions (total) excluding LULUCF (Mt CO2e),EN.GHG.CH4.MT.CE.AR5,15.5163
Sri Lanka,LKA,2011,Methane (CH4) emissions (total) excluding LULUCF (Mt CO2e),EN.GHG.CH4.MT.CE.AR5,15.5215
Sri Lanka,LKA,2010,Methane (CH4) emissions (total) excluding LULUCF (Mt CO2e),EN.GHG.CH4.MT.CE.AR5,15.5673
Sri Lanka,LKA,2009,Methane (CH4) emissions (total) excluding LULUCF (Mt CO2e),EN.GHG.CH4.MT.CE.AR5,14.3298
Sri Lanka,LKA,2008,Methane (CH4) emissions (total) excluding LULUCF (Mt CO2e),EN.GHG.CH4.MT.CE.AR5,15.2163
Sri Lanka,LKA,2007,Methane (CH4) emissions (total) excluding LULUCF (Mt CO2e),EN.GHG.CH4.MT.CE.AR5,13.2655
Sri Lanka,LKA,2006,Methane (CH4) emissions (total) excluding LULUCF (Mt CO2e),EN.GHG.CH4.MT.CE.AR5,13.8636
Sri Lanka,LKA,2005,Methane (CH4) emissions (total) excluding LULUCF (Mt CO2e),EN.GHG.CH4.MT.CE.AR5,13.8267
Sri Lanka,LKA,2004,Methane (CH4) emissions (total) excluding LULUCF (Mt CO2e),EN.GHG.CH4.MT.CE.AR5,12.2159
Sri Lanka,LKA,2003,Methane (CH4) emissions (total) excluding LULUCF (Mt CO2e),EN.GHG.CH4.MT.CE.AR5,13.5052
Sri Lanka,LKA,2002,Methane (CH4) emissions (total) excluding LULUCF (Mt CO2e),EN.GHG.CH4.MT.CE.AR5,12.7392
Sri Lanka,LKA,2001,Methane (CH4) emissions (total) excluding LULUCF (Mt CO2e),EN.GHG.CH4.MT.CE.AR5,12.4048
Sri Lanka,LKA,2000,Methane (CH4) emissions (total) excluding LULUCF (Mt CO2e),EN.GHG.CH4.MT.CE.AR5,12.9279
Sri Lanka,LKA,1999,Methane (CH4) emissions (total) excluding LULUCF (Mt CO2e),EN.GHG.CH4.MT.CE.AR5,13.2983
Sri Lanka,LKA,1998,Methane (CH4) emissions (total) excluding LULUCF (Mt CO2e),EN.GHG.CH4.MT.CE.AR5,12.5913
Sri Lanka,LKA,1997,Methane (CH4) emissions (total) excluding LULUCF (Mt CO2e),EN.GHG.CH4.MT.CE.AR5,13.2408
Sri Lanka,LKA,1996,Methane (CH4) emissions (total) excluding LULUCF (Mt CO2e),EN.GHG.CH4.MT.CE.AR5,13.1773
Sri Lanka,LKA,1995,Methane (CH4) emissions (total) excluding LULUCF (Mt CO2e),EN.GHG.CH4.MT.CE.AR5,15.2203
Sri Lanka,LKA,1994,Methane (CH4) emissions (total) excluding LULUCF (Mt CO2e),EN.GHG.CH4.MT.CE.AR5,15.4162
Sri Lanka,LKA,1993,Methane (CH4) emissions (total) excluding LULUCF (Mt CO2e),EN.GHG.CH4.MT.CE.AR5,14.8392
Sri Lanka,LKA,1992,Methane (CH4) emissions (total) excluding LULUCF (Mt CO2e),EN.GHG.CH4.MT.CE.AR5,14.4534
Sri Lanka,LKA,1991,Methane (CH4) emissions (total) excluding LULUCF (Mt CO2e),EN.GHG.CH4.MT.CE.AR5,14.5195
Sri Lanka,LKA,1990,Methane (CH4) emissions (total) excluding LULUCF (Mt CO2e),EN.GHG.CH4.MT.CE.AR5,15.4738
Sri Lanka,LKA,1989,Methane (CH4) emissions (total) excluding LULUCF (Mt CO2e),EN.GHG.CH4.MT.CE.AR5,14.3494
Sri Lanka,LKA,1988,Methane (CH4) emissions (total) excluding LULUCF (Mt CO2e),EN.GHG.CH4.MT.CE.AR5,15.6024
Sri Lanka,LKA,1987,Methane (CH4) emissions (total) excluding LULUCF (Mt CO2e),EN.GHG.CH4.MT.CE.AR5,14.4647
Sri Lanka,LKA,1986,Methane (CH4) emissions (total) excluding LULUCF (Mt CO2e),EN.GHG.CH4.MT.CE.AR5,15.988
Sri Lanka,LKA,1985,Methane (CH4) emissions (total) excluding LULUCF (Mt CO2e),EN.GHG.CH4.MT.CE.AR5,16.4018
Sri Lanka,LKA,1984,Methane (CH4) emissions (total) excluding LULUCF (Mt CO2e),EN.GHG.CH4.MT.CE.AR5,16.687
Sri Lanka,LKA,1983,Methane (CH4) emissions (total) excluding LULUCF (Mt CO2e),EN.GHG.CH4.MT.CE.AR5,15.4687
Sri Lanka,LKA,1982,Methane (CH4) emissions (total) excluding LULUCF (Mt CO2e),EN.GHG.CH4.MT.CE.AR5,15.1824
Sri Lanka,LKA,1981,Methane (CH4) emissions (total) excluding LULUCF (Mt CO2e),EN.GHG.CH4.MT.CE.AR5,16.2357
Sri Lanka,LKA,1980,Methane (CH4) emissions (total) excluding LULUCF (Mt CO2e),EN.GHG.CH4.MT.CE.AR5,15.9343
Sri Lanka,LKA,1979,Methane (CH4) emissions (total) excluding LULUCF (Mt CO2e),EN.GHG.CH4.MT.CE.AR5,15.5887
Sri Lanka,LKA,1978,Methane (CH4) emissions (total) excluding LULUCF (Mt CO2e),EN.GHG.CH4.MT.CE.AR5,16.1004
Sri Lanka,LKA,1977,Methane (CH4) emissions (total) excluding LULUCF (Mt CO2e),EN.GHG.CH4.MT.CE.AR5,15.6616
Sri Lanka,LKA,1976,Methane (CH4) emissions (total) excluding LULUCF (Mt CO2e),EN.GHG.CH4.MT.CE.AR5,14.202
Sri Lanka,LKA,1975,Methane (CH4) emissions (total) excluding LULUCF (Mt CO2e),EN.GHG.CH4.MT.CE.AR5,13.6819
Sri Lanka,LKA,1974,Methane (CH4) emissions (total) excluding LULUCF (Mt CO2e),EN.GHG.CH4.MT.CE.AR5,15.9742
Sri Lanka,LKA,1973,Methane (CH4) emissions (total) excluding LULUCF (Mt CO2e),EN.GHG.CH4.MT.CE.AR5,14.4314
Sri Lanka,LKA,1972,Methane (CH4) emissions (total) excluding LULUCF (Mt CO2e),EN.GHG.CH4.MT.CE.AR5,14.0799
Sri Lanka,LKA,1971,Methane (CH4) emissions (total) excluding LULUCF (Mt CO2e),EN.GHG.CH4.MT.CE.AR5,14.82
Sri Lanka,LKA,1970,Methane (CH4) emissions (total) excluding LULUCF (Mt CO2e),EN.GHG.CH4.MT.CE.AR5,14.9977
Sri Lanka,LKA,2023,Methane (CH4) emissions from Power Industry (Energy) (Mt CO2e),EN.GHG.CH4.PI.MT.CE.AR5,0.005
Sri Lanka,LKA,2022,Methane (CH4) emissions from Power Industry (Energy) (Mt CO2e),EN.GHG.CH4.PI.MT.CE.AR5,0.005
Sri Lanka,LKA,2021,Methane (CH4) emissions from Power Industry (Energy) (Mt CO2e),EN.GHG.CH4.PI.MT.CE.AR5,0.0055
Sri Lanka,LKA,2020,Methane (CH4) emissions from Power Industry (Energy) (Mt CO2e),EN.GHG.CH4.PI.MT.CE.AR5,0.0067
Sri Lanka,LKA,2019,Methane (CH4) emissions from Power Industry (Energy) (Mt CO2e),EN.GHG.CH4.PI.MT.CE.AR5,0.0077
Sri Lanka,LKA,2018,Methane (CH4) emissions from Power Industry (Energy) (Mt CO2e),EN.GHG.CH4.PI.MT.CE.AR5,0.0059
Sri Lanka,LKA,2017,Methane (CH4) emissions from Power Industry (Energy) (Mt CO2e),EN.GHG.CH4.PI.MT.CE.AR5,0.0066
Sri Lanka,LKA,2016,Methane (CH4) emissions from Power Industry (Energy) (Mt CO2e),EN.GHG.CH4.PI.MT.CE.AR5,0.0061
Sri Lanka,LKA,2015,Methane (CH4) emissions from Power Industry (Energy) (Mt CO2e),EN.GHG.CH4.PI.MT.CE.AR5,0.004
Sri Lanka,LKA,2014,Methane (CH4) emissions from Power Industry (Energy) (Mt CO2e),EN.GHG.CH4.PI.MT.CE.AR5,0.0049
Sri Lanka,LKA,2013,Methane (CH4) emissions from Power Industry (Energy) (Mt CO2e),EN.GHG.CH4.PI.MT.CE.AR5,0.0033
Sri Lanka,LKA,2012,Methane (CH4) emissions from Power Industry (Energy) (Mt CO2e),EN.GHG.CH4.PI.MT.CE.AR5,0.0058
Sri Lanka,LKA,2011,Methane (CH4) emissions from Power Industry (Energy) (Mt CO2e),EN.GHG.CH4.PI.MT.CE.AR5,0.0052
Sri Lanka,LKA,2010,Methane (CH4) emissions from Power Industry (Energy) (Mt CO2e),EN.GHG.CH4.PI.MT.CE.AR5,0.0043
Sri Lanka,LKA,2009,Methane (CH4) emissions from Power Industry (Energy) (Mt CO2e),EN.GHG.CH4.PI.MT.CE.AR5,0.0048
Sri Lanka,LKA,2008,Methane (CH4) emissions from Power Industry (Energy) (Mt CO2e),EN.GHG.CH4.PI.MT.CE.AR5,0.0043
Sri Lanka,LKA,2007,Methane (CH4) emissions from Power Industry (Energy) (Mt CO2e),EN.GHG.CH4.PI.MT.CE.AR5,0.0042
Sri Lanka,LKA,2006,Methane (CH4) emissions from Power Industry (Energy) (Mt CO2e),EN.GHG.CH4.PI.MT.CE.AR5,0.0035
Sri Lanka,LKA,2005,Methane (CH4) emissions from Power Industry (Energy) (Mt CO2e),EN.GHG.CH4.PI.MT.CE.AR5,0.0049
Sri Lanka,LKA,2004,Methane (CH4) emissions from Power Industry (Energy) (Mt CO2e),EN.GHG.CH4.PI.MT.CE.AR5,0.0045
Sri Lanka,LKA,2003,Methane (CH4) emissions from Power Industry (Energy) (Mt CO2e),EN.GHG.CH4.PI.MT.CE.AR5,0.004
Sri Lanka,LKA,2002,Methane (CH4) emissions from Power Industry (Energy) (Mt CO2e),EN.GHG.CH4.PI.MT.CE.AR5,0.0035
Sri Lanka,LKA,2001,Methane (CH4) emissions from Power Industry (Energy) (Mt CO2e),EN.GHG.CH4.PI.MT.CE.AR5,0.0031
Sri Lanka,LKA,2000,Methane (CH4) emissions from Power Industry (Energy) (Mt CO2e),EN.GHG.CH4.PI.MT.CE.AR5,0.0033
Sri Lanka,LKA,1999,Methane (CH4) emissions from Power Industry (Energy) (Mt CO2e),EN.GHG.CH4.PI.MT.CE.AR5,0.0015
Sri Lanka,LKA,1998,Methane (CH4) emissions from Power Industry (Energy) (Mt CO2e),EN.GHG.CH4.PI.MT.CE.AR5,0.0012
Sri Lanka,LKA,1997,Methane (CH4) emissions from Power Industry (Energy) (Mt CO2e),EN.GHG.CH4.PI.MT.CE.AR5,0.0013
Sri Lanka,LKA,1996,Methane (CH4) emissions from Power Industry (Energy) (Mt CO2e),EN.GHG.CH4.PI.MT.CE.AR5,0.0011
Sri Lanka,LKA,1995,Methane (CH4) emissions from Power Industry (Energy) (Mt CO2e),EN.GHG.CH4.PI.MT.CE.AR5,0.0003
Sri Lanka,LKA,1994,Methane (CH4) emissions from Power Industry (Energy) (Mt CO2e),EN.GHG.CH4.PI.MT.CE.AR5,0.0003
Sri Lanka,LKA,1993,Methane (CH4) emissions from Power Industry (Energy) (Mt CO2e),EN.GHG.CH4.PI.MT.CE.AR5,0.0003
Sri Lanka,LKA,1992,Methane (CH4) emissions from Power Industry (Energy) (Mt CO2e),EN.GHG.CH4.PI.MT.CE.AR5,0.0007
Sri Lanka,LKA,1991,Methane (CH4) emissions from Power Industry (Energy) (Mt CO2e),EN.GHG.CH4.PI.MT.CE.AR5,0.0002
Sri Lanka,LKA,1990,Methane (CH4) emissions from Power Industry (Energy) (Mt CO2e),EN.GHG.CH4.PI.MT.CE.AR5,0.0
Sri Lanka,LKA,1989,Methane (CH4) emissions from Power Industry (Energy) (Mt CO2e),EN.GHG.CH4.PI.MT.CE.AR5,0.0
Sri Lanka,LKA,1988,Methane (CH4) emissions from Power Industry (Energy) (Mt CO2e),EN.GHG.CH4.PI.MT.CE.AR5,0.0002
Sri Lanka,LKA,1987,Methane (CH4) emissions from Power Industry (Energy) (Mt CO2e),EN.GHG.CH4.PI.MT.CE.AR5,0.0005
Sri Lanka,LKA,1986,Methane (CH4) emissions from Power Industry (Energy) (Mt CO2e),EN.GHG.CH4.PI.MT.CE.AR5,0.0
Sri Lanka,LKA,1985,Methane (CH4) emissions from Power Industry (Energy) (Mt CO2e),EN.GHG.CH4.PI.MT.CE.AR5,0.0
Sri Lanka,LKA,1984,Methane (CH4) emissions from Power Industry (Energy) (Mt CO2e),EN.GHG.CH4.PI.MT.CE.AR5,0.0002
Sri Lanka,LKA,1983,Methane (CH4) emissions from Power Industry (Energy) (Mt CO2e),EN.GHG.CH4.PI.MT.CE.AR5,0.001
Sri Lanka,LKA,1982,Methane (CH4) emissions from Power Industry (Energy) (Mt CO2e),EN.GHG.CH4.PI.MT.CE.AR5,0.0005
Sri Lanka,LKA,1981,Methane (CH4) emissions from Power Industry (Energy) (Mt CO2e),EN.GHG.CH4.PI.MT.CE.AR5,0.0003
Sri Lanka,LKA,1980,Methane (CH4) emissions from Power Industry (Energy) (Mt CO2e),EN.GHG.CH4.PI.MT.CE.AR5,0.0003
Sri Lanka,LKA,1979,Methane (CH4) emissions from Power Industry (Energy) (Mt CO2e),EN.GHG.CH4.PI.MT.CE.AR5,0.0001
Sri Lanka,LKA,1978,Methane (CH4) emissions from Power Industry (Energy) (Mt CO2e),EN.GHG.CH4.PI.MT.CE.AR5,0.0
Sri Lanka,LKA,1977,Methane (CH4) emissions from Power Industry (Energy) (Mt CO2e),EN.GHG.CH4.PI.MT.CE.AR5,0.0
Sri Lanka,LKA,1976,Methane (CH4) emissions from Power Industry (Energy) (Mt CO2e),EN.GHG.CH4.PI.MT.CE.AR5,0.0
Sri Lanka,LKA,1975,Methane (CH4) emissions from Power Industry (Energy) (Mt CO2e),EN.GHG.CH4.PI.MT.CE.AR5,0.0
Sri Lanka,LKA,1974,Methane (CH4) emissions from Power Industry (Energy) (Mt CO2e),EN.GHG.CH4.PI.MT.CE.AR5,0.0
Sri Lanka,LKA,1973,Methane (CH4) emissions from Power Industry (Energy) (Mt CO2e),EN.GHG.CH4.PI.MT.CE.AR5,0.0001
Sri Lanka,LKA,1972,Methane (CH4) emissions from Power Industry (Energy) (Mt CO2e),EN.GHG.CH4.PI.MT.CE.AR5,0.0001
Sri Lanka,LKA,1971,Methane (CH4) emissions from Power Industry (Energy) (Mt CO2e),EN.GHG.CH4.PI.MT.CE.AR5,0.0
Sri Lanka,LKA,1970,Methane (CH4) emissions from Power Industry (Energy) (Mt CO2e),EN.GHG.CH4.PI.MT.CE.AR5,0.0
Sri Lanka,LKA,2023,Methane (CH4) emissions from Transport (Energy) (Mt CO2e),EN.GHG.CH4.TR.MT.CE.AR5,0.0575
Sri Lanka,LKA,2022,Methane (CH4) emissions from Transport (Energy) (Mt CO2e),EN.GHG.CH4.TR.MT.CE.AR5,0.0524
Sri Lanka,LKA,2021,Methane (CH4) emissions from Transport (Energy) (Mt CO2e),EN.GHG.CH4.TR.MT.CE.AR5,0.0626
Sri Lanka,LKA,2020,Methane (CH4) emissions from Transport (Energy) (Mt CO2e),EN.GHG.CH4.TR.MT.CE.AR5,0.0571
Sri Lanka,LKA,2019,Methane (CH4) emissions from Transport (Energy) (Mt CO2e),EN.GHG.CH4.TR.MT.CE.AR5,0.065
Sri Lanka,LKA,2018,Methane (CH4) emissions from Transport (Energy) (Mt CO2e),EN.GHG.CH4.TR.MT.CE.AR5,0.0625
Sri Lanka,LKA,2017,Methane (CH4) emissions from Transport (Energy) (Mt CO2e),EN.GHG.CH4.TR.MT.CE.AR5,0.072
Sri Lanka,LKA,2016,Methane (CH4) emissions from Transport (Energy) (Mt CO2e),EN.GHG.CH4.TR.MT.CE.AR5,0.0771
Sri Lanka,LKA,2015,Methane (CH4) emissions from Transport (Energy) (Mt CO2e),EN.GHG.CH4.TR.MT.CE.AR5,0.0524
Sri Lanka,LKA,2014,Methane (CH4) emissions from Transport (Energy) (Mt CO2e),EN.GHG.CH4.TR.MT.CE.AR5,0.0484
Sri Lanka,LKA,2013,Methane (CH4) emissions from Transport (Energy) (Mt CO2e),EN.GHG.CH4.TR.MT.CE.AR5,0.0471
Sri Lanka,LKA,2012,Methane (CH4) emissions from Transport (Energy) (Mt CO2e),EN.GHG.CH4.TR.MT.CE.AR5,0.0583
Sri Lanka,LKA,2011,Methane (CH4) emissions from Transport (Energy) (Mt CO2e),EN.GHG.CH4.TR.MT.CE.AR5,0.0497
Sri Lanka,LKA,2010,Methane (CH4) emissions from Transport (Energy) (Mt CO2e),EN.GHG.CH4.TR.MT.CE.AR5,0.0487
Sri Lanka,LKA,2009,Methane (CH4) emissions from Transport (Energy) (Mt CO2e),EN.GHG.CH4.TR.MT.CE.AR5,0.0399
Sri Lanka,LKA,2008,Methane (CH4) emissions from Transport (Energy) (Mt CO2e),EN.GHG.CH4.TR.MT.CE.AR5,0.0412
Sri Lanka,LKA,2007,Methane (CH4) emissions from Transport (Energy) (Mt CO2e),EN.GHG.CH4.TR.MT.CE.AR5,0.0463
Sri Lanka,LKA,2006,Methane (CH4) emissions from Transport (Energy) (Mt CO2e),EN.GHG.CH4.TR.MT.CE.AR5,0.0538
Sri Lanka,LKA,2005,Methane (CH4) emissions from Transport (Energy) (Mt CO2e),EN.GHG.CH4.TR.MT.CE.AR5,0.064
Sri Lanka,LKA,2004,Methane (CH4) emissions from Transport (Energy) (Mt CO2e),EN.GHG.CH4.TR.MT.CE.AR5,0.0504
Sri Lanka,LKA,2003,Methane (CH4) emissions from Transport (Energy) (Mt CO2e),EN.GHG.CH4.TR.MT.CE.AR5,0.0505
Sri Lanka,LKA,2002,Methane (CH4) emissions from Transport (Energy) (Mt CO2e),EN.GHG.CH4.TR.MT.CE.AR5,0.0502
Sri Lanka,LKA,2001,Methane (CH4) emissions from Transport (Energy) (Mt CO2e),EN.GHG.CH4.TR.MT.CE.AR5,0.0419
Sri Lanka,LKA,2000,Methane (CH4) emissions from Transport (Energy) (Mt CO2e),EN.GHG.CH4.TR.MT.CE.AR5,0.0461
Sri Lanka,LKA,1999,Methane (CH4) emissions from Transport (Energy) (Mt CO2e),EN.GHG.CH4.TR.MT.CE.AR5,0.0427
Sri Lanka,LKA,1998,Methane (CH4) emissions from Transport (Energy) (Mt CO2e),EN.GHG.CH4.TR.MT.CE.AR5,0.0391
Sri Lanka,LKA,1997,Methane (CH4) emissions from Transport (Energy) (Mt CO2e),EN.GHG.CH4.TR.MT.CE.AR5,0.0361
Sri Lanka,LKA,1996,Methane (CH4) emissions from Transport (Energy) (Mt CO2e),EN.GHG.CH4.TR.MT.CE.AR5,0.0367
Sri Lanka,LKA,1995,Methane (CH4) emissions from Transport (Energy) (Mt CO2e),EN.GHG.CH4.TR.MT.CE.AR5,0.0299
Sri Lanka,LKA,1994,Methane (CH4) emissions from Transport (Energy) (Mt CO2e),EN.GHG.CH4.TR.MT.CE.AR5,0.0267
Sri Lanka,LKA,1993,Methane (CH4) emissions from Transport (Energy) (Mt CO2e),EN.GHG.CH4.TR.MT.CE.AR5,0.0223
Sri Lanka,LKA,1992,Methane (CH4) emissions from Transport (Energy) (Mt CO2e),EN.GHG.CH4.TR.MT.CE.AR5,0.0193
Sri Lanka,LKA,1991,Methane (CH4) emissions from Transport (Energy) (Mt CO2e),EN.GHG.CH4.TR.MT.CE.AR5,0.0171
Sri Lanka,LKA,1990,Methane (CH4) emissions from Transport (Energy) (Mt CO2e),EN.GHG.CH4.TR.MT.CE.AR5,0.0172
Sri Lanka,LKA,1989,Methane (CH4) emissions from Transport (Energy) (Mt CO2e),EN.GHG.CH4.TR.MT.CE.AR5,0.0167
Sri Lanka,LKA,1988,Methane (CH4) emissions from Transport (Energy) (Mt CO2e),EN.GHG.CH4.TR.MT.CE.AR5,0.0153
Sri Lanka,LKA,1987,Methane (CH4) emissions from Transport (Energy) (Mt CO2e),EN.GHG.CH4.TR.MT.CE.AR5,0.014
Sri Lanka,LKA,1986,Methane (CH4) emissions from Transport (Energy) (Mt CO2e),EN.GHG.CH4.TR.MT.CE.AR5,0.013
Sri Lanka,LKA,1985,Methane (CH4) emissions from Transport (Energy) (Mt CO2e),EN.GHG.CH4.TR.MT.CE.AR5,0.0123
Sri Lanka,LKA,1984,Methane (CH4) emissions from Transport (Energy) (Mt CO2e),EN.GHG.CH4.TR.MT.CE.AR5,0.0115
Sri Lanka,LKA,1983,Methane (CH4) emissions from Transport (Energy) (Mt CO2e),EN.GHG.CH4.TR.MT.CE.AR5,0.0106
Sri Lanka,LKA,1982,Methane (CH4) emissions from Transport (Energy) (Mt CO2e),EN.GHG.CH4.TR.MT.CE.AR5,0.01
Sri Lanka,LKA,1981,Methane (CH4) emissions from Transport (Energy) (Mt CO2e),EN.GHG.CH4.TR.MT.CE.AR5,0.0091
Sri Lanka,LKA,1980,Methane (CH4) emissions from Transport (Energy) (Mt CO2e),EN.GHG.CH4.TR.MT.CE.AR5,0.0086
Sri Lanka,LKA,1979,Methane (CH4) emissions from Transport (Energy) (Mt CO2e),EN.GHG.CH4.TR.MT.CE.AR5,0.0084
Sri Lanka,LKA,1978,Methane (CH4) emissions from Transport (Energy) (Mt CO2e),EN.GHG.CH4.TR.MT.CE.AR5,0.0081
Sri Lanka,LKA,1977,Methane (CH4) emissions from Transport (Energy) (Mt CO2e),EN.GHG.CH4.TR.MT.CE.AR5,0.0066
Sri Lanka,LKA,1976,Methane (CH4) emissions from Transport (Energy) (Mt CO2e),EN.GHG.CH4.TR.MT.CE.AR5,0.0061
Sri Lanka,LKA,1975,Methane (CH4) emissions from Transport (Energy) (Mt CO2e),EN.GHG.CH4.TR.MT.CE.AR5,0.0055
Sri Lanka,LKA,1974,Methane (CH4) emissions from Transport (Energy) (Mt CO2e),EN.GHG.CH4.TR.MT.CE.AR5,0.0061
Sri Lanka,LKA,1973,Methane (CH4) emissions from Transport (Energy) (Mt CO2e),EN.GHG.CH4.TR.MT.CE.AR5,0.0081
Sri Lanka,LKA,1972,Methane (CH4) emissions from Transport (Energy) (Mt CO2e),EN.GHG.CH4.TR.MT.CE.AR5,0.0085
Sri Lanka,LKA,1971,Methane (CH4) emissions from Transport (Energy) (Mt CO2e),EN.GHG.CH4.TR.MT.CE.AR5,0.0068
Sri Lanka,LKA,1970,Methane (CH4) emissions from Transport (Energy) (Mt CO2e),EN.GHG.CH4.TR.MT.CE.AR5,0.0065
Sri Lanka,LKA,2023,Methane (CH4) emissions from Waste (Mt CO2e),EN.GHG.CH4.WA.MT.CE.AR5,4.7557
Sri Lanka,LKA,2022,Methane (CH4) emissions from Waste (Mt CO2e),EN.GHG.CH4.WA.MT.CE.AR5,4.6943
Sri Lanka,LKA,2021,Methane (CH4) emissions from Waste (Mt CO2e),EN.GHG.CH4.WA.MT.CE.AR5,4.6311
Sri Lanka,LKA,2020,Methane (CH4) emissions from Waste (Mt CO2e),EN.GHG.CH4.WA.MT.CE.AR5,4.5672
Sri Lanka,LKA,2019,Methane (CH4) emissions from Waste (Mt CO2e),EN.GHG.CH4.WA.MT.CE.AR5,4.5074
Sri Lanka,LKA,2018,Methane (CH4) emissions from Waste (Mt CO2e),EN.GHG.CH4.WA.MT.CE.AR5,4.447
Sri Lanka,LKA,2017,Methane (CH4) emissions from Waste (Mt CO2e),EN.GHG.CH4.WA.MT.CE.AR5,4.3877
Sri Lanka,LKA,2016,Methane (CH4) emissions from Waste (Mt CO2e),EN.GHG.CH4.WA.MT.CE.AR5,4.3249
Sri Lanka,LKA,2015,Methane (CH4) emissions from Waste (Mt CO2e),EN.GHG.CH4.WA.MT.CE.AR5,4.2552
Sri Lanka,LKA,2014,Methane (CH4) emissions from Waste (Mt CO2e),EN.GHG.CH4.WA.MT.CE.AR5,4.1949
Sri Lanka,LKA,2013,Methane (CH4) emissions from Waste (Mt CO2e),EN.GHG.CH4.WA.MT.CE.AR5,4.1383
Sri Lanka,LKA,2012,Methane (CH4) emissions from Waste (Mt CO2e),EN.GHG.CH4.WA.MT.CE.AR5,4.0862
Sri Lanka,LKA,2011,Methane (CH4) emissions from Waste (Mt CO2e),EN.GHG.CH4.WA.MT.CE.AR5,3.9944
Sri Lanka,LKA,2010,Methane (CH4) emissions from Waste (Mt CO2e),EN.GHG.CH4.WA.MT.CE.AR5,3.911
Sri Lanka,LKA,2009,Methane (CH4) emissions from Waste (Mt CO2e),EN.GHG.CH4.WA.MT.CE.AR5,3.837
Sri Lanka,LKA,2008,Methane (CH4) emissions from Waste (Mt CO2e),EN.GHG.CH4.WA.MT.CE.AR5,3.7912
Sri Lanka,LKA,2007,Methane (CH4) emissions from Waste (Mt CO2e),EN.GHG.CH4.WA.MT.CE.AR5,3.7271
Sri Lanka,LKA,2006,Methane (CH4) emissions from Waste (Mt CO2e),EN.GHG.CH4.WA.MT.CE.AR5,3.6561
Sri Lanka,LKA,2005,Methane (CH4) emissions from Waste (Mt CO2e),EN.GHG.CH4.WA.MT.CE.AR5,3.5829
Sri Lanka,LKA,2004,Methane (CH4) emissions from Waste (Mt CO2e),EN.GHG.CH4.WA.MT.CE.AR5,3.5175
Sri Lanka,LKA,2003,Methane (CH4) emissions from Waste (Mt CO2e),EN.GHG.CH4.WA.MT.CE.AR5,3.4559
Sri Lanka,LKA,2002,Methane (CH4) emissions from Waste (Mt CO2e),EN.GHG.CH4.WA.MT.CE.AR5,3.3935
Sri Lanka,LKA,2001,Methane (CH4) emissions from Waste (Mt CO2e),EN.GHG.CH4.WA.MT.CE.AR5,3.3521
Sri Lanka,LKA,2000,Methane (CH4) emissions from Waste (Mt CO2e),EN.GHG.CH4.WA.MT.CE.AR5,3.3391
Sri Lanka,LKA,1999,Methane (CH4) emissions from Waste (Mt CO2e),EN.GHG.CH4.WA.MT.CE.AR5,3.2855
Sri Lanka,LKA,1998,Methane (CH4) emissions from Waste (Mt CO2e),EN.GHG.CH4.WA.MT.CE.AR5,3.2437
Sri Lanka,LKA,1997,Methane (CH4) emissions from Waste (Mt CO2e),EN.GHG.CH4.WA.MT.CE.AR5,3.1983
Sri Lanka,LKA,1996,Methane (CH4) emissions from Waste (Mt CO2e),EN.GHG.CH4.WA.MT.CE.AR5,3.144
Sri Lanka,LKA,1995,Methane (CH4) emissions from Waste (Mt CO2e),EN.GHG.CH4.WA.MT.CE.AR5,3.1016
Sri Lanka,LKA,1994,Methane (CH4) emissions from Waste (Mt CO2e),EN.GHG.CH4.WA.MT.CE.AR5,3.0449
Sri Lanka,LKA,1993,Methane (CH4) emissions from Waste (Mt CO2e),EN.GHG.CH4.WA.MT.CE.AR5,2.9842
Sri Lanka,LKA,1992,Methane (CH4) emissions from Waste (Mt CO2e),EN.GHG.CH4.WA.MT.CE.AR5,2.9153
Sri Lanka,LKA,1991,Methane (CH4) emissions from Waste (Mt CO2e),EN.GHG.CH4.WA.MT.CE.AR5,2.8651
Sri Lanka,LKA,1990,Methane (CH4) emissions from Waste (Mt CO2e),EN.GHG.CH4.WA.MT.CE.AR5,2.8117
Sri Lanka,LKA,1989,Methane (CH4) emissions from Waste (Mt CO2e),EN.GHG.CH4.WA.MT.CE.AR5,2.7768
Sri Lanka,LKA,1988,Methane (CH4) emissions from Waste (Mt CO2e),EN.GHG.CH4.WA.MT.CE.AR5,2.7405
Sri Lanka,LKA,1987,Methane (CH4) emissions from Waste (Mt CO2e),EN.GHG.CH4.WA.MT.CE.AR5,2.7043
Sri Lanka,LKA,1986,Methane (CH4) emissions from Waste (Mt CO2e),EN.GHG.CH4.WA.MT.CE.AR5,2.6685
Sri Lanka,LKA,1985,Methane (CH4) emissions from Waste (Mt CO2e),EN.GHG.CH4.WA.MT.CE.AR5,2.6392
Sri Lanka,LKA,1984,Methane (CH4) emissions from Waste (Mt CO2e),EN.GHG.CH4.WA.MT.CE.AR5,2.6237
Sri Lanka,LKA,1983,Methane (CH4) emissions from Waste (Mt CO2e),EN.GHG.CH4.WA.MT.CE.AR5,2.5855
Sri Lanka,LKA,1982,Methane (CH4) emissions from Waste (Mt CO2e),EN.GHG.CH4.WA.MT.CE.AR5,2.5554
Sri Lanka,LKA,1981,Methane (CH4) emissions from Waste (Mt CO2e),EN.GHG.CH4.WA.MT.CE.AR5,2.4898
Sri Lanka,LKA,1980,Methane (CH4) emissions from Waste (Mt CO2e),EN.GHG.CH4.WA.MT.CE.AR5,2.4503
Sri Lanka,LKA,1979,Methane (CH4) emissions from Waste (Mt CO2e),EN.GHG.CH4.WA.MT.CE.AR5,2.4018
Sri Lanka,LKA,1978,Methane (CH4) emissions from Waste (Mt CO2e),EN.GHG.CH4.WA.MT.CE.AR5,2.353
Sri Lanka,LKA,1977,Methane (CH4) emissions from Waste (Mt CO2e),EN.GHG.CH4.WA.MT.CE.AR5,2.3036
Sri Lanka,LKA,1976,Methane (CH4) emissions from Waste (Mt CO2e),EN.GHG.CH4.WA.MT.CE.AR5,2.2546
Sri Lanka,LKA,1975,Methane (CH4) emissions from Waste (Mt CO2e),EN.GHG.CH4.WA.MT.CE.AR5,2.2058
Sri Lanka,LKA,1974,Methane (CH4) emissions from Waste (Mt CO2e),EN.GHG.CH4.WA.MT.CE.AR5,2.1554
Sri Lanka,LKA,1973,Methane (CH4) emissions from Waste (Mt CO2e),EN.GHG.CH4.WA.MT.CE.AR5,2.1059
Sri Lanka,LKA,1972,Methane (CH4) emissions from Waste (Mt CO2e),EN.GHG.CH4.WA.MT.CE.AR5,2.0569
Sri Lanka,LKA,1971,Methane (CH4) emissions from Waste (Mt CO2e),EN.GHG.CH4.WA.MT.CE.AR5,2.0076
Sri Lanka,LKA,1970,Methane (CH4) emissions from Waste (Mt CO2e),EN.GHG.CH4.WA.MT.CE.AR5,1.7607
Sri Lanka,LKA,2023,Methane (CH4) emissions (total) excluding LULUCF (% change from 1990),EN.GHG.CH4.ZG.AR5,4.16316612596774
Sri Lanka,LKA,2022,Methane (CH4) emissions (total) excluding LULUCF (% change from 1990),EN.GHG.CH4.ZG.AR5,2.95531802142976
Sri Lanka,LKA,2021,Methane (CH4) emissions (total) excluding LULUCF (% change from 1990),EN.GHG.CH4.ZG.AR5,3.44711706238934
Sri Lanka,LKA,2020,Methane (CH4) emissions (total) excluding LULUCF (% change from 1990),EN.GHG.CH4.ZG.AR5,-0.262378989000767
Sri Lanka,LKA,2019,Methane (CH4) emissions (total) excluding LULUCF (% change from 1990),EN.GHG.CH4.ZG.AR5,-6.43604027452857
Sri Lanka,LKA,2018,Methane (CH4) emissions (total) excluding LULUCF (% change from 1990),EN.GHG.CH4.ZG.AR5,-2.5326681228916
Sri Lanka,LKA,2017,Methane (CH4) emissions (total) excluding LULUCF (% change from 1990),EN.GHG.CH4.ZG.AR5,-15.7873308431025
Sri Lanka,LKA,2016,Methane (CH4) emissions (total) excluding LULUCF (% change from 1990),EN.GHG.CH4.ZG.AR5,1.0094482286187
Sri Lanka,LKA,2015,Methane (CH4) emissions (total) excluding LULUCF (% change from 1990),EN.GHG.CH4.ZG.AR5,5.75359640165958
Sri Lanka,LKA,2014,Methane (CH4) emissions (total) excluding LULUCF (% change from 1990),EN.GHG.CH4.ZG.AR5,-10.3840039292223
Sri Lanka,LKA,2013,Methane (CH4) emissions (total) excluding LULUCF (% change from 1990),EN.GHG.CH4.ZG.AR5,5.43499334358724
Sri Lanka,LKA,2012,Methane (CH4) emissions (total) excluding LULUCF (% change from 1990),EN.GHG.CH4.ZG.AR5,0.274657808683054
Sri Lanka,LKA,2011,Methane (CH4) emissions (total) excluding LULUCF (% change from 1990),EN.GHG.CH4.ZG.AR5,0.308262999392506
Sri Lanka,LKA,2010,Methane (CH4) emissions (total) excluding LULUCF (% change from 1990),EN.GHG.CH4.ZG.AR5,0.604247179102724
Sri Lanka,LKA,2009,Methane (CH4) emissions (total) excluding LULUCF (% change from 1990),EN.GHG.CH4.ZG.AR5,-7.39314195608061
Sri Lanka,LKA,2008,Methane (CH4) emissions (total) excluding LULUCF (% change from 1990),EN.GHG.CH4.ZG.AR5,-1.66410319378563
Sri Lanka,LKA,2007,Methane (CH4) emissions (total) excluding LULUCF (% change from 1990),EN.GHG.CH4.ZG.AR5,-14.271219739172
Sri Lanka,LKA,2006,Methane (CH4) emissions (total) excluding LULUCF (% change from 1990),EN.GHG.CH4.ZG.AR5,-10.405976553917
Sri Lanka,LKA,2005,Methane (CH4) emissions (total) excluding LULUCF (% change from 1990),EN.GHG.CH4.ZG.AR5,-10.6444441572206
Sri Lanka,LKA,2004,Methane (CH4) emissions (total) excluding LULUCF (% change from 1990),EN.GHG.CH4.ZG.AR5,-21.0542982331425
Sri Lanka,LKA,2003,Methane (CH4) emissions (total) excluding LULUCF (% change from 1990),EN.GHG.CH4.ZG.AR5,-12.7221496981995
Sri Lanka,LKA,2002,Methane (CH4) emissions (total) excluding LULUCF (% change from 1990),EN.GHG.CH4.ZG.AR5,-17.6724527911696
Sri Lanka,LKA,2001,Methane (CH4) emissions (total) excluding LULUCF (% change from 1990),EN.GHG.CH4.ZG.AR5,-19.8335250552547
Sri Lanka,LKA,2000,Methane (CH4) emissions (total) excluding LULUCF (% change from 1990),EN.GHG.CH4.ZG.AR5,-16.4529721206168
Sri Lanka,LKA,1999,Methane (CH4) emissions (total) excluding LULUCF (% change from 1990),EN.GHG.CH4.ZG.AR5,-14.0592485362354
Sri Lanka,LKA,1998,Methane (CH4) emissions (total) excluding LULUCF (% change from 1990),EN.GHG.CH4.ZG.AR5,-18.6282619653866
Sri Lanka,LKA,1997,Methane (CH4) emissions (total) excluding LULUCF (% change from 1990),EN.GHG.CH4.ZG.AR5,-14.4308443950419
Sri Lanka,LKA,1996,Methane (CH4) emissions (total) excluding LULUCF (% change from 1990),EN.GHG.CH4.ZG.AR5,-14.8412154738978
Sri Lanka,LKA,1995,Methane (CH4) emissions (total) excluding LULUCF (% change from 1990),EN.GHG.CH4.ZG.AR5,-1.63825304708605
Sri Lanka,LKA,1994,Methane (CH4) emissions (total) excluding LULUCF (% change from 1990),EN.GHG.CH4.ZG.AR5,-0.372242112473997
Sri Lanka,LKA,1993,Methane (CH4) emissions (total) excluding LULUCF (% change from 1990),EN.GHG.CH4.ZG.AR5,-4.10112577388877
Sri Lanka,LKA,1992,Methane (CH4) emissions (total) excluding LULUCF (% change from 1990),EN.GHG.CH4.ZG.AR5,-6.5943724230635
Sri Lanka,LKA,1991,Methane (CH4) emissions (total) excluding LULUCF (% change from 1990),EN.GHG.CH4.ZG.AR5,-6.1671987488529
Sri Lanka,LKA,2023,Carbon dioxide (CO2) emissions from Agriculture (Mt CO2e),EN.GHG.CO2.AG.MT.CE.AR5,0.1371
Sri Lanka,LKA,2022,Carbon dioxide (CO2) emissions from Agriculture (Mt CO2e),EN.GHG.CO2.AG.MT.CE.AR5,0.1583
Sri Lanka,LKA,2021,Carbon dioxide (CO2) emissions from Agriculture (Mt CO2e),EN.GHG.CO2.AG.MT.CE.AR5,0.183
Sri Lanka,LKA,2020,Carbon dioxide (CO2) emissions from Agriculture (Mt CO2e),EN.GHG.CO2.AG.MT.CE.AR5,0.3542
Sri Lanka,LKA,2019,Carbon dioxide (CO2) emissions from Agriculture (Mt CO2e),EN.GHG.CO2.AG.MT.CE.AR5,0.2263
Sri Lanka,LKA,2018,Carbon dioxide (CO2) emissions from Agriculture (Mt CO2e),EN.GHG.CO2.AG.MT.CE.AR5,0.2876
Sri Lanka,LKA,2017,Carbon dioxide (CO2) emissions from Agriculture (Mt CO2e),EN.GHG.CO2.AG.MT.CE.AR5,0.2552
Sri Lanka,LKA,2016,Carbon dioxide (CO2) emissions from Agriculture (Mt CO2e),EN.GHG.CO2.AG.MT.CE.AR5,0.3065
Sri Lanka,LKA,2015,Carbon dioxide (CO2) emissions from Agriculture (Mt CO2e),EN.GHG.CO2.AG.MT.CE.AR5,0.4535
Sri Lanka,LKA,2014,Carbon dioxide (CO2) emissions from Agriculture (Mt CO2e),EN.GHG.CO2.AG.MT.CE.AR5,0.3917
Sri Lanka,LKA,2013,Carbon dioxide (CO2) emissions from Agriculture (Mt CO2e),EN.GHG.CO2.AG.MT.CE.AR5,0.3546
Sri Lanka,LKA,2012,Carbon dioxide (CO2) emissions from Agriculture (Mt CO2e),EN.GHG.CO2.AG.MT.CE.AR5,0.3459
Sri Lanka,LKA,2011,Carbon dioxide (CO2) emissions from Agriculture (Mt CO2e),EN.GHG.CO2.AG.MT.CE.AR5,0.3555
Sri Lanka,LKA,2010,Carbon dioxide (CO2) emissions from Agriculture (Mt CO2e),EN.GHG.CO2.AG.MT.CE.AR5,0.3086
Sri Lanka,LKA,2009,Carbon dioxide (CO2) emissions from Agriculture (Mt CO2e),EN.GHG.CO2.AG.MT.CE.AR5,0.286
Sri Lanka,LKA,2008,Carbon dioxide (CO2) emissions from Agriculture (Mt CO2e),EN.GHG.CO2.AG.MT.CE.AR5,0.2774
Sri Lanka,LKA,2007,Carbon dioxide (CO2) emissions from Agriculture (Mt CO2e),EN.GHG.CO2.AG.MT.CE.AR5,0.2719
Sri Lanka,LKA,2006,Carbon dioxide (CO2) emissions from Agriculture (Mt CO2e),EN.GHG.CO2.AG.MT.CE.AR5,0.2671
Sri Lanka,LKA,2005,Carbon dioxide (CO2) emissions from Agriculture (Mt CO2e),EN.GHG.CO2.AG.MT.CE.AR5,0.2499
Sri Lanka,LKA,2004,Carbon dioxide (CO2) emissions from Agriculture (Mt CO2e),EN.GHG.CO2.AG.MT.CE.AR5,0.3445
Sri Lanka,LKA,2003,Carbon dioxide (CO2) emissions from Agriculture (Mt CO2e),EN.GHG.CO2.AG.MT.CE.AR5,0.2609
Sri Lanka,LKA,2002,Carbon dioxide (CO2) emissions from Agriculture (Mt CO2e),EN.GHG.CO2.AG.MT.CE.AR5,0.3253
Sri Lanka,LKA,2001,Carbon dioxide (CO2) emissions from Agriculture (Mt CO2e),EN.GHG.CO2.AG.MT.CE.AR5,0.3168
Sri Lanka,LKA,2000,Carbon dioxide (CO2) emissions from Agriculture (Mt CO2e),EN.GHG.CO2.AG.MT.CE.AR5,0.3328
Sri Lanka,LKA,1999,Carbon dioxide (CO2) emissions from Agriculture (Mt CO2e),EN.GHG.CO2.AG.MT.CE.AR5,0.339
Sri Lanka,LKA,1998,Carbon dioxide (CO2) emissions from Agriculture (Mt CO2e),EN.GHG.CO2.AG.MT.CE.AR5,0.3027
Sri Lanka,LKA,1997,Carbon dioxide (CO2) emissions from Agriculture (Mt CO2e),EN.GHG.CO2.AG.MT.CE.AR5,0.2736
Sri Lanka,LKA,1996,Carbon dioxide (CO2) emissions from Agriculture (Mt CO2e),EN.GHG.CO2.AG.MT.CE.AR5,0.292
Sri Lanka,LKA,1995,Carbon dioxide (CO2) emissions from Agriculture (Mt CO2e),EN.GHG.CO2.AG.MT.CE.AR5,0.2752
Sri Lanka,LKA,1994,Carbon dioxide (CO2) emissions from Agriculture (Mt CO2e),EN.GHG.CO2.AG.MT.CE.AR5,0.2964
Sri Lanka,LKA,1993,Carbon dioxide (CO2) emissions from Agriculture (Mt CO2e),EN.GHG.CO2.AG.MT.CE.AR5,0.297
Sri Lanka,LKA,1992,Carbon dioxide (CO2) emissions from Agriculture (Mt CO2e),EN.GHG.CO2.AG.MT.CE.AR5,0.2712
Sri Lanka,LKA,1991,Carbon dioxide (CO2) emissions from Agriculture (Mt CO2e),EN.GHG.CO2.AG.MT.CE.AR5,0.2483
Sri Lanka,LKA,1990,Carbon dioxide (CO2) emissions from Agriculture (Mt CO2e),EN.GHG.CO2.AG.MT.CE.AR5,0.232
Sri Lanka,LKA,1989,Carbon dioxide (CO2) emissions from Agriculture (Mt CO2e),EN.GHG.CO2.AG.MT.CE.AR5,0.2525
Sri Lanka,LKA,1988,Carbon dioxide (CO2) emissions from Agriculture (Mt CO2e),EN.GHG.CO2.AG.MT.CE.AR5,0.2698
Sri Lanka,LKA,1987,Carbon dioxide (CO2) emissions from Agriculture (Mt CO2e),EN.GHG.CO2.AG.MT.CE.AR5,0.2483
Sri Lanka,LKA,1986,Carbon dioxide (CO2) emissions from Agriculture (Mt CO2e),EN.GHG.CO2.AG.MT.CE.AR5,0.229
Sri Lanka,LKA,1985,Carbon dioxide (CO2) emissions from Agriculture (Mt CO2e),EN.GHG.CO2.AG.MT.CE.AR5,0.2329
Sri Lanka,LKA,1984,Carbon dioxide (CO2) emissions from Agriculture (Mt CO2e),EN.GHG.CO2.AG.MT.CE.AR5,0.2356
Sri Lanka,LKA,1983,Carbon dioxide (CO2) emissions from Agriculture (Mt CO2e),EN.GHG.CO2.AG.MT.CE.AR5,0.2026
Sri Lanka,LKA,1982,Carbon dioxide (CO2) emissions from Agriculture (Mt CO2e),EN.GHG.CO2.AG.MT.CE.AR5,0.1787
Sri Lanka,LKA,1981,Carbon dioxide (CO2) emissions from Agriculture (Mt CO2e),EN.GHG.CO2.AG.MT.CE.AR5,0.1933
Sri Lanka,LKA,1980,Carbon dioxide (CO2) emissions from Agriculture (Mt CO2e),EN.GHG.CO2.AG.MT.CE.AR5,0.2374
Sri Lanka,LKA,1979,Carbon dioxide (CO2) emissions from Agriculture (Mt CO2e),EN.GHG.CO2.AG.MT.CE.AR5,0.2247
Sri Lanka,LKA,1978,Carbon dioxide (CO2) emissions from Agriculture (Mt CO2e),EN.GHG.CO2.AG.MT.CE.AR5,0.2385
Sri Lanka,LKA,1977,Carbon dioxide (CO2) emissions from Agriculture (Mt CO2e),EN.GHG.CO2.AG.MT.CE.AR5,0.1801
Sri Lanka,LKA,1976,Carbon dioxide (CO2) emissions from Agriculture (Mt CO2e),EN.GHG.CO2.AG.MT.CE.AR5,0.17
Sri Lanka,LKA,1975,Carbon dioxide (CO2) emissions from Agriculture (Mt CO2e),EN.GHG.CO2.AG.MT.CE.AR5,0.1241
Sri Lanka,LKA,1974,Carbon dioxide (CO2) emissions from Agriculture (Mt CO2e),EN.GHG.CO2.AG.MT.CE.AR5,0.2455
Sri Lanka,LKA,1973,Carbon dioxide (CO2) emissions from Agriculture (Mt CO2e),EN.GHG.CO2.AG.MT.CE.AR5,0.1732
Sri Lanka,LKA,1972,Carbon dioxide (CO2) emissions from Agriculture (Mt CO2e),EN.GHG.CO2.AG.MT.CE.AR5,0.1732
Sri Lanka,LKA,1971,Carbon dioxide (CO2) emissions from Agriculture (Mt CO2e),EN.GHG.CO2.AG.MT.CE.AR5,0.1732
Sri Lanka,LKA,1970,Carbon dioxide (CO2) emissions from Agriculture (Mt CO2e),EN.GHG.CO2.AG.MT.CE.AR5,0.1732
Sri Lanka,LKA,2023,Carbon dioxide (CO2) emissions from Building (Energy) (Mt CO2e),EN.GHG.CO2.BU.MT.CE.AR5,1.309
Sri Lanka,LKA,2022,Carbon dioxide (CO2) emissions from Building (Energy) (Mt CO2e),EN.GHG.CO2.BU.MT.CE.AR5,1.1915
Sri Lanka,LKA,2021,Carbon dioxide (CO2) emissions from Building (Energy) (Mt CO2e),EN.GHG.CO2.BU.MT.CE.AR5,1.4276
Sri Lanka,LKA,2020,Carbon dioxide (CO2) emissions from Building (Energy) (Mt CO2e),EN.GHG.CO2.BU.MT.CE.AR5,1.7039
Sri Lanka,LKA,2019,Carbon dioxide (CO2) emissions from Building (Energy) (Mt CO2e),EN.GHG.CO2.BU.MT.CE.AR5,1.7006
Sri Lanka,LKA,2018,Carbon dioxide (CO2) emissions from Building (Energy) (Mt CO2e),EN.GHG.CO2.BU.MT.CE.AR5,1.6711
Sri Lanka,LKA,2017,Carbon dioxide (CO2) emissions from Building (Energy) (Mt CO2e),EN.GHG.CO2.BU.MT.CE.AR5,1.4389
Sri Lanka,LKA,2016,Carbon dioxide (CO2) emissions from Building (Energy) (Mt CO2e),EN.GHG.CO2.BU.MT.CE.AR5,1.326
Sri Lanka,LKA,2015,Carbon dioxide (CO2) emissions from Building (Energy) (Mt CO2e),EN.GHG.CO2.BU.MT.CE.AR5,1.0409
Sri Lanka,LKA,2014,Carbon dioxide (CO2) emissions from Building (Energy) (Mt CO2e),EN.GHG.CO2.BU.MT.CE.AR5,0.9085
Sri Lanka,LKA,2013,Carbon dioxide (CO2) emissions from Building (Energy) (Mt CO2e),EN.GHG.CO2.BU.MT.CE.AR5,0.9208
Sri Lanka,LKA,2012,Carbon dioxide (CO2) emissions from Building (Energy) (Mt CO2e),EN.GHG.CO2.BU.MT.CE.AR5,1.0557
Sri Lanka,LKA,2011,Carbon dioxide (CO2) emissions from Building (Energy) (Mt CO2e),EN.GHG.CO2.BU.MT.CE.AR5,1.096
Sri Lanka,LKA,2010,Carbon dioxide (CO2) emissions from Building (Energy) (Mt CO2e),EN.GHG.CO2.BU.MT.CE.AR5,1.0505
Sri Lanka,LKA,2009,Carbon dioxide (CO2) emissions from Building (Energy) (Mt CO2e),EN.GHG.CO2.BU.MT.CE.AR5,0.921
Sri Lanka,LKA,2008,Carbon dioxide (CO2) emissions from Building (Energy) (Mt CO2e),EN.GHG.CO2.BU.MT.CE.AR5,0.9931
Sri Lanka,LKA,2007,Carbon dioxide (CO2) emissions from Building (Energy) (Mt CO2e),EN.GHG.CO2.BU.MT.CE.AR5,1.1254
Sri Lanka,LKA,2006,Carbon dioxide (CO2) emissions from Building (Energy) (Mt CO2e),EN.GHG.CO2.BU.MT.CE.AR5,1.2259
Sri Lanka,LKA,2005,Carbon dioxide (CO2) emissions from Building (Energy) (Mt CO2e),EN.GHG.CO2.BU.MT.CE.AR5,1.2352
Sri Lanka,LKA,2004,Carbon dioxide (CO2) emissions from Building (Energy) (Mt CO2e),EN.GHG.CO2.BU.MT.CE.AR5,1.1746
Sri Lanka,LKA,2003,Carbon dioxide (CO2) emissions from Building (Energy) (Mt CO2e),EN.GHG.CO2.BU.MT.CE.AR5,1.1409
Sri Lanka,LKA,2002,Carbon dioxide (CO2) emissions from Building (Energy) (Mt CO2e),EN.GHG.CO2.BU.MT.CE.AR5,1.2667
Sri Lanka,LKA,2001,Carbon dioxide (CO2) emissions from Building (Energy) (Mt CO2e),EN.GHG.CO2.BU.MT.CE.AR5,1.2509
Sri Lanka,LKA,2000,Carbon dioxide (CO2) emissions from Building (Energy) (Mt CO2e),EN.GHG.CO2.BU.MT.CE.AR5,1.2408
Sri Lanka,LKA,1999,Carbon dioxide (CO2) emissions from Building (Energy) (Mt CO2e),EN.GHG.CO2.BU.MT.CE.AR5,1.1475
Sri Lanka,LKA,1998,Carbon dioxide (CO2) emissions from Building (Energy) (Mt CO2e),EN.GHG.CO2.BU.MT.CE.AR5,1.0585
Sri Lanka,LKA,1997,Carbon dioxide (CO2) emissions from Building (Energy) (Mt CO2e),EN.GHG.CO2.BU.MT.CE.AR5,0.9758
Sri Lanka,LKA,1996,Carbon dioxide (CO2) emissions from Building (Energy) (Mt CO2e),EN.GHG.CO2.BU.MT.CE.AR5,0.9576
Sri Lanka,LKA,1995,Carbon dioxide (CO2) emissions from Building (Energy) (Mt CO2e),EN.GHG.CO2.BU.MT.CE.AR5,0.9162
Sri Lanka,LKA,1994,Carbon dioxide (CO2) emissions from Building (Energy) (Mt CO2e),EN.GHG.CO2.BU.MT.CE.AR5,0.8367
Sri Lanka,LKA,1993,Carbon dioxide (CO2) emissions from Building (Energy) (Mt CO2e),EN.GHG.CO2.BU.MT.CE.AR5,0.7567
Sri Lanka,LKA,1992,Carbon dioxide (CO2) emissions from Building (Energy) (Mt CO2e),EN.GHG.CO2.BU.MT.CE.AR5,0.7265
Sri Lanka,LKA,1991,Carbon dioxide (CO2) emissions from Building (Energy) (Mt CO2e),EN.GHG.CO2.BU.MT.CE.AR5,0.6204
Sri Lanka,LKA,1990,Carbon dioxide (CO2) emissions from Building (Energy) (Mt CO2e),EN.GHG.CO2.BU.MT.CE.AR5,0.6274
Sri Lanka,LKA,1989,Carbon dioxide (CO2) emissions from Building (Energy) (Mt CO2e),EN.GHG.CO2.BU.MT.CE.AR5,0.5967
Sri Lanka,LKA,1988,Carbon dioxide (CO2) emissions from Building (Energy) (Mt CO2e),EN.GHG.CO2.BU.MT.CE.AR5,0.573
Sri Lanka,LKA,1987,Carbon dioxide (CO2) emissions from Building (Energy) (Mt CO2e),EN.GHG.CO2.BU.MT.CE.AR5,0.5385
Sri Lanka,LKA,1986,Carbon dioxide (CO2) emissions from Building (Energy) (Mt CO2e),EN.GHG.CO2.BU.MT.CE.AR5,0.5422
Sri Lanka,LKA,1985,Carbon dioxide (CO2) emissions from Building (Energy) (Mt CO2e),EN.GHG.CO2.BU.MT.CE.AR5,0.5584
Sri Lanka,LKA,1984,Carbon dioxide (CO2) emissions from Building (Energy) (Mt CO2e),EN.GHG.CO2.BU.MT.CE.AR5,0.5273
Sri Lanka,LKA,1983,Carbon dioxide (CO2) emissions from Building (Energy) (Mt CO2e),EN.GHG.CO2.BU.MT.CE.AR5,0.6096
Sri Lanka,LKA,1982,Carbon dioxide (CO2) emissions from Building (Energy) (Mt CO2e),EN.GHG.CO2.BU.MT.CE.AR5,0.6444
Sri Lanka,LKA,1981,Carbon dioxide (CO2) emissions from Building (Energy) (Mt CO2e),EN.GHG.CO2.BU.MT.CE.AR5,0.5533
Sri Lanka,LKA,1980,Carbon dioxide (CO2) emissions from Building (Energy) (Mt CO2e),EN.GHG.CO2.BU.MT.CE.AR5,0.5846
Sri Lanka,LKA,1979,Carbon dioxide (CO2) emissions from Building (Energy) (Mt CO2e),EN.GHG.CO2.BU.MT.CE.AR5,0.7359
Sri Lanka,LKA,1978,Carbon dioxide (CO2) emissions from Building (Energy) (Mt CO2e),EN.GHG.CO2.BU.MT.CE.AR5,0.7644
Sri Lanka,LKA,1977,Carbon dioxide (CO2) emissions from Building (Energy) (Mt CO2e),EN.GHG.CO2.BU.MT.CE.AR5,0.6923
Sri Lanka,LKA,1976,Carbon dioxide (CO2) emissions from Building (Energy) (Mt CO2e),EN.GHG.CO2.BU.MT.CE.AR5,0.6295
Sri Lanka,LKA,1975,Carbon dioxide (CO2) emissions from Building (Energy) (Mt CO2e),EN.GHG.CO2.BU.MT.CE.AR5,0.6486
Sri Lanka,LKA,1974,Carbon dioxide (CO2) emissions from Building (Energy) (Mt CO2e),EN.GHG.CO2.BU.MT.CE.AR5,0.6738
Sri Lanka,LKA,1973,Carbon dioxide (CO2) emissions from Building (Energy) (Mt CO2e),EN.GHG.CO2.BU.MT.CE.AR5,0.866
Sri Lanka,LKA,1972,Carbon dioxide (CO2) emissions from Building (Energy) (Mt CO2e),EN.GHG.CO2.BU.MT.CE.AR5,0.8534
Sri Lanka,LKA,1971,Carbon dioxide (CO2) emissions from Building (Energy) (Mt CO2e),EN.GHG.CO2.BU.MT.CE.AR5,0.8503
Sri Lanka,LKA,1970,Carbon dioxide (CO2) emissions from Building (Energy) (Mt CO2e),EN.GHG.CO2.BU.MT.CE.AR5,0.8503
Sri Lanka,LKA,2023,Carbon dioxide (CO2) emissions from Fugitive Emissions (Energy) (Mt CO2e),EN.GHG.CO2.FE.MT.CE.AR5,0.0268
Sri Lanka,LKA,2022,Carbon dioxide (CO2) emissions from Fugitive Emissions (Energy) (Mt CO2e),EN.GHG.CO2.FE.MT.CE.AR5,0.0305
Sri Lanka,LKA,2021,Carbon dioxide (CO2) emissions from Fugitive Emissions (Energy) (Mt CO2e),EN.GHG.CO2.FE.MT.CE.AR5,0.0282
Sri Lanka,LKA,2020,Carbon dioxide (CO2) emissions from Fugitive Emissions (Energy) (Mt CO2e),EN.GHG.CO2.FE.MT.CE.AR5,0.0369
Sri Lanka,LKA,2019,Carbon dioxide (CO2) emissions from Fugitive Emissions (Energy) (Mt CO2e),EN.GHG.CO2.FE.MT.CE.AR5,0.0413
Sri Lanka,LKA,2018,Carbon dioxide (CO2) emissions from Fugitive Emissions (Energy) (Mt CO2e),EN.GHG.CO2.FE.MT.CE.AR5,0.0371
Sri Lanka,LKA,2017,Carbon dioxide (CO2) emissions from Fugitive Emissions (Energy) (Mt CO2e),EN.GHG.CO2.FE.MT.CE.AR5,0.0365
Sri Lanka,LKA,2016,Carbon dioxide (CO2) emissions from Fugitive Emissions (Energy) (Mt CO2e),EN.GHG.CO2.FE.MT.CE.AR5,0.0388
Sri Lanka,LKA,2015,Carbon dioxide (CO2) emissions from Fugitive Emissions (Energy) (Mt CO2e),EN.GHG.CO2.FE.MT.CE.AR5,0.0388
Sri Lanka,LKA,2014,Carbon dioxide (CO2) emissions from Fugitive Emissions (Energy) (Mt CO2e),EN.GHG.CO2.FE.MT.CE.AR5,0.0416
Sri Lanka,LKA,2013,Carbon dioxide (CO2) emissions from Fugitive Emissions (Energy) (Mt CO2e),EN.GHG.CO2.FE.MT.CE.AR5,0.036
Sri Lanka,LKA,2012,Carbon dioxide (CO2) emissions from Fugitive Emissions (Energy) (Mt CO2e),EN.GHG.CO2.FE.MT.CE.AR5,0.036
Sri Lanka,LKA,2011,Carbon dioxide (CO2) emissions from Fugitive Emissions (Energy) (Mt CO2e),EN.GHG.CO2.FE.MT.CE.AR5,0.0443
Sri Lanka,LKA,2010,Carbon dioxide (CO2) emissions from Fugitive Emissions (Energy) (Mt CO2e),EN.GHG.CO2.FE.MT.CE.AR5,0.0388
Sri Lanka,LKA,2009,Carbon dioxide (CO2) emissions from Fugitive Emissions (Energy) (Mt CO2e),EN.GHG.CO2.FE.MT.CE.AR5,0.0443
Sri Lanka,LKA,2008,Carbon dioxide (CO2) emissions from Fugitive Emissions (Energy) (Mt CO2e),EN.GHG.CO2.FE.MT.CE.AR5,0.1591
Sri Lanka,LKA,2007,Carbon dioxide (CO2) emissions from Fugitive Emissions (Energy) (Mt CO2e),EN.GHG.CO2.FE.MT.CE.AR5,0.1718
Sri Lanka,LKA,2006,Carbon dioxide (CO2) emissions from Fugitive Emissions (Energy) (Mt CO2e),EN.GHG.CO2.FE.MT.CE.AR5,0.4843
Sri Lanka,LKA,2005,Carbon dioxide (CO2) emissions from Fugitive Emissions (Energy) (Mt CO2e),EN.GHG.CO2.FE.MT.CE.AR5,0.1745
Sri Lanka,LKA,2004,Carbon dioxide (CO2) emissions from Fugitive Emissions (Energy) (Mt CO2e),EN.GHG.CO2.FE.MT.CE.AR5,0.1833
Sri Lanka,LKA,2003,Carbon dioxide (CO2) emissions from Fugitive Emissions (Energy) (Mt CO2e),EN.GHG.CO2.FE.MT.CE.AR5,0.1588
Sri Lanka,LKA,2002,Carbon dioxide (CO2) emissions from Fugitive Emissions (Energy) (Mt CO2e),EN.GHG.CO2.FE.MT.CE.AR5,0.1549
Sri Lanka,LKA,2001,Carbon dioxide (CO2) emissions from Fugitive Emissions (Energy) (Mt CO2e),EN.GHG.CO2.FE.MT.CE.AR5,0.1462
Sri Lanka,LKA,2000,Carbon dioxide (CO2) emissions from Fugitive Emissions (Energy) (Mt CO2e),EN.GHG.CO2.FE.MT.CE.AR5,0.1676
Sri Lanka,LKA,1999,Carbon dioxide (CO2) emissions from Fugitive Emissions (Energy) (Mt CO2e),EN.GHG.CO2.FE.MT.CE.AR5,0.1465
Sri Lanka,LKA,1998,Carbon dioxide (CO2) emissions from Fugitive Emissions (Energy) (Mt CO2e),EN.GHG.CO2.FE.MT.CE.AR5,0.1583
Sri Lanka,LKA,1997,Carbon dioxide (CO2) emissions from Fugitive Emissions (Energy) (Mt CO2e),EN.GHG.CO2.FE.MT.CE.AR5,0.1468
Sri Lanka,LKA,1996,Carbon dioxide (CO2) emissions from Fugitive Emissions (Energy) (Mt CO2e),EN.GHG.CO2.FE.MT.CE.AR5,0.1556
Sri Lanka,LKA,1995,Carbon dioxide (CO2) emissions from Fugitive Emissions (Energy) (Mt CO2e),EN.GHG.CO2.FE.MT.CE.AR5,0.1083
Sri Lanka,LKA,1994,Carbon dioxide (CO2) emissions from Fugitive Emissions (Energy) (Mt CO2e),EN.GHG.CO2.FE.MT.CE.AR5,0.1682
Sri Lanka,LKA,1993,Carbon dioxide (CO2) emissions from Fugitive Emissions (Energy) (Mt CO2e),EN.GHG.CO2.FE.MT.CE.AR5,0.1197
Sri Lanka,LKA,1992,Carbon dioxide (CO2) emissions from Fugitive Emissions (Energy) (Mt CO2e),EN.GHG.CO2.FE.MT.CE.AR5,0.1107
Sri Lanka,LKA,1991,Carbon dioxide (CO2) emissions from Fugitive Emissions (Energy) (Mt CO2e),EN.GHG.CO2.FE.MT.CE.AR5,0.1356
Sri Lanka,LKA,1990,Carbon dioxide (CO2) emissions from Fugitive Emissions (Energy) (Mt CO2e),EN.GHG.CO2.FE.MT.CE.AR5,0.1446
Sri Lanka,LKA,1989,Carbon dioxide (CO2) emissions from Fugitive Emissions (Energy) (Mt CO2e),EN.GHG.CO2.FE.MT.CE.AR5,0.1304
Sri Lanka,LKA,1988,Carbon dioxide (CO2) emissions from Fugitive Emissions (Energy) (Mt CO2e),EN.GHG.CO2.FE.MT.CE.AR5,0.1384
Sri Lanka,LKA,1987,Carbon dioxide (CO2) emissions from Fugitive Emissions (Energy) (Mt CO2e),EN.GHG.CO2.FE.MT.CE.AR5,0.1384
Sri Lanka,LKA,1986,Carbon dioxide (CO2) emissions from Fugitive Emissions (Energy) (Mt CO2e),EN.GHG.CO2.FE.MT.CE.AR5,0.1477
Sri Lanka,LKA,1985,Carbon dioxide (CO2) emissions from Fugitive Emissions (Energy) (Mt CO2e),EN.GHG.CO2.FE.MT.CE.AR5,0.1356
Sri Lanka,LKA,1984,Carbon dioxide (CO2) emissions from Fugitive Emissions (Energy) (Mt CO2e),EN.GHG.CO2.FE.MT.CE.AR5,0.1259
Sri Lanka,LKA,1983,Carbon dioxide (CO2) emissions from Fugitive Emissions (Energy) (Mt CO2e),EN.GHG.CO2.FE.MT.CE.AR5,0.1235
Sri Lanka,LKA,1982,Carbon dioxide (CO2) emissions from Fugitive Emissions (Energy) (Mt CO2e),EN.GHG.CO2.FE.MT.CE.AR5,0.1847
Sri Lanka,LKA,1981,Carbon dioxide (CO2) emissions from Fugitive Emissions (Energy) (Mt CO2e),EN.GHG.CO2.FE.MT.CE.AR5,0.157
Sri Lanka,LKA,1980,Carbon dioxide (CO2) emissions from Fugitive Emissions (Energy) (Mt CO2e),EN.GHG.CO2.FE.MT.CE.AR5,0.1629
Sri Lanka,LKA,1979,Carbon dioxide (CO2) emissions from Fugitive Emissions (Energy) (Mt CO2e),EN.GHG.CO2.FE.MT.CE.AR5,0.1363
Sri Lanka,LKA,1978,Carbon dioxide (CO2) emissions from Fugitive Emissions (Energy) (Mt CO2e),EN.GHG.CO2.FE.MT.CE.AR5,0.1453
Sri Lanka,LKA,1977,Carbon dioxide (CO2) emissions from Fugitive Emissions (Energy) (Mt CO2e),EN.GHG.CO2.FE.MT.CE.AR5,0.1484
Sri Lanka,LKA,1976,Carbon dioxide (CO2) emissions from Fugitive Emissions (Energy) (Mt CO2e),EN.GHG.CO2.FE.MT.CE.AR5,0.1546
Sri Lanka,LKA,1975,Carbon dioxide (CO2) emissions from Fugitive Emissions (Energy) (Mt CO2e),EN.GHG.CO2.FE.MT.CE.AR5,0.1484
Sri Lanka,LKA,1974,Carbon dioxide (CO2) emissions from Fugitive Emissions (Energy) (Mt CO2e),EN.GHG.CO2.FE.MT.CE.AR5,0.1577
Sri Lanka,LKA,1973,Carbon dioxide (CO2) emissions from Fugitive Emissions (Energy) (Mt CO2e),EN.GHG.CO2.FE.MT.CE.AR5,0.1788
Sri Lanka,LKA,1972,Carbon dioxide (CO2) emissions from Fugitive Emissions (Energy) (Mt CO2e),EN.GHG.CO2.FE.MT.CE.AR5,0.1944
Sri Lanka,LKA,1971,Carbon dioxide (CO2) emissions from Fugitive Emissions (Energy) (Mt CO2e),EN.GHG.CO2.FE.MT.CE.AR5,0.1888
Sri Lanka,LKA,1970,Carbon dioxide (CO2) emissions from Fugitive Emissions (Energy) (Mt CO2e),EN.GHG.CO2.FE.MT.CE.AR5,0.1888
Sri Lanka,LKA,2023,Carbon dioxide (CO2) emissions from Industrial Combustion (Energy) (Mt CO2e),EN.GHG.CO2.IC.MT.CE.AR5,1.0681
Sri Lanka,LKA,2022,Carbon dioxide (CO2) emissions from Industrial Combustion (Energy) (Mt CO2e),EN.GHG.CO2.IC.MT.CE.AR5,1.0103
Sri Lanka,LKA,2021,Carbon dioxide (CO2) emissions from Industrial Combustion (Energy) (Mt CO2e),EN.GHG.CO2.IC.MT.CE.AR5,1.1831
Sri Lanka,LKA,2020,Carbon dioxide (CO2) emissions from Industrial Combustion (Energy) (Mt CO2e),EN.GHG.CO2.IC.MT.CE.AR5,0.7648
Sri Lanka,LKA,2019,Carbon dioxide (CO2) emissions from Industrial Combustion (Energy) (Mt CO2e),EN.GHG.CO2.IC.MT.CE.AR5,0.9024
Sri Lanka,LKA,2018,Carbon dioxide (CO2) emissions from Industrial Combustion (Energy) (Mt CO2e),EN.GHG.CO2.IC.MT.CE.AR5,0.8472
Sri Lanka,LKA,2017,Carbon dioxide (CO2) emissions from Industrial Combustion (Energy) (Mt CO2e),EN.GHG.CO2.IC.MT.CE.AR5,0.7043
Sri Lanka,LKA,2016,Carbon dioxide (CO2) emissions from Industrial Combustion (Energy) (Mt CO2e),EN.GHG.CO2.IC.MT.CE.AR5,0.8554
Sri Lanka,LKA,2015,Carbon dioxide (CO2) emissions from Industrial Combustion (Energy) (Mt CO2e),EN.GHG.CO2.IC.MT.CE.AR5,1.3175
Sri Lanka,LKA,2014,Carbon dioxide (CO2) emissions from Industrial Combustion (Energy) (Mt CO2e),EN.GHG.CO2.IC.MT.CE.AR5,0.9945
Sri Lanka,LKA,2013,Carbon dioxide (CO2) emissions from Industrial Combustion (Energy) (Mt CO2e),EN.GHG.CO2.IC.MT.CE.AR5,1.0107
Sri Lanka,LKA,2012,Carbon dioxide (CO2) emissions from Industrial Combustion (Energy) (Mt CO2e),EN.GHG.CO2.IC.MT.CE.AR5,1.133
Sri Lanka,LKA,2011,Carbon dioxide (CO2) emissions from Industrial Combustion (Energy) (Mt CO2e),EN.GHG.CO2.IC.MT.CE.AR5,1.0084
Sri Lanka,LKA,2010,Carbon dioxide (CO2) emissions from Industrial Combustion (Energy) (Mt CO2e),EN.GHG.CO2.IC.MT.CE.AR5,1.0239
Sri Lanka,LKA,2009,Carbon dioxide (CO2) emissions from Industrial Combustion (Energy) (Mt CO2e),EN.GHG.CO2.IC.MT.CE.AR5,1.0256
Sri Lanka,LKA,2008,Carbon dioxide (CO2) emissions from Industrial Combustion (Energy) (Mt CO2e),EN.GHG.CO2.IC.MT.CE.AR5,1.0845
Sri Lanka,LKA,2007,Carbon dioxide (CO2) emissions from Industrial Combustion (Energy) (Mt CO2e),EN.GHG.CO2.IC.MT.CE.AR5,1.1375
Sri Lanka,LKA,2006,Carbon dioxide (CO2) emissions from Industrial Combustion (Energy) (Mt CO2e),EN.GHG.CO2.IC.MT.CE.AR5,1.1672
Sri Lanka,LKA,2005,Carbon dioxide (CO2) emissions from Industrial Combustion (Energy) (Mt CO2e),EN.GHG.CO2.IC.MT.CE.AR5,1.1912
Sri Lanka,LKA,2004,Carbon dioxide (CO2) emissions from Industrial Combustion (Energy) (Mt CO2e),EN.GHG.CO2.IC.MT.CE.AR5,0.8424
Sri Lanka,LKA,2003,Carbon dioxide (CO2) emissions from Industrial Combustion (Energy) (Mt CO2e),EN.GHG.CO2.IC.MT.CE.AR5,1.1934
Sri Lanka,LKA,2002,Carbon dioxide (CO2) emissions from Industrial Combustion (Energy) (Mt CO2e),EN.GHG.CO2.IC.MT.CE.AR5,0.8889
Sri Lanka,LKA,2001,Carbon dioxide (CO2) emissions from Industrial Combustion (Energy) (Mt CO2e),EN.GHG.CO2.IC.MT.CE.AR5,0.8624
Sri Lanka,LKA,2000,Carbon dioxide (CO2) emissions from Industrial Combustion (Energy) (Mt CO2e),EN.GHG.CO2.IC.MT.CE.AR5,0.8061
Sri Lanka,LKA,1999,Carbon dioxide (CO2) emissions from Industrial Combustion (Energy) (Mt CO2e),EN.GHG.CO2.IC.MT.CE.AR5,0.991
Sri Lanka,LKA,1998,Carbon dioxide (CO2) emissions from Industrial Combustion (Energy) (Mt CO2e),EN.GHG.CO2.IC.MT.CE.AR5,0.9939
Sri Lanka,LKA,1997,Carbon dioxide (CO2) emissions from Industrial Combustion (Energy) (Mt CO2e),EN.GHG.CO2.IC.MT.CE.AR5,0.8027
Sri Lanka,LKA,1996,Carbon dioxide (CO2) emissions from Industrial Combustion (Energy) (Mt CO2e),EN.GHG.CO2.IC.MT.CE.AR5,0.7362
Sri Lanka,LKA,1995,Carbon dioxide (CO2) emissions from Industrial Combustion (Energy) (Mt CO2e),EN.GHG.CO2.IC.MT.CE.AR5,0.4873
Sri Lanka,LKA,1994,Carbon dioxide (CO2) emissions from Industrial Combustion (Energy) (Mt CO2e),EN.GHG.CO2.IC.MT.CE.AR5,0.6324
Sri Lanka,LKA,1993,Carbon dioxide (CO2) emissions from Industrial Combustion (Energy) (Mt CO2e),EN.GHG.CO2.IC.MT.CE.AR5,0.6496
Sri Lanka,LKA,1992,Carbon dioxide (CO2) emissions from Industrial Combustion (Energy) (Mt CO2e),EN.GHG.CO2.IC.MT.CE.AR5,0.5995
Sri Lanka,LKA,1991,Carbon dioxide (CO2) emissions from Industrial Combustion (Energy) (Mt CO2e),EN.GHG.CO2.IC.MT.CE.AR5,0.3665
Sri Lanka,LKA,1990,Carbon dioxide (CO2) emissions from Industrial Combustion (Energy) (Mt CO2e),EN.GHG.CO2.IC.MT.CE.AR5,0.4022
Sri Lanka,LKA,1989,Carbon dioxide (CO2) emissions from Industrial Combustion (Energy) (Mt CO2e),EN.GHG.CO2.IC.MT.CE.AR5,0.4132
Sri Lanka,LKA,1988,Carbon dioxide (CO2) emissions from Industrial Combustion (Energy) (Mt CO2e),EN.GHG.CO2.IC.MT.CE.AR5,0.3392
Sri Lanka,LKA,1987,Carbon dioxide (CO2) emissions from Industrial Combustion (Energy) (Mt CO2e),EN.GHG.CO2.IC.MT.CE.AR5,0.2737
Sri Lanka,LKA,1986,Carbon dioxide (CO2) emissions from Industrial Combustion (Energy) (Mt CO2e),EN.GHG.CO2.IC.MT.CE.AR5,0.2893
Sri Lanka,LKA,1985,Carbon dioxide (CO2) emissions from Industrial Combustion (Energy) (Mt CO2e),EN.GHG.CO2.IC.MT.CE.AR5,0.3172
Sri Lanka,LKA,1984,Carbon dioxide (CO2) emissions from Industrial Combustion (Energy) (Mt CO2e),EN.GHG.CO2.IC.MT.CE.AR5,0.6192
Sri Lanka,LKA,1983,Carbon dioxide (CO2) emissions from Industrial Combustion (Energy) (Mt CO2e),EN.GHG.CO2.IC.MT.CE.AR5,0.6534
Sri Lanka,LKA,1982,Carbon dioxide (CO2) emissions from Industrial Combustion (Energy) (Mt CO2e),EN.GHG.CO2.IC.MT.CE.AR5,0.6814
Sri Lanka,LKA,1981,Carbon dioxide (CO2) emissions from Industrial Combustion (Energy) (Mt CO2e),EN.GHG.CO2.IC.MT.CE.AR5,0.6503
Sri Lanka,LKA,1980,Carbon dioxide (CO2) emissions from Industrial Combustion (Energy) (Mt CO2e),EN.GHG.CO2.IC.MT.CE.AR5,0.507
Sri Lanka,LKA,1979,Carbon dioxide (CO2) emissions from Industrial Combustion (Energy) (Mt CO2e),EN.GHG.CO2.IC.MT.CE.AR5,0.5723
Sri Lanka,LKA,1978,Carbon dioxide (CO2) emissions from Industrial Combustion (Energy) (Mt CO2e),EN.GHG.CO2.IC.MT.CE.AR5,0.566
Sri Lanka,LKA,1977,Carbon dioxide (CO2) emissions from Industrial Combustion (Energy) (Mt CO2e),EN.GHG.CO2.IC.MT.CE.AR5,0.4604
Sri Lanka,LKA,1976,Carbon dioxide (CO2) emissions from Industrial Combustion (Energy) (Mt CO2e),EN.GHG.CO2.IC.MT.CE.AR5,0.4074
Sri Lanka,LKA,1975,Carbon dioxide (CO2) emissions from Industrial Combustion (Energy) (Mt CO2e),EN.GHG.CO2.IC.MT.CE.AR5,0.485
Sri Lanka,LKA,1974,Carbon dioxide (CO2) emissions from Industrial Combustion (Energy) (Mt CO2e),EN.GHG.CO2.IC.MT.CE.AR5,0.5286
Sri Lanka,LKA,1973,Carbon dioxide (CO2) emissions from Industrial Combustion (Energy) (Mt CO2e),EN.GHG.CO2.IC.MT.CE.AR5,0.5536
Sri Lanka,LKA,1972,Carbon dioxide (CO2) emissions from Industrial Combustion (Energy) (Mt CO2e),EN.GHG.CO2.IC.MT.CE.AR5,0.5163
Sri Lanka,LKA,1971,Carbon dioxide (CO2) emissions from Industrial Combustion (Energy) (Mt CO2e),EN.GHG.CO2.IC.MT.CE.AR5,0.3016
Sri Lanka,LKA,1970,Carbon dioxide (CO2) emissions from Industrial Combustion (Energy) (Mt CO2e),EN.GHG.CO2.IC.MT.CE.AR5,0.3016
Sri Lanka,LKA,2023,Carbon dioxide (CO2) emissions from Industrial Processes (Mt CO2e),EN.GHG.CO2.IP.MT.CE.AR5,1.4285
Sri Lanka,LKA,2022,Carbon dioxide (CO2) emissions from Industrial Processes (Mt CO2e),EN.GHG.CO2.IP.MT.CE.AR5,1.4284
Sri Lanka,LKA,2021,Carbon dioxide (CO2) emissions from Industrial Processes (Mt CO2e),EN.GHG.CO2.IP.MT.CE.AR5,1.4283
Sri Lanka,LKA,2020,Carbon dioxide (CO2) emissions from Industrial Processes (Mt CO2e),EN.GHG.CO2.IP.MT.CE.AR5,0.9727
Sri Lanka,LKA,2019,Carbon dioxide (CO2) emissions from Industrial Processes (Mt CO2e),EN.GHG.CO2.IP.MT.CE.AR5,1.2487
Sri Lanka,LKA,2018,Carbon dioxide (CO2) emissions from Industrial Processes (Mt CO2e),EN.GHG.CO2.IP.MT.CE.AR5,1.0827
Sri Lanka,LKA,2017,Carbon dioxide (CO2) emissions from Industrial Processes (Mt CO2e),EN.GHG.CO2.IP.MT.CE.AR5,1.0832
Sri Lanka,LKA,2016,Carbon dioxide (CO2) emissions from Industrial Processes (Mt CO2e),EN.GHG.CO2.IP.MT.CE.AR5,1.0377
Sri Lanka,LKA,2015,Carbon dioxide (CO2) emissions from Industrial Processes (Mt CO2e),EN.GHG.CO2.IP.MT.CE.AR5,0.8866
Sri Lanka,LKA,2014,Carbon dioxide (CO2) emissions from Industrial Processes (Mt CO2e),EN.GHG.CO2.IP.MT.CE.AR5,0.7484
Sri Lanka,LKA,2013,Carbon dioxide (CO2) emissions from Industrial Processes (Mt CO2e),EN.GHG.CO2.IP.MT.CE.AR5,0.7702
Sri Lanka,LKA,2012,Carbon dioxide (CO2) emissions from Industrial Processes (Mt CO2e),EN.GHG.CO2.IP.MT.CE.AR5,0.8857
Sri Lanka,LKA,2011,Carbon dioxide (CO2) emissions from Industrial Processes (Mt CO2e),EN.GHG.CO2.IP.MT.CE.AR5,0.8913
Sri Lanka,LKA,2010,Carbon dioxide (CO2) emissions from Industrial Processes (Mt CO2e),EN.GHG.CO2.IP.MT.CE.AR5,0.7994
Sri Lanka,LKA,2009,Carbon dioxide (CO2) emissions from Industrial Processes (Mt CO2e),EN.GHG.CO2.IP.MT.CE.AR5,0.9237
Sri Lanka,LKA,2008,Carbon dioxide (CO2) emissions from Industrial Processes (Mt CO2e),EN.GHG.CO2.IP.MT.CE.AR5,0.8994
Sri Lanka,LKA,2007,Carbon dioxide (CO2) emissions from Industrial Processes (Mt CO2e),EN.GHG.CO2.IP.MT.CE.AR5,0.9038
Sri Lanka,LKA,2006,Carbon dioxide (CO2) emissions from Industrial Processes (Mt CO2e),EN.GHG.CO2.IP.MT.CE.AR5,0.8413
Sri Lanka,LKA,2005,Carbon dioxide (CO2) emissions from Industrial Processes (Mt CO2e),EN.GHG.CO2.IP.MT.CE.AR5,0.7758
Sri Lanka,LKA,2004,Carbon dioxide (CO2) emissions from Industrial Processes (Mt CO2e),EN.GHG.CO2.IP.MT.CE.AR5,0.6187
Sri Lanka,LKA,2003,Carbon dioxide (CO2) emissions from Industrial Processes (Mt CO2e),EN.GHG.CO2.IP.MT.CE.AR5,0.6375
Sri Lanka,LKA,2002,Carbon dioxide (CO2) emissions from Industrial Processes (Mt CO2e),EN.GHG.CO2.IP.MT.CE.AR5,0.577
Sri Lanka,LKA,2001,Carbon dioxide (CO2) emissions from Industrial Processes (Mt CO2e),EN.GHG.CO2.IP.MT.CE.AR5,0.636
Sri Lanka,LKA,2000,Carbon dioxide (CO2) emissions from Industrial Processes (Mt CO2e),EN.GHG.CO2.IP.MT.CE.AR5,0.5932
Sri Lanka,LKA,1999,Carbon dioxide (CO2) emissions from Industrial Processes (Mt CO2e),EN.GHG.CO2.IP.MT.CE.AR5,0.5718
Sri Lanka,LKA,1998,Carbon dioxide (CO2) emissions from Industrial Processes (Mt CO2e),EN.GHG.CO2.IP.MT.CE.AR5,0.5118
Sri Lanka,LKA,1997,Carbon dioxide (CO2) emissions from Industrial Processes (Mt CO2e),EN.GHG.CO2.IP.MT.CE.AR5,0.5557
Sri Lanka,LKA,1996,Carbon dioxide (CO2) emissions from Industrial Processes (Mt CO2e),EN.GHG.CO2.IP.MT.CE.AR5,0.5307
Sri Lanka,LKA,1995,Carbon dioxide (CO2) emissions from Industrial Processes (Mt CO2e),EN.GHG.CO2.IP.MT.CE.AR5,0.5121
Sri Lanka,LKA,1994,Carbon dioxide (CO2) emissions from Industrial Processes (Mt CO2e),EN.GHG.CO2.IP.MT.CE.AR5,0.5206
Sri Lanka,LKA,1993,Carbon dioxide (CO2) emissions from Industrial Processes (Mt CO2e),EN.GHG.CO2.IP.MT.CE.AR5,0.2805
Sri Lanka,LKA,1992,Carbon dioxide (CO2) emissions from Industrial Processes (Mt CO2e),EN.GHG.CO2.IP.MT.CE.AR5,0.3226
Sri Lanka,LKA,1991,Carbon dioxide (CO2) emissions from Industrial Processes (Mt CO2e),EN.GHG.CO2.IP.MT.CE.AR5,0.3528
Sri Lanka,LKA,1990,Carbon dioxide (CO2) emissions from Industrial Processes (Mt CO2e),EN.GHG.CO2.IP.MT.CE.AR5,0.3291
Sri Lanka,LKA,1989,Carbon dioxide (CO2) emissions from Industrial Processes (Mt CO2e),EN.GHG.CO2.IP.MT.CE.AR5,0.3351
Sri Lanka,LKA,1988,Carbon dioxide (CO2) emissions from Industrial Processes (Mt CO2e),EN.GHG.CO2.IP.MT.CE.AR5,0.3529
Sri Lanka,LKA,1987,Carbon dioxide (CO2) emissions from Industrial Processes (Mt CO2e),EN.GHG.CO2.IP.MT.CE.AR5,0.346
Sri Lanka,LKA,1986,Carbon dioxide (CO2) emissions from Industrial Processes (Mt CO2e),EN.GHG.CO2.IP.MT.CE.AR5,0.3134
Sri Lanka,LKA,1985,Carbon dioxide (CO2) emissions from Industrial Processes (Mt CO2e),EN.GHG.CO2.IP.MT.CE.AR5,0.3008
Sri Lanka,LKA,1984,Carbon dioxide (CO2) emissions from Industrial Processes (Mt CO2e),EN.GHG.CO2.IP.MT.CE.AR5,0.3647
Sri Lanka,LKA,1983,Carbon dioxide (CO2) emissions from Industrial Processes (Mt CO2e),EN.GHG.CO2.IP.MT.CE.AR5,0.3897
Sri Lanka,LKA,1982,Carbon dioxide (CO2) emissions from Industrial Processes (Mt CO2e),EN.GHG.CO2.IP.MT.CE.AR5,0.536
Sri Lanka,LKA,1981,Carbon dioxide (CO2) emissions from Industrial Processes (Mt CO2e),EN.GHG.CO2.IP.MT.CE.AR5,0.3824
Sri Lanka,LKA,1980,Carbon dioxide (CO2) emissions from Industrial Processes (Mt CO2e),EN.GHG.CO2.IP.MT.CE.AR5,0.3458
Sri Lanka,LKA,1979,Carbon dioxide (CO2) emissions from Industrial Processes (Mt CO2e),EN.GHG.CO2.IP.MT.CE.AR5,0.3591
Sri Lanka,LKA,1978,Carbon dioxide (CO2) emissions from Industrial Processes (Mt CO2e),EN.GHG.CO2.IP.MT.CE.AR5,0.3161
Sri Lanka,LKA,1977,Carbon dioxide (CO2) emissions from Industrial Processes (Mt CO2e),EN.GHG.CO2.IP.MT.CE.AR5,0.2098
Sri Lanka,LKA,1976,Carbon dioxide (CO2) emissions from Industrial Processes (Mt CO2e),EN.GHG.CO2.IP.MT.CE.AR5,0.197
Sri Lanka,LKA,1975,Carbon dioxide (CO2) emissions from Industrial Processes (Mt CO2e),EN.GHG.CO2.IP.MT.CE.AR5,0.2246
Sri Lanka,LKA,1974,Carbon dioxide (CO2) emissions from Industrial Processes (Mt CO2e),EN.GHG.CO2.IP.MT.CE.AR5,0.264
Sri Lanka,LKA,1973,Carbon dioxide (CO2) emissions from Industrial Processes (Mt CO2e),EN.GHG.CO2.IP.MT.CE.AR5,0.2378
Sri Lanka,LKA,1972,Carbon dioxide (CO2) emissions from Industrial Processes (Mt CO2e),EN.GHG.CO2.IP.MT.CE.AR5,0.218
Sri Lanka,LKA,1971,Carbon dioxide (CO2) emissions from Industrial Processes (Mt CO2e),EN.GHG.CO2.IP.MT.CE.AR5,0.2189
Sri Lanka,LKA,1970,Carbon dioxide (CO2) emissions from Industrial Processes (Mt CO2e),EN.GHG.CO2.IP.MT.CE.AR5,0.1887
Sri Lanka,LKA,2020,Carbon dioxide (CO2) net fluxes from LULUCF - Deforestation (Mt CO2e),EN.GHG.CO2.LU.DF.MT.CE.AR5,4.365
Sri Lanka,LKA,2019,Carbon dioxide (CO2) net fluxes from LULUCF - Deforestation (Mt CO2e),EN.GHG.CO2.LU.DF.MT.CE.AR5,4.365
Sri Lanka,LKA,2018,Carbon dioxide (CO2) net fluxes from LULUCF - Deforestation (Mt CO2e),EN.GHG.CO2.LU.DF.MT.CE.AR5,4.365
Sri Lanka,LKA,2017,Carbon dioxide (CO2) net fluxes from LULUCF - Deforestation (Mt CO2e),EN.GHG.CO2.LU.DF.MT.CE.AR5,4.365
Sri Lanka,LKA,2016,Carbon dioxide (CO2) net fluxes from LULUCF - Deforestation (Mt CO2e),EN.GHG.CO2.LU.DF.MT.CE.AR5,4.365
Sri Lanka,LKA,2015,Carbon dioxide (CO2) net fluxes from LULUCF - Deforestation (Mt CO2e),EN.GHG.CO2.LU.DF.MT.CE.AR5,4.365
Sri Lanka,LKA,2014,Carbon dioxide (CO2) net fluxes from LULUCF - Deforestation (Mt CO2e),EN.GHG.CO2.LU.DF.MT.CE.AR5,4.365
Sri Lanka,LKA,2013,Carbon dioxide (CO2) net fluxes from LULUCF - Deforestation (Mt CO2e),EN.GHG.CO2.LU.DF.MT.CE.AR5,4.365
Sri Lanka,LKA,2012,Carbon dioxide (CO2) net fluxes from LULUCF - Deforestation (Mt CO2e),EN.GHG.CO2.LU.DF.MT.CE.AR5,4.365
Sri Lanka,LKA,2011,Carbon dioxide (CO2) net fluxes from LULUCF - Deforestation (Mt CO2e),EN.GHG.CO2.LU.DF.MT.CE.AR5,4.365
Sri Lanka,LKA,2010,Carbon dioxide (CO2) net fluxes from LULUCF - Deforestation (Mt CO2e),EN.GHG.CO2.LU.DF.MT.CE.AR5,4.365
Sri Lanka,LKA,2009,Carbon dioxide (CO2) net fluxes from LULUCF - Deforestation (Mt CO2e),EN.GHG.CO2.LU.DF.MT.CE.AR5,4.365
Sri Lanka,LKA,2008,Carbon dioxide (CO2) net fluxes from LULUCF - Deforestation (Mt CO2e),EN.GHG.CO2.LU.DF.MT.CE.AR5,4.365
Sri Lanka,LKA,2007,Carbon dioxide (CO2) net fluxes from LULUCF - Deforestation (Mt CO2e),EN.GHG.CO2.LU.DF.MT.CE.AR5,4.365
Sri Lanka,LKA,2006,Carbon dioxide (CO2) net fluxes from LULUCF - Deforestation (Mt CO2e),EN.GHG.CO2.LU.DF.MT.CE.AR5,4.365
Sri Lanka,LKA,2005,Carbon dioxide (CO2) net fluxes from LULUCF - Deforestation (Mt CO2e),EN.GHG.CO2.LU.DF.MT.CE.AR5,4.365
Sri Lanka,LKA,2004,Carbon dioxide (CO2) net fluxes from LULUCF - Deforestation (Mt CO2e),EN.GHG.CO2.LU.DF.MT.CE.AR5,4.365
Sri Lanka,LKA,2003,Carbon dioxide (CO2) net fluxes from LULUCF - Deforestation (Mt CO2e),EN.GHG.CO2.LU.DF.MT.CE.AR5,4.365
Sri Lanka,LKA,2002,Carbon dioxide (CO2) net fluxes from LULUCF - Deforestation (Mt CO2e),EN.GHG.CO2.LU.DF.MT.CE.AR5,4.365
Sri Lanka,LKA,2001,Carbon dioxide (CO2) net fluxes from LULUCF - Deforestation (Mt CO2e),EN.GHG.CO2.LU.DF.MT.CE.AR5,4.365
Sri Lanka,LKA,2000,Carbon dioxide (CO2) net fluxes from LULUCF - Deforestation (Mt CO2e),EN.GHG.CO2.LU.DF.MT.CE.AR5,4.365
Sri Lanka,LKA,2020,Carbon dioxide (CO2) net fluxes from LULUCF - Forest Land (Mt CO2e),EN.GHG.CO2.LU.FL.MT.CE.AR5,-0.072
Sri Lanka,LKA,2019,Carbon dioxide (CO2) net fluxes from LULUCF - Forest Land (Mt CO2e),EN.GHG.CO2.LU.FL.MT.CE.AR5,-0.072
Sri Lanka,LKA,2018,Carbon dioxide (CO2) net fluxes from LULUCF - Forest Land (Mt CO2e),EN.GHG.CO2.LU.FL.MT.CE.AR5,-0.072
Sri Lanka,LKA,2017,Carbon dioxide (CO2) net fluxes from LULUCF - Forest Land (Mt CO2e),EN.GHG.CO2.LU.FL.MT.CE.AR5,-0.072
Sri Lanka,LKA,2016,Carbon dioxide (CO2) net fluxes from LULUCF - Forest Land (Mt CO2e),EN.GHG.CO2.LU.FL.MT.CE.AR5,-0.072
Sri Lanka,LKA,2015,Carbon dioxide (CO2) net fluxes from LULUCF - Forest Land (Mt CO2e),EN.GHG.CO2.LU.FL.MT.CE.AR5,-0.072
Sri Lanka,LKA,2014,Carbon dioxide (CO2) net fluxes from LULUCF - Forest Land (Mt CO2e),EN.GHG.CO2.LU.FL.MT.CE.AR5,-0.072
Sri Lanka,LKA,2013,Carbon dioxide (CO2) net fluxes from LULUCF - Forest Land (Mt CO2e),EN.GHG.CO2.LU.FL.MT.CE.AR5,-0.072
Sri Lanka,LKA,2012,Carbon dioxide (CO2) net fluxes from LULUCF - Forest Land (Mt CO2e),EN.GHG.CO2.LU.FL.MT.CE.AR5,-0.072
Sri Lanka,LKA,2011,Carbon dioxide (CO2) net fluxes from LULUCF - Forest Land (Mt CO2e),EN.GHG.CO2.LU.FL.MT.CE.AR5,-0.072
Sri Lanka,LKA,2010,Carbon dioxide (CO2) net fluxes from LULUCF - Forest Land (Mt CO2e),EN.GHG.CO2.LU.FL.MT.CE.AR5,-0.072
Sri Lanka,LKA,2009,Carbon dioxide (CO2) net fluxes from LULUCF - Forest Land (Mt CO2e),EN.GHG.CO2.LU.FL.MT.CE.AR5,-0.072
Sri Lanka,LKA,2008,Carbon dioxide (CO2) net fluxes from LULUCF - Forest Land (Mt CO2e),EN.GHG.CO2.LU.FL.MT.CE.AR5,-0.072
Sri Lanka,LKA,2007,Carbon dioxide (CO2) net fluxes from LULUCF - Forest Land (Mt CO2e),EN.GHG.CO2.LU.FL.MT.CE.AR5,-0.072
Sri Lanka,LKA,2006,Carbon dioxide (CO2) net fluxes from LULUCF - Forest Land (Mt CO2e),EN.GHG.CO2.LU.FL.MT.CE.AR5,-0.072
Sri Lanka,LKA,2005,Carbon dioxide (CO2) net fluxes from LULUCF - Forest Land (Mt CO2e),EN.GHG.CO2.LU.FL.MT.CE.AR5,-0.072
Sri Lanka,LKA,2004,Carbon dioxide (CO2) net fluxes from LULUCF - Forest Land (Mt CO2e),EN.GHG.CO2.LU.FL.MT.CE.AR5,-0.072
Sri Lanka,LKA,2003,Carbon dioxide (CO2) net fluxes from LULUCF - Forest Land (Mt CO2e),EN.GHG.CO2.LU.FL.MT.CE.AR5,-0.072
Sri Lanka,LKA,2002,Carbon dioxide (CO2) net fluxes from LULUCF - Forest Land (Mt CO2e),EN.GHG.CO2.LU.FL.MT.CE.AR5,-0.072
Sri Lanka,LKA,2001,Carbon dioxide (CO2) net fluxes from LULUCF - Forest Land (Mt CO2e),EN.GHG.CO2.LU.FL.MT.CE.AR5,-0.072
Sri Lanka,LKA,2000,Carbon dioxide (CO2) net fluxes from LULUCF - Forest Land (Mt CO2e),EN.GHG.CO2.LU.FL.MT.CE.AR5,-0.072
Sri Lanka,LKA,2020,Carbon dioxide (CO2) net fluxes from LULUCF - Total excluding non-tropical fires (Mt CO2e),EN.GHG.CO2.LU.MT.CE.AR5,4.293
Sri Lanka,LKA,2019,Carbon dioxide (CO2) net fluxes from LULUCF - Total excluding non-tropical fires (Mt CO2e),EN.GHG.CO2.LU.MT.CE.AR5,4.293
Sri Lanka,LKA,2018,Carbon dioxide (CO2) net fluxes from LULUCF - Total excluding non-tropical fires (Mt CO2e),EN.GHG.CO2.LU.MT.CE.AR5,4.293
Sri Lanka,LKA,2017,Carbon dioxide (CO2) net fluxes from LULUCF - Total excluding non-tropical fires (Mt CO2e),EN.GHG.CO2.LU.MT.CE.AR5,4.293
Sri Lanka,LKA,2016,Carbon dioxide (CO2) net fluxes from LULUCF - Total excluding non-tropical fires (Mt CO2e),EN.GHG.CO2.LU.MT.CE.AR5,4.293
Sri Lanka,LKA,2015,Carbon dioxide (CO2) net fluxes from LULUCF - Total excluding non-tropical fires (Mt CO2e),EN.GHG.CO2.LU.MT.CE.AR5,4.293
Sri Lanka,LKA,2014,Carbon dioxide (CO2) net fluxes from LULUCF - Total excluding non-tropical fires (Mt CO2e),EN.GHG.CO2.LU.MT.CE.AR5,4.293
Sri Lanka,LKA,2013,Carbon dioxide (CO2) net fluxes from LULUCF - Total excluding non-tropical fires (Mt CO2e),EN.GHG.CO2.LU.MT.CE.AR5,4.293
Sri Lanka,LKA,2012,Carbon dioxide (CO2) net fluxes from LULUCF - Total excluding non-tropical fires (Mt CO2e),EN.GHG.CO2.LU.MT.CE.AR5,4.293
Sri Lanka,LKA,2011,Carbon dioxide (CO2) net fluxes from LULUCF - Total excluding non-tropical fires (Mt CO2e),EN.GHG.CO2.LU.MT.CE.AR5,4.293
Sri Lanka,LKA,2010,Carbon dioxide (CO2) net fluxes from LULUCF - Total excluding non-tropical fires (Mt CO2e),EN.GHG.CO2.LU.MT.CE.AR5,4.293
Sri Lanka,LKA,2009,Carbon dioxide (CO2) net fluxes from LULUCF - Total excluding non-tropical fires (Mt CO2e),EN.GHG.CO2.LU.MT.CE.AR5,4.293
Sri Lanka,LKA,2008,Carbon dioxide (CO2) net fluxes from LULUCF - Total excluding non-tropical fires (Mt CO2e),EN.GHG.CO2.LU.MT.CE.AR5,4.293
Sri Lanka,LKA,2007,Carbon dioxide (CO2) net fluxes from LULUCF - Total excluding non-tropical fires (Mt CO2e),EN.GHG.CO2.LU.MT.CE.AR5,4.293
Sri Lanka,LKA,2006,Carbon dioxide (CO2) net fluxes from LULUCF - Total excluding non-tropical fires (Mt CO2e),EN.GHG.CO2.LU.MT.CE.AR5,4.293
Sri Lanka,LKA,2005,Carbon dioxide (CO2) net fluxes from LULUCF - Total excluding non-tropical fires (Mt CO2e),EN.GHG.CO2.LU.MT.CE.AR5,4.293
Sri Lanka,LKA,2004,Carbon dioxide (CO2) net fluxes from LULUCF - Total excluding non-tropical fires (Mt CO2e),EN.GHG.CO2.LU.MT.CE.AR5,4.293
Sri Lanka,LKA,2003,Carbon dioxide (CO2) net fluxes from LULUCF - Total excluding non-tropical fires (Mt CO2e),EN.GHG.CO2.LU.MT.CE.AR5,4.293
Sri Lanka,LKA,2002,Carbon dioxide (CO2) net fluxes from LULUCF - Total excluding non-tropical fires (Mt CO2e),EN.GHG.CO2.LU.MT.CE.AR5,4.293
Sri Lanka,LKA,2001,Carbon dioxide (CO2) net fluxes from LULUCF - Total excluding non-tropical fires (Mt CO2e),EN.GHG.CO2.LU.MT.CE.AR5,4.293
Sri Lanka,LKA,2000,Carbon dioxide (CO2) net fluxes from LULUCF - Total excluding non-tropical fires (Mt CO2e),EN.GHG.CO2.LU.MT.CE.AR5,4.293
Sri Lanka,LKA,2020,Carbon dioxide (CO2) net fluxes from LULUCF - Other Land (Mt CO2e),EN.GHG.CO2.LU.OL.MT.CE.AR5,0.0
Sri Lanka,LKA,2019,Carbon dioxide (CO2) net fluxes from LULUCF - Other Land (Mt CO2e),EN.GHG.CO2.LU.OL.MT.CE.AR5,0.0
Sri Lanka,LKA,2018,Carbon dioxide (CO2) net fluxes from LULUCF - Other Land (Mt CO2e),EN.GHG.CO2.LU.OL.MT.CE.AR5,0.0
Sri Lanka,LKA,2017,Carbon dioxide (CO2) net fluxes from LULUCF - Other Land (Mt CO2e),EN.GHG.CO2.LU.OL.MT.CE.AR5,0.0
Sri Lanka,LKA,2016,Carbon dioxide (CO2) net fluxes from LULUCF - Other Land (Mt CO2e),EN.GHG.CO2.LU.OL.MT.CE.AR5,0.0
Sri Lanka,LKA,2015,Carbon dioxide (CO2) net fluxes from LULUCF - Other Land (Mt CO2e),EN.GHG.CO2.LU.OL.MT.CE.AR5,0.0
Sri Lanka,LKA,2014,Carbon dioxide (CO2) net fluxes from LULUCF - Other Land (Mt CO2e),EN.GHG.CO2.LU.OL.MT.CE.AR5,0.0
Sri Lanka,LKA,2013,Carbon dioxide (CO2) net fluxes from LULUCF - Other Land (Mt CO2e),EN.GHG.CO2.LU.OL.MT.CE.AR5,0.0
Sri Lanka,LKA,2012,Carbon dioxide (CO2) net fluxes from LULUCF - Other Land (Mt CO2e),EN.GHG.CO2.LU.OL.MT.CE.AR5,0.0
Sri Lanka,LKA,2011,Carbon dioxide (CO2) net fluxes from LULUCF - Other Land (Mt CO2e),EN.GHG.CO2.LU.OL.MT.CE.AR5,0.0
Sri Lanka,LKA,2010,Carbon dioxide (CO2) net fluxes from LULUCF - Other Land (Mt CO2e),EN.GHG.CO2.LU.OL.MT.CE.AR5,0.0
Sri Lanka,LKA,2009,Carbon dioxide (CO2) net fluxes from LULUCF - Other Land (Mt CO2e),EN.GHG.CO2.LU.OL.MT.CE.AR5,0.0
Sri Lanka,LKA,2008,Carbon dioxide (CO2) net fluxes from LULUCF - Other Land (Mt CO2e),EN.GHG.CO2.LU.OL.MT.CE.AR5,0.0
Sri Lanka,LKA,2007,Carbon dioxide (CO2) net fluxes from LULUCF - Other Land (Mt CO2e),EN.GHG.CO2.LU.OL.MT.CE.AR5,0.0
Sri Lanka,LKA,2006,Carbon dioxide (CO2) net fluxes from LULUCF - Other Land (Mt CO2e),EN.GHG.CO2.LU.OL.MT.CE.AR5,0.0
Sri Lanka,LKA,2005,Carbon dioxide (CO2) net fluxes from LULUCF - Other Land (Mt CO2e),EN.GHG.CO2.LU.OL.MT.CE.AR5,0.0
Sri Lanka,LKA,2004,Carbon dioxide (CO2) net fluxes from LULUCF - Other Land (Mt CO2e),EN.GHG.CO2.LU.OL.MT.CE.AR5,0.0
Sri Lanka,LKA,2003,Carbon dioxide (CO2) net fluxes from LULUCF - Other Land (Mt CO2e),EN.GHG.CO2.LU.OL.MT.CE.AR5,0.0
Sri Lanka,LKA,2002,Carbon dioxide (CO2) net fluxes from LULUCF - Other Land (Mt CO2e),EN.GHG.CO2.LU.OL.MT.CE.AR5,0.0
Sri Lanka,LKA,2001,Carbon dioxide (CO2) net fluxes from LULUCF - Other Land (Mt CO2e),EN.GHG.CO2.LU.OL.MT.CE.AR5,0.0
Sri Lanka,LKA,2000,Carbon dioxide (CO2) net fluxes from LULUCF - Other Land (Mt CO2e),EN.GHG.CO2.LU.OL.MT.CE.AR5,0.0
Sri Lanka,LKA,2020,Carbon dioxide (CO2) net fluxes from LULUCF - Organic Soil (Mt CO2e),EN.GHG.CO2.LU.OS.MT.CE.AR5,0.0
Sri Lanka,LKA,2019,Carbon dioxide (CO2) net fluxes from LULUCF - Organic Soil (Mt CO2e),EN.GHG.CO2.LU.OS.MT.CE.AR5,0.0
Sri Lanka,LKA,2018,Carbon dioxide (CO2) net fluxes from LULUCF - Organic Soil (Mt CO2e),EN.GHG.CO2.LU.OS.MT.CE.AR5,0.0
Sri Lanka,LKA,2017,Carbon dioxide (CO2) net fluxes from LULUCF - Organic Soil (Mt CO2e),EN.GHG.CO2.LU.OS.MT.CE.AR5,0.0
Sri Lanka,LKA,2016,Carbon dioxide (CO2) net fluxes from LULUCF - Organic Soil (Mt CO2e),EN.GHG.CO2.LU.OS.MT.CE.AR5,0.0
Sri Lanka,LKA,2015,Carbon dioxide (CO2) net fluxes from LULUCF - Organic Soil (Mt CO2e),EN.GHG.CO2.LU.OS.MT.CE.AR5,0.0
Sri Lanka,LKA,2014,Carbon dioxide (CO2) net fluxes from LULUCF - Organic Soil (Mt CO2e),EN.GHG.CO2.LU.OS.MT.CE.AR5,0.0
Sri Lanka,LKA,2013,Carbon dioxide (CO2) net fluxes from LULUCF - Organic Soil (Mt CO2e),EN.GHG.CO2.LU.OS.MT.CE.AR5,0.0
Sri Lanka,LKA,2012,Carbon dioxide (CO2) net fluxes from LULUCF - Organic Soil (Mt CO2e),EN.GHG.CO2.LU.OS.MT.CE.AR5,0.0
Sri Lanka,LKA,2011,Carbon dioxide (CO2) net fluxes from LULUCF - Organic Soil (Mt CO2e),EN.GHG.CO2.LU.OS.MT.CE.AR5,0.0
Sri Lanka,LKA,2010,Carbon dioxide (CO2) net fluxes from LULUCF - Organic Soil (Mt CO2e),EN.GHG.CO2.LU.OS.MT.CE.AR5,0.0
Sri Lanka,LKA,2009,Carbon dioxide (CO2) net fluxes from LULUCF - Organic Soil (Mt CO2e),EN.GHG.CO2.LU.OS.MT.CE.AR5,0.0
Sri Lanka,LKA,2008,Carbon dioxide (CO2) net fluxes from LULUCF - Organic Soil (Mt CO2e),EN.GHG.CO2.LU.OS.MT.CE.AR5,0.0
Sri Lanka,LKA,2007,Carbon dioxide (CO2) net fluxes from LULUCF - Organic Soil (Mt CO2e),EN.GHG.CO2.LU.OS.MT.CE.AR5,0.0
Sri Lanka,LKA,2006,Carbon dioxide (CO2) net fluxes from LULUCF - Organic Soil (Mt CO2e),EN.GHG.CO2.LU.OS.MT.CE.AR5,0.0
Sri Lanka,LKA,2005,Carbon dioxide (CO2) net fluxes from LULUCF - Organic Soil (Mt CO2e),EN.GHG.CO2.LU.OS.MT.CE.AR5,0.0
Sri Lanka,LKA,2004,Carbon dioxide (CO2) net fluxes from LULUCF - Organic Soil (Mt CO2e),EN.GHG.CO2.LU.OS.MT.CE.AR5,0.0
Sri Lanka,LKA,2003,Carbon dioxide (CO2) net fluxes from LULUCF - Organic Soil (Mt CO2e),EN.GHG.CO2.LU.OS.MT.CE.AR5,0.0
Sri Lanka,LKA,2002,Carbon dioxide (CO2) net fluxes from LULUCF - Organic Soil (Mt CO2e),EN.GHG.CO2.LU.OS.MT.CE.AR5,0.0
Sri Lanka,LKA,2001,Carbon dioxide (CO2) net fluxes from LULUCF - Organic Soil (Mt CO2e),EN.GHG.CO2.LU.OS.MT.CE.AR5,0.0
Sri Lanka,LKA,2000,Carbon dioxide (CO2) net fluxes from LULUCF - Organic Soil (Mt CO2e),EN.GHG.CO2.LU.OS.MT.CE.AR5,0.0
Sri Lanka,LKA,2023,Carbon dioxide (CO2) emissions (total) excluding LULUCF (Mt CO2e),EN.GHG.CO2.MT.CE.AR5,20.518
Sri Lanka,LKA,2022,Carbon dioxide (CO2) emissions (total) excluding LULUCF (Mt CO2e),EN.GHG.CO2.MT.CE.AR5,19.9802
Sri Lanka,LKA,2021,Carbon dioxide (CO2) emissions (total) excluding LULUCF (Mt CO2e),EN.GHG.CO2.MT.CE.AR5,22.7231
Sri Lanka,LKA,2020,Carbon dioxide (CO2) emissions (total) excluding LULUCF (Mt CO2e),EN.GHG.CO2.MT.CE.AR5,22.1594
Sri Lanka,LKA,2019,Carbon dioxide (CO2) emissions (total) excluding LULUCF (Mt CO2e),EN.GHG.CO2.MT.CE.AR5,23.9714
Sri Lanka,LKA,2018,Carbon dioxide (CO2) emissions (total) excluding LULUCF (Mt CO2e),EN.GHG.CO2.MT.CE.AR5,21.9799
Sri Lanka,LKA,2017,Carbon dioxide (CO2) emissions (total) excluding LULUCF (Mt CO2e),EN.GHG.CO2.MT.CE.AR5,23.4079
Sri Lanka,LKA,2016,Carbon dioxide (CO2) emissions (total) excluding LULUCF (Mt CO2e),EN.GHG.CO2.MT.CE.AR5,23.4839
Sri Lanka,LKA,2015,Carbon dioxide (CO2) emissions (total) excluding LULUCF (Mt CO2e),EN.GHG.CO2.MT.CE.AR5,19.7083
Sri Lanka,LKA,2014,Carbon dioxide (CO2) emissions (total) excluding LULUCF (Mt CO2e),EN.GHG.CO2.MT.CE.AR5,17.8791
Sri Lanka,LKA,2013,Carbon dioxide (CO2) emissions (total) excluding LULUCF (Mt CO2e),EN.GHG.CO2.MT.CE.AR5,14.8356
Sri Lanka,LKA,2012,Carbon dioxide (CO2) emissions (total) excluding LULUCF (Mt CO2e),EN.GHG.CO2.MT.CE.AR5,17.8929
Sri Lanka,LKA,2011,Carbon dioxide (CO2) emissions (total) excluding LULUCF (Mt CO2e),EN.GHG.CO2.MT.CE.AR5,15.9065
Sri Lanka,LKA,2010,Carbon dioxide (CO2) emissions (total) excluding LULUCF (Mt CO2e),EN.GHG.CO2.MT.CE.AR5,13.5168
Sri Lanka,LKA,2009,Carbon dioxide (CO2) emissions (total) excluding LULUCF (Mt CO2e),EN.GHG.CO2.MT.CE.AR5,12.7759
Sri Lanka,LKA,2008,Carbon dioxide (CO2) emissions (total) excluding LULUCF (Mt CO2e),EN.GHG.CO2.MT.CE.AR5,13.3032
Sri Lanka,LKA,2007,Carbon dioxide (CO2) emissions (total) excluding LULUCF (Mt CO2e),EN.GHG.CO2.MT.CE.AR5,14.1224
Sri Lanka,LKA,2006,Carbon dioxide (CO2) emissions (total) excluding LULUCF (Mt CO2e),EN.GHG.CO2.MT.CE.AR5,13.1925
Sri Lanka,LKA,2005,Carbon dioxide (CO2) emissions (total) excluding LULUCF (Mt CO2e),EN.GHG.CO2.MT.CE.AR5,14.4281
Sri Lanka,LKA,2004,Carbon dioxide (CO2) emissions (total) excluding LULUCF (Mt CO2e),EN.GHG.CO2.MT.CE.AR5,13.2768
Sri Lanka,LKA,2003,Carbon dioxide (CO2) emissions (total) excluding LULUCF (Mt CO2e),EN.GHG.CO2.MT.CE.AR5,12.8573
Sri Lanka,LKA,2002,Carbon dioxide (CO2) emissions (total) excluding LULUCF (Mt CO2e),EN.GHG.CO2.MT.CE.AR5,11.8969
Sri Lanka,LKA,2001,Carbon dioxide (CO2) emissions (total) excluding LULUCF (Mt CO2e),EN.GHG.CO2.MT.CE.AR5,11.3723
Sri Lanka,LKA,2000,Carbon dioxide (CO2) emissions (total) excluding LULUCF (Mt CO2e),EN.GHG.CO2.MT.CE.AR5,11.4648
Sri Lanka,LKA,1999,Carbon dioxide (CO2) emissions (total) excluding LULUCF (Mt CO2e),EN.GHG.CO2.MT.CE.AR5,10.0261
Sri Lanka,LKA,1998,Carbon dioxide (CO2) emissions (total) excluding LULUCF (Mt CO2e),EN.GHG.CO2.MT.CE.AR5,9.073
Sri Lanka,LKA,1997,Carbon dioxide (CO2) emissions (total) excluding LULUCF (Mt CO2e),EN.GHG.CO2.MT.CE.AR5,8.786
Sri Lanka,LKA,1996,Carbon dioxide (CO2) emissions (total) excluding LULUCF (Mt CO2e),EN.GHG.CO2.MT.CE.AR5,8.8088
Sri Lanka,LKA,1995,Carbon dioxide (CO2) emissions (total) excluding LULUCF (Mt CO2e),EN.GHG.CO2.MT.CE.AR5,6.2415
Sri Lanka,LKA,1994,Carbon dioxide (CO2) emissions (total) excluding LULUCF (Mt CO2e),EN.GHG.CO2.MT.CE.AR5,6.2212
Sri Lanka,LKA,1993,Carbon dioxide (CO2) emissions (total) excluding LULUCF (Mt CO2e),EN.GHG.CO2.MT.CE.AR5,5.3943
Sri Lanka,LKA,1992,Carbon dioxide (CO2) emissions (total) excluding LULUCF (Mt CO2e),EN.GHG.CO2.MT.CE.AR5,5.5101
Sri Lanka,LKA,1991,Carbon dioxide (CO2) emissions (total) excluding LULUCF (Mt CO2e),EN.GHG.CO2.MT.CE.AR5,4.4238
Sri Lanka,LKA,1990,Carbon dioxide (CO2) emissions (total) excluding LULUCF (Mt CO2e),EN.GHG.CO2.MT.CE.AR5,4.2373
Sri Lanka,LKA,1989,Carbon dioxide (CO2) emissions (total) excluding LULUCF (Mt CO2e),EN.GHG.CO2.MT.CE.AR5,4.1747
Sri Lanka,LKA,1988,Carbon dioxide (CO2) emissions (total) excluding LULUCF (Mt CO2e),EN.GHG.CO2.MT.CE.AR5,4.3893
Sri Lanka,LKA,1987,Carbon dioxide (CO2) emissions (total) excluding LULUCF (Mt CO2e),EN.GHG.CO2.MT.CE.AR5,4.5593
Sri Lanka,LKA,1986,Carbon dioxide (CO2) emissions (total) excluding LULUCF (Mt CO2e),EN.GHG.CO2.MT.CE.AR5,3.9761
Sri Lanka,LKA,1985,Carbon dioxide (CO2) emissions (total) excluding LULUCF (Mt CO2e),EN.GHG.CO2.MT.CE.AR5,4.0188
Sri Lanka,LKA,1984,Carbon dioxide (CO2) emissions (total) excluding LULUCF (Mt CO2e),EN.GHG.CO2.MT.CE.AR5,4.4179
Sri Lanka,LKA,1983,Carbon dioxide (CO2) emissions (total) excluding LULUCF (Mt CO2e),EN.GHG.CO2.MT.CE.AR5,5.0378
Sri Lanka,LKA,1982,Carbon dioxide (CO2) emissions (total) excluding LULUCF (Mt CO2e),EN.GHG.CO2.MT.CE.AR5,4.9353
Sri Lanka,LKA,1981,Carbon dioxide (CO2) emissions (total) excluding LULUCF (Mt CO2e),EN.GHG.CO2.MT.CE.AR5,4.3351
Sri Lanka,LKA,1980,Carbon dioxide (CO2) emissions (total) excluding LULUCF (Mt CO2e),EN.GHG.CO2.MT.CE.AR5,4.2068
Sri Lanka,LKA,1979,Carbon dioxide (CO2) emissions (total) excluding LULUCF (Mt CO2e),EN.GHG.CO2.MT.CE.AR5,4.2092
Sri Lanka,LKA,1978,Carbon dioxide (CO2) emissions (total) excluding LULUCF (Mt CO2e),EN.GHG.CO2.MT.CE.AR5,3.8925
Sri Lanka,LKA,1977,Carbon dioxide (CO2) emissions (total) excluding LULUCF (Mt CO2e),EN.GHG.CO2.MT.CE.AR5,3.295
Sri Lanka,LKA,1976,Carbon dioxide (CO2) emissions (total) excluding LULUCF (Mt CO2e),EN.GHG.CO2.MT.CE.AR5,3.0531
Sri Lanka,LKA,1975,Carbon dioxide (CO2) emissions (total) excluding LULUCF (Mt CO2e),EN.GHG.CO2.MT.CE.AR5,2.9861
Sri Lanka,LKA,1974,Carbon dioxide (CO2) emissions (total) excluding LULUCF (Mt CO2e),EN.GHG.CO2.MT.CE.AR5,3.3965
Sri Lanka,LKA,1973,Carbon dioxide (CO2) emissions (total) excluding LULUCF (Mt CO2e),EN.GHG.CO2.MT.CE.AR5,3.9448
Sri Lanka,LKA,1972,Carbon dioxide (CO2) emissions (total) excluding LULUCF (Mt CO2e),EN.GHG.CO2.MT.CE.AR5,3.7821
Sri Lanka,LKA,1971,Carbon dioxide (CO2) emissions (total) excluding LULUCF (Mt CO2e),EN.GHG.CO2.MT.CE.AR5,3.15
Sri Lanka,LKA,1970,Carbon dioxide (CO2) emissions (total) excluding LULUCF (Mt CO2e),EN.GHG.CO2.MT.CE.AR5,3.1198
Sri Lanka,LKA,2023,Carbon dioxide (CO2) emissions excluding LULUCF per capita (t CO2e/capita),EN.GHG.CO2.PC.CE.AR5,0.931070472387349
Sri Lanka,LKA,2022,Carbon dioxide (CO2) emissions excluding LULUCF per capita (t CO2e/capita),EN.GHG.CO2.PC.CE.AR5,0.900779946801316
Sri Lanka,LKA,2021,Carbon dioxide (CO2) emissions excluding LULUCF per capita (t CO2e/capita),EN.GHG.CO2.PC.CE.AR5,1.02559577541072
Sri Lanka,LKA,2020,Carbon dioxide (CO2) emissions excluding LULUCF per capita (t CO2e/capita),EN.GHG.CO2.PC.CE.AR5,1.01096765363383
Sri Lanka,LKA,2019,Carbon dioxide (CO2) emissions excluding LULUCF per capita (t CO2e/capita),EN.GHG.CO2.PC.CE.AR5,1.09945420354997
Sri Lanka,LKA,2018,Carbon dioxide (CO2) emissions excluding LULUCF per capita (t CO2e/capita),EN.GHG.CO2.PC.CE.AR5,1.01430087678819
Sri Lanka,LKA,2017,Carbon dioxide (CO2) emissions excluding LULUCF per capita (t CO2e/capita),EN.GHG.CO2.PC.CE.AR5,1.09158272710315
Sri Lanka,LKA,2016,Carbon dioxide (CO2) emissions excluding LULUCF per capita (t CO2e/capita),EN.GHG.CO2.PC.CE.AR5,1.10726106841435
Sri Lanka,LKA,2015,Carbon dioxide (CO2) emissions excluding LULUCF per capita (t CO2e/capita),EN.GHG.CO2.PC.CE.AR5,0.939833094897473
Sri Lanka,LKA,2014,Carbon dioxide (CO2) emissions excluding LULUCF per capita (t CO2e/capita),EN.GHG.CO2.PC.CE.AR5,0.860482240831649
Sri Lanka,LKA,2013,Carbon dioxide (CO2) emissions excluding LULUCF per capita (t CO2e/capita),EN.GHG.CO2.PC.CE.AR5,0.720699538498907
Sri Lanka,LKA,2012,Carbon dioxide (CO2) emissions excluding LULUCF per capita (t CO2e/capita),EN.GHG.CO2.PC.CE.AR5,0.845222395396236
Sri Lanka,LKA,2011,Carbon dioxide (CO2) emissions excluding LULUCF per capita (t CO2e/capita),EN.GHG.CO2.PC.CE.AR5,0.757126167734968
Sri Lanka,LKA,2010,Carbon dioxide (CO2) emissions excluding LULUCF per capita (t CO2e/capita),EN.GHG.CO2.PC.CE.AR5,0.647384567401384
Sri Lanka,LKA,2009,Carbon dioxide (CO2) emissions excluding LULUCF per capita (t CO2e/capita),EN.GHG.CO2.PC.CE.AR5,0.615515140244459
Sri Lanka,LKA,2008,Carbon dioxide (CO2) emissions excluding LULUCF per capita (t CO2e/capita),EN.GHG.CO2.PC.CE.AR5,0.644866752647608
Sri Lanka,LKA,2007,Carbon dioxide (CO2) emissions excluding LULUCF per capita (t CO2e/capita),EN.GHG.CO2.PC.CE.AR5,0.689148175592636
Sri Lanka,LKA,2006,Carbon dioxide (CO2) emissions excluding LULUCF per capita (t CO2e/capita),EN.GHG.CO2.PC.CE.AR5,0.648203301318945
Sri Lanka,LKA,2005,Carbon dioxide (CO2) emissions excluding LULUCF per capita (t CO2e/capita),EN.GHG.CO2.PC.CE.AR5,0.713678573032634
Sri Lanka,LKA,2004,Carbon dioxide (CO2) emissions excluding LULUCF per capita (t CO2e/capita),EN.GHG.CO2.PC.CE.AR5,0.660944896118776
Sri Lanka,LKA,2003,Carbon dioxide (CO2) emissions excluding LULUCF per capita (t CO2e/capita),EN.GHG.CO2.PC.CE.AR5,0.644427058969589
Sri Lanka,LKA,2002,Carbon dioxide (CO2) emissions excluding LULUCF per capita (t CO2e/capita),EN.GHG.CO2.PC.CE.AR5,0.600679035060118
Sri Lanka,LKA,2001,Carbon dioxide (CO2) emissions excluding LULUCF per capita (t CO2e/capita),EN.GHG.CO2.PC.CE.AR5,0.580208671656166
Sri Lanka,LKA,2000,Carbon dioxide (CO2) emissions excluding LULUCF per capita (t CO2e/capita),EN.GHG.CO2.PC.CE.AR5,0.594244954686801
Sri Lanka,LKA,1999,Carbon dioxide (CO2) emissions excluding LULUCF per capita (t CO2e/capita),EN.GHG.CO2.PC.CE.AR5,0.529228944976838
Sri Lanka,LKA,1998,Carbon dioxide (CO2) emissions excluding LULUCF per capita (t CO2e/capita),EN.GHG.CO2.PC.CE.AR5,0.487900545079499
Sri Lanka,LKA,1997,Carbon dioxide (CO2) emissions excluding LULUCF per capita (t CO2e/capita),EN.GHG.CO2.PC.CE.AR5,0.481472145197883
Sri Lanka,LKA,1996,Carbon dioxide (CO2) emissions excluding LULUCF per capita (t CO2e/capita),EN.GHG.CO2.PC.CE.AR5,0.491973814268157
Sri Lanka,LKA,1995,Carbon dioxide (CO2) emissions excluding LULUCF per capita (t CO2e/capita),EN.GHG.CO2.PC.CE.AR5,0.355356173752003
Sri Lanka,LKA,1994,Carbon dioxide (CO2) emissions excluding LULUCF per capita (t CO2e/capita),EN.GHG.CO2.PC.CE.AR5,0.360111237858937
Sri Lanka,LKA,1993,Carbon dioxide (CO2) emissions excluding LULUCF per capita (t CO2e/capita),EN.GHG.CO2.PC.CE.AR5,0.316828731349464
Sri Lanka,LKA,1992,Carbon dioxide (CO2) emissions excluding LULUCF per capita (t CO2e/capita),EN.GHG.CO2.PC.CE.AR5,0.329171785364296
Sri Lanka,LKA,1991,Carbon dioxide (CO2) emissions excluding LULUCF per capita (t CO2e/capita),EN.GHG.CO2.PC.CE.AR5,0.268510163726983
Sri Lanka,LKA,1990,Carbon dioxide (CO2) emissions excluding LULUCF per capita (t CO2e/capita),EN.GHG.CO2.PC.CE.AR5,0.259123123875322
Sri Lanka,LKA,1989,Carbon dioxide (CO2) emissions excluding LULUCF per capita (t CO2e/capita),EN.GHG.CO2.PC.CE.AR5,0.256927430540447
Sri Lanka,LKA,1988,Carbon dioxide (CO2) emissions excluding LULUCF per capita (t CO2e/capita),EN.GHG.CO2.PC.CE.AR5,0.272989829165076
Sri Lanka,LKA,1987,Carbon dioxide (CO2) emissions excluding LULUCF per capita (t CO2e/capita),EN.GHG.CO2.PC.CE.AR5,0.286449799253307
Sri Lanka,LKA,1986,Carbon dioxide (CO2) emissions excluding LULUCF per capita (t CO2e/capita),EN.GHG.CO2.PC.CE.AR5,0.252751592116993
Sri Lanka,LKA,1985,Carbon dioxide (CO2) emissions excluding LULUCF per capita (t CO2e/capita),EN.GHG.CO2.PC.CE.AR5,0.258540927991321
Sri Lanka,LKA,1984,Carbon dioxide (CO2) emissions excluding LULUCF per capita (t CO2e/capita),EN.GHG.CO2.PC.CE.AR5,0.286098954400571
Sri Lanka,LKA,1983,Carbon dioxide (CO2) emissions excluding LULUCF per capita (t CO2e/capita),EN.GHG.CO2.PC.CE.AR5,0.327368083554826
Sri Lanka,LKA,1982,Carbon dioxide (CO2) emissions excluding LULUCF per capita (t CO2e/capita),EN.GHG.CO2.PC.CE.AR5,0.322852083139399
Sri Lanka,LKA,1981,Carbon dioxide (CO2) emissions excluding LULUCF per capita (t CO2e/capita),EN.GHG.CO2.PC.CE.AR5,0.287103857143065
Sri Lanka,LKA,1980,Carbon dioxide (CO2) emissions excluding LULUCF per capita (t CO2e/capita),EN.GHG.CO2.PC.CE.AR5,0.28332484957207
Sri Lanka,LKA,1979,Carbon dioxide (CO2) emissions excluding LULUCF per capita (t CO2e/capita),EN.GHG.CO2.PC.CE.AR5,0.288704488335562
Sri Lanka,LKA,1978,Carbon dioxide (CO2) emissions excluding LULUCF per capita (t CO2e/capita),EN.GHG.CO2.PC.CE.AR5,0.272010145541675
Sri Lanka,LKA,1977,Carbon dioxide (CO2) emissions excluding LULUCF per capita (t CO2e/capita),EN.GHG.CO2.PC.CE.AR5,0.234530072556273
Sri Lanka,LKA,1976,Carbon dioxide (CO2) emissions excluding LULUCF per capita (t CO2e/capita),EN.GHG.CO2.PC.CE.AR5,0.221290925339772
Sri Lanka,LKA,1975,Carbon dioxide (CO2) emissions excluding LULUCF per capita (t CO2e/capita),EN.GHG.CO2.PC.CE.AR5,0.220392909165735
Sri Lanka,LKA,1974,Carbon dioxide (CO2) emissions excluding LULUCF per capita (t CO2e/capita),EN.GHG.CO2.PC.CE.AR5,0.255266674197278
Sri Lanka,LKA,1973,Carbon dioxide (CO2) emissions excluding LULUCF per capita (t CO2e/capita),EN.GHG.CO2.PC.CE.AR5,0.302030883591932
Sri Lanka,LKA,1972,Carbon dioxide (CO2) emissions excluding LULUCF per capita (t CO2e/capita),EN.GHG.CO2.PC.CE.AR5,0.295264225999974
Sri Lanka,LKA,1971,Carbon dioxide (CO2) emissions excluding LULUCF per capita (t CO2e/capita),EN.GHG.CO2.PC.CE.AR5,0.250957822355323
Sri Lanka,LKA,1970,Carbon dioxide (CO2) emissions excluding LULUCF per capita (t CO2e/capita),EN.GHG.CO2.PC.CE.AR5,0.253908364131191
Sri Lanka,LKA,2023,Carbon dioxide (CO2) emissions from Power Industry (Energy) (Mt CO2e),EN.GHG.CO2.PI.MT.CE.AR5,7.1113
Sri Lanka,LKA,2022,Carbon dioxide (CO2) emissions from Power Industry (Energy) (Mt CO2e),EN.GHG.CO2.PI.MT.CE.AR5,7.5656
Sri Lanka,LKA,2021,Carbon dioxide (CO2) emissions from Power Industry (Energy) (Mt CO2e),EN.GHG.CO2.PI.MT.CE.AR5,8.278
Sri Lanka,LKA,2020,Carbon dioxide (CO2) emissions from Power Industry (Energy) (Mt CO2e),EN.GHG.CO2.PI.MT.CE.AR5,9.4368
Sri Lanka,LKA,2019,Carbon dioxide (CO2) emissions from Power Industry (Energy) (Mt CO2e),EN.GHG.CO2.PI.MT.CE.AR5,9.6545
Sri Lanka,LKA,2018,Carbon dioxide (CO2) emissions from Power Industry (Energy) (Mt CO2e),EN.GHG.CO2.PI.MT.CE.AR5,8.1035
Sri Lanka,LKA,2017,Carbon dioxide (CO2) emissions from Power Industry (Energy) (Mt CO2e),EN.GHG.CO2.PI.MT.CE.AR5,9.4412
Sri Lanka,LKA,2016,Carbon dioxide (CO2) emissions from Power Industry (Energy) (Mt CO2e),EN.GHG.CO2.PI.MT.CE.AR5,8.6306
Sri Lanka,LKA,2015,Carbon dioxide (CO2) emissions from Power Industry (Energy) (Mt CO2e),EN.GHG.CO2.PI.MT.CE.AR5,6.7413
Sri Lanka,LKA,2014,Carbon dioxide (CO2) emissions from Power Industry (Energy) (Mt CO2e),EN.GHG.CO2.PI.MT.CE.AR5,6.7688
Sri Lanka,LKA,2013,Carbon dioxide (CO2) emissions from Power Industry (Energy) (Mt CO2e),EN.GHG.CO2.PI.MT.CE.AR5,4.0195
Sri Lanka,LKA,2012,Carbon dioxide (CO2) emissions from Power Industry (Energy) (Mt CO2e),EN.GHG.CO2.PI.MT.CE.AR5,6.454
Sri Lanka,LKA,2011,Carbon dioxide (CO2) emissions from Power Industry (Energy) (Mt CO2e),EN.GHG.CO2.PI.MT.CE.AR5,5.1283
Sri Lanka,LKA,2010,Carbon dioxide (CO2) emissions from Power Industry (Energy) (Mt CO2e),EN.GHG.CO2.PI.MT.CE.AR5,3.3748
Sri Lanka,LKA,2009,Carbon dioxide (CO2) emissions from Power Industry (Energy) (Mt CO2e),EN.GHG.CO2.PI.MT.CE.AR5,4.0763
Sri Lanka,LKA,2008,Carbon dioxide (CO2) emissions from Power Industry (Energy) (Mt CO2e),EN.GHG.CO2.PI.MT.CE.AR5,3.868
Sri Lanka,LKA,2007,Carbon dioxide (CO2) emissions from Power Industry (Energy) (Mt CO2e),EN.GHG.CO2.PI.MT.CE.AR5,3.9427
Sri Lanka,LKA,2006,Carbon dioxide (CO2) emissions from Power Industry (Energy) (Mt CO2e),EN.GHG.CO2.PI.MT.CE.AR5,3.2186
Sri Lanka,LKA,2005,Carbon dioxide (CO2) emissions from Power Industry (Energy) (Mt CO2e),EN.GHG.CO2.PI.MT.CE.AR5,4.4862
Sri Lanka,LKA,2004,Carbon dioxide (CO2) emissions from Power Industry (Energy) (Mt CO2e),EN.GHG.CO2.PI.MT.CE.AR5,4.2697
Sri Lanka,LKA,2003,Carbon dioxide (CO2) emissions from Power Industry (Energy) (Mt CO2e),EN.GHG.CO2.PI.MT.CE.AR5,3.808
Sri Lanka,LKA,2002,Carbon dioxide (CO2) emissions from Power Industry (Energy) (Mt CO2e),EN.GHG.CO2.PI.MT.CE.AR5,3.369
Sri Lanka,LKA,2001,Carbon dioxide (CO2) emissions from Power Industry (Energy) (Mt CO2e),EN.GHG.CO2.PI.MT.CE.AR5,2.9428
Sri Lanka,LKA,2000,Carbon dioxide (CO2) emissions from Power Industry (Energy) (Mt CO2e),EN.GHG.CO2.PI.MT.CE.AR5,3.1679
Sri Lanka,LKA,1999,Carbon dioxide (CO2) emissions from Power Industry (Energy) (Mt CO2e),EN.GHG.CO2.PI.MT.CE.AR5,1.4284
Sri Lanka,LKA,1998,Carbon dioxide (CO2) emissions from Power Industry (Energy) (Mt CO2e),EN.GHG.CO2.PI.MT.CE.AR5,1.1713
Sri Lanka,LKA,1997,Carbon dioxide (CO2) emissions from Power Industry (Energy) (Mt CO2e),EN.GHG.CO2.PI.MT.CE.AR5,1.3646
Sri Lanka,LKA,1996,Carbon dioxide (CO2) emissions from Power Industry (Energy) (Mt CO2e),EN.GHG.CO2.PI.MT.CE.AR5,1.062
Sri Lanka,LKA,1995,Carbon dioxide (CO2) emissions from Power Industry (Energy) (Mt CO2e),EN.GHG.CO2.PI.MT.CE.AR5,0.2461
Sri Lanka,LKA,1994,Carbon dioxide (CO2) emissions from Power Industry (Energy) (Mt CO2e),EN.GHG.CO2.PI.MT.CE.AR5,0.2831
Sri Lanka,LKA,1993,Carbon dioxide (CO2) emissions from Power Industry (Energy) (Mt CO2e),EN.GHG.CO2.PI.MT.CE.AR5,0.2973
Sri Lanka,LKA,1992,Carbon dioxide (CO2) emissions from Power Industry (Energy) (Mt CO2e),EN.GHG.CO2.PI.MT.CE.AR5,0.6811
Sri Lanka,LKA,1991,Carbon dioxide (CO2) emissions from Power Industry (Energy) (Mt CO2e),EN.GHG.CO2.PI.MT.CE.AR5,0.1865
Sri Lanka,LKA,1990,Carbon dioxide (CO2) emissions from Power Industry (Energy) (Mt CO2e),EN.GHG.CO2.PI.MT.CE.AR5,0.0062
Sri Lanka,LKA,1989,Carbon dioxide (CO2) emissions from Power Industry (Energy) (Mt CO2e),EN.GHG.CO2.PI.MT.CE.AR5,0.0438
Sri Lanka,LKA,1988,Carbon dioxide (CO2) emissions from Power Industry (Energy) (Mt CO2e),EN.GHG.CO2.PI.MT.CE.AR5,0.1836
Sri Lanka,LKA,1987,Carbon dioxide (CO2) emissions from Power Industry (Energy) (Mt CO2e),EN.GHG.CO2.PI.MT.CE.AR5,0.5061
Sri Lanka,LKA,1986,Carbon dioxide (CO2) emissions from Power Industry (Energy) (Mt CO2e),EN.GHG.CO2.PI.MT.CE.AR5,0.0062
Sri Lanka,LKA,1985,Carbon dioxide (CO2) emissions from Power Industry (Energy) (Mt CO2e),EN.GHG.CO2.PI.MT.CE.AR5,0.0375
Sri Lanka,LKA,1984,Carbon dioxide (CO2) emissions from Power Industry (Energy) (Mt CO2e),EN.GHG.CO2.PI.MT.CE.AR5,0.2113
Sri Lanka,LKA,1983,Carbon dioxide (CO2) emissions from Power Industry (Energy) (Mt CO2e),EN.GHG.CO2.PI.MT.CE.AR5,0.9743
Sri Lanka,LKA,1982,Carbon dioxide (CO2) emissions from Power Industry (Energy) (Mt CO2e),EN.GHG.CO2.PI.MT.CE.AR5,0.5137
Sri Lanka,LKA,1981,Carbon dioxide (CO2) emissions from Power Industry (Energy) (Mt CO2e),EN.GHG.CO2.PI.MT.CE.AR5,0.3208
Sri Lanka,LKA,1980,Carbon dioxide (CO2) emissions from Power Industry (Energy) (Mt CO2e),EN.GHG.CO2.PI.MT.CE.AR5,0.2875
Sri Lanka,LKA,1979,Carbon dioxide (CO2) emissions from Power Industry (Energy) (Mt CO2e),EN.GHG.CO2.PI.MT.CE.AR5,0.1298
Sri Lanka,LKA,1978,Carbon dioxide (CO2) emissions from Power Industry (Energy) (Mt CO2e),EN.GHG.CO2.PI.MT.CE.AR5,0.0284
Sri Lanka,LKA,1977,Carbon dioxide (CO2) emissions from Power Industry (Energy) (Mt CO2e),EN.GHG.CO2.PI.MT.CE.AR5,0.0474
Sri Lanka,LKA,1976,Carbon dioxide (CO2) emissions from Power Industry (Energy) (Mt CO2e),EN.GHG.CO2.PI.MT.CE.AR5,0.0625
Sri Lanka,LKA,1975,Carbon dioxide (CO2) emissions from Power Industry (Energy) (Mt CO2e),EN.GHG.CO2.PI.MT.CE.AR5,0.0438
Sri Lanka,LKA,1974,Carbon dioxide (CO2) emissions from Power Industry (Energy) (Mt CO2e),EN.GHG.CO2.PI.MT.CE.AR5,0.0719
Sri Lanka,LKA,1973,Carbon dioxide (CO2) emissions from Power Industry (Energy) (Mt CO2e),EN.GHG.CO2.PI.MT.CE.AR5,0.3001
Sri Lanka,LKA,1972,Carbon dioxide (CO2) emissions from Power Industry (Energy) (Mt CO2e),EN.GHG.CO2.PI.MT.CE.AR5,0.1282
Sri Lanka,LKA,1971,Carbon dioxide (CO2) emissions from Power Industry (Energy) (Mt CO2e),EN.GHG.CO2.PI.MT.CE.AR5,0.0625
Sri Lanka,LKA,1970,Carbon dioxide (CO2) emissions from Power Industry (Energy) (Mt CO2e),EN.GHG.CO2.PI.MT.CE.AR5,0.0625
Sri Lanka,LKA,2023,Carbon intensity of GDP (kg CO2e per constant 2015 US$ of GDP),EN.GHG.CO2.RT.GDP.KD,0.234604791245678
Sri Lanka,LKA,2022,Carbon intensity of GDP (kg CO2e per constant 2015 US$ of GDP),EN.GHG.CO2.RT.GDP.KD,0.223205601863068
Sri Lanka,LKA,2021,Carbon intensity of GDP (kg CO2e per constant 2015 US$ of GDP),EN.GHG.CO2.RT.GDP.KD,0.235197825931758
Sri Lanka,LKA,2020,Carbon intensity of GDP (kg CO2e per constant 2015 US$ of GDP),EN.GHG.CO2.RT.GDP.KD,0.239013592365627
Sri Lanka,LKA,2019,Carbon intensity of GDP (kg CO2e per constant 2015 US$ of GDP),EN.GHG.CO2.RT.GDP.KD,0.246600958584924
Sri Lanka,LKA,2018,Carbon intensity of GDP (kg CO2e per constant 2015 US$ of GDP),EN.GHG.CO2.RT.GDP.KD,0.225615258182462
Sri Lanka,LKA,2017,Carbon intensity of GDP (kg CO2e per constant 2015 US$ of GDP),EN.GHG.CO2.RT.GDP.KD,0.245823643223618
Sri Lanka,LKA,2016,Carbon intensity of GDP (kg CO2e per constant 2015 US$ of GDP),EN.GHG.CO2.RT.GDP.KD,0.262555222194232
Sri Lanka,LKA,2015,Carbon intensity of GDP (kg CO2e per constant 2015 US$ of GDP),EN.GHG.CO2.RT.GDP.KD,0.23147849245982
Sri Lanka,LKA,2014,Carbon intensity of GDP (kg CO2e per constant 2015 US$ of GDP),EN.GHG.CO2.RT.GDP.KD,0.218826379154631
Sri Lanka,LKA,2013,Carbon intensity of GDP (kg CO2e per constant 2015 US$ of GDP),EN.GHG.CO2.RT.GDP.KD,0.193157186501547
Sri Lanka,LKA,2012,Carbon intensity of GDP (kg CO2e per constant 2015 US$ of GDP),EN.GHG.CO2.RT.GDP.KD,0.242401813070051
Sri Lanka,LKA,2011,Carbon intensity of GDP (kg CO2e per constant 2015 US$ of GDP),EN.GHG.CO2.RT.GDP.KD,0.234092909456809
Sri Lanka,LKA,2010,Carbon intensity of GDP (kg CO2e per constant 2015 US$ of GDP),EN.GHG.CO2.RT.GDP.KD,0.216169848571839
Sri Lanka,LKA,2009,Carbon intensity of GDP (kg CO2e per constant 2015 US$ of GDP),EN.GHG.CO2.RT.GDP.KD,0.220699166887494
Sri Lanka,LKA,2008,Carbon intensity of GDP (kg CO2e per constant 2015 US$ of GDP),EN.GHG.CO2.RT.GDP.KD,0.237940794567781
Sri Lanka,LKA,2007,Carbon intensity of GDP (kg CO2e per constant 2015 US$ of GDP),EN.GHG.CO2.RT.GDP.KD,0.267622496558798
Sri Lanka,LKA,2006,Carbon intensity of GDP (kg CO2e per constant 2015 US$ of GDP),EN.GHG.CO2.RT.GDP.KD,0.266992805325878
Sri Lanka,LKA,2005,Carbon intensity of GDP (kg CO2e per constant 2015 US$ of GDP),EN.GHG.CO2.RT.GDP.KD,0.314390505996923
Sri Lanka,LKA,2004,Carbon intensity of GDP (kg CO2e per constant 2015 US$ of GDP),EN.GHG.CO2.RT.GDP.KD,0.307361098620172
Sri Lanka,LKA,2003,Carbon intensity of GDP (kg CO2e per constant 2015 US$ of GDP),EN.GHG.CO2.RT.GDP.KD,0.313856774843276
Sri Lanka,LKA,2002,Carbon intensity of GDP (kg CO2e per constant 2015 US$ of GDP),EN.GHG.CO2.RT.GDP.KD,0.307663951068842
Sri Lanka,LKA,2001,Carbon intensity of GDP (kg CO2e per constant 2015 US$ of GDP),EN.GHG.CO2.RT.GDP.KD,0.305757355035916
Sri Lanka,LKA,2000,Carbon intensity of GDP (kg CO2e per constant 2015 US$ of GDP),EN.GHG.CO2.RT.GDP.KD,0.303480690988709
Sri Lanka,LKA,1999,Carbon intensity of GDP (kg CO2e per constant 2015 US$ of GDP),EN.GHG.CO2.RT.GDP.KD,0.281321299123725
Sri Lanka,LKA,1998,Carbon intensity of GDP (kg CO2e per constant 2015 US$ of GDP),EN.GHG.CO2.RT.GDP.KD,0.265526610855156
Sri Lanka,LKA,1997,Carbon intensity of GDP (kg CO2e per constant 2015 US$ of GDP),EN.GHG.CO2.RT.GDP.KD,0.269208321804084
Sri Lanka,LKA,1996,Carbon intensity of GDP (kg CO2e per constant 2015 US$ of GDP),EN.GHG.CO2.RT.GDP.KD,0.287195545024033
Sri Lanka,LKA,1995,Carbon intensity of GDP (kg CO2e per constant 2015 US$ of GDP),EN.GHG.CO2.RT.GDP.KD,0.211225885955107
Sri Lanka,LKA,1994,Carbon intensity of GDP (kg CO2e per constant 2015 US$ of GDP),EN.GHG.CO2.RT.GDP.KD,0.222118708361991
Sri Lanka,LKA,1993,Carbon intensity of GDP (kg CO2e per constant 2015 US$ of GDP),EN.GHG.CO2.RT.GDP.KD,0.20338066157953
Sri Lanka,LKA,1992,Carbon intensity of GDP (kg CO2e per constant 2015 US$ of GDP),EN.GHG.CO2.RT.GDP.KD,0.222081306054229
Sri Lanka,LKA,1991,Carbon intensity of GDP (kg CO2e per constant 2015 US$ of GDP),EN.GHG.CO2.RT.GDP.KD,0.18614375422816
Sri Lanka,LKA,1990,Carbon intensity of GDP (kg CO2e per constant 2015 US$ of GDP),EN.GHG.CO2.RT.GDP.KD,0.186497849800888
Sri Lanka,LKA,1989,Carbon intensity of GDP (kg CO2e per constant 2015 US$ of GDP),EN.GHG.CO2.RT.GDP.KD,0.195502131490194
Sri Lanka,LKA,1988,Carbon intensity of GDP (kg CO2e per constant 2015 US$ of GDP),EN.GHG.CO2.RT.GDP.KD,0.21027815499943
Sri Lanka,LKA,1987,Carbon intensity of GDP (kg CO2e per constant 2015 US$ of GDP),EN.GHG.CO2.RT.GDP.KD,0.223823240051699
Sri Lanka,LKA,1986,Carbon intensity of GDP (kg CO2e per constant 2015 US$ of GDP),EN.GHG.CO2.RT.GDP.KD,0.198561302487055
Sri Lanka,LKA,1985,Carbon intensity of GDP (kg CO2e per constant 2015 US$ of GDP),EN.GHG.CO2.RT.GDP.KD,0.209434993004154
Sri Lanka,LKA,1984,Carbon intensity of GDP (kg CO2e per constant 2015 US$ of GDP),EN.GHG.CO2.RT.GDP.KD,0.241743929959945
Sri Lanka,LKA,1983,Carbon intensity of GDP (kg CO2e per constant 2015 US$ of GDP),EN.GHG.CO2.RT.GDP.KD,0.289720888370253
Sri Lanka,LKA,1982,Carbon intensity of GDP (kg CO2e per constant 2015 US$ of GDP),EN.GHG.CO2.RT.GDP.KD,0.29748954059295
Sri Lanka,LKA,1981,Carbon intensity of GDP (kg CO2e per constant 2015 US$ of GDP),EN.GHG.CO2.RT.GDP.KD,0.272132915662725
Sri Lanka,LKA,1980,Carbon intensity of GDP (kg CO2e per constant 2015 US$ of GDP),EN.GHG.CO2.RT.GDP.KD,0.279130217947531
Sri Lanka,LKA,1979,Carbon intensity of GDP (kg CO2e per constant 2015 US$ of GDP),EN.GHG.CO2.RT.GDP.KD,0.29561679917364
Sri Lanka,LKA,1978,Carbon intensity of GDP (kg CO2e per constant 2015 US$ of GDP),EN.GHG.CO2.RT.GDP.KD,0.290880304316075
Sri Lanka,LKA,1977,Carbon intensity of GDP (kg CO2e per constant 2015 US$ of GDP),EN.GHG.CO2.RT.GDP.KD,0.260151531448074
Sri Lanka,LKA,1976,Carbon intensity of GDP (kg CO2e per constant 2015 US$ of GDP),EN.GHG.CO2.RT.GDP.KD,0.25334780868556
Sri Lanka,LKA,1975,Carbon intensity of GDP (kg CO2e per constant 2015 US$ of GDP),EN.GHG.CO2.RT.GDP.KD,0.256052112195745
Sri Lanka,LKA,1974,Carbon intensity of GDP (kg CO2e per constant 2015 US$ of GDP),EN.GHG.CO2.RT.GDP.KD,0.309085323609574
Sri Lanka,LKA,1973,Carbon intensity of GDP (kg CO2e per constant 2015 US$ of GDP),EN.GHG.CO2.RT.GDP.KD,0.372787052115832
Sri Lanka,LKA,1972,Carbon intensity of GDP (kg CO2e per constant 2015 US$ of GDP),EN.GHG.CO2.RT.GDP.KD,0.382635733460216
Sri Lanka,LKA,1971,Carbon intensity of GDP (kg CO2e per constant 2015 US$ of GDP),EN.GHG.CO2.RT.GDP.KD,0.31737792113423
Sri Lanka,LKA,1970,Carbon intensity of GDP (kg CO2e per constant 2015 US$ of GDP),EN.GHG.CO2.RT.GDP.KD,0.318443185976559
Sri Lanka,LKA,2023,Carbon intensity of GDP (kg CO2e per 2021 PPP $ of GDP),EN.GHG.CO2.RT.GDP.PP.KD,0.0714585181184446
Sri Lanka,LKA,2022,Carbon intensity of GDP (kg CO2e per 2021 PPP $ of GDP),EN.GHG.CO2.RT.GDP.PP.KD,0.0679864271321194
Sri Lanka,LKA,2021,Carbon intensity of GDP (kg CO2e per 2021 PPP $ of GDP),EN.GHG.CO2.RT.GDP.PP.KD,0.0716391511721648
Sri Lanka,LKA,2020,Carbon intensity of GDP (kg CO2e per 2021 PPP $ of GDP),EN.GHG.CO2.RT.GDP.PP.KD,0.0728013994510795
Sri Lanka,LKA,2019,Carbon intensity of GDP (kg CO2e per 2021 PPP $ of GDP),EN.GHG.CO2.RT.GDP.PP.KD,0.0751124432433826
Sri Lanka,LKA,2018,Carbon intensity of GDP (kg CO2e per 2021 PPP $ of GDP),EN.GHG.CO2.RT.GDP.PP.KD,0.0687203868643329
Sri Lanka,LKA,2017,Carbon intensity of GDP (kg CO2e per 2021 PPP $ of GDP),EN.GHG.CO2.RT.GDP.PP.KD,0.0748756799465433
Sri Lanka,LKA,2016,Carbon intensity of GDP (kg CO2e per 2021 PPP $ of GDP),EN.GHG.CO2.RT.GDP.PP.KD,0.0799719690405275
Sri Lanka,LKA,2015,Carbon intensity of GDP (kg CO2e per 2021 PPP $ of GDP),EN.GHG.CO2.RT.GDP.PP.KD,0.0705062755097293
Sri Lanka,LKA,2014,Carbon intensity of GDP (kg CO2e per 2021 PPP $ of GDP),EN.GHG.CO2.RT.GDP.PP.KD,0.066652555118705
Sri Lanka,LKA,2013,Carbon intensity of GDP (kg CO2e per 2021 PPP $ of GDP),EN.GHG.CO2.RT.GDP.PP.KD,0.0588339489489555
Sri Lanka,LKA,2012,Carbon intensity of GDP (kg CO2e per 2021 PPP $ of GDP),EN.GHG.CO2.RT.GDP.PP.KD,0.0738334211302226
Sri Lanka,LKA,2011,Carbon intensity of GDP (kg CO2e per 2021 PPP $ of GDP),EN.GHG.CO2.RT.GDP.PP.KD,0.0713026035103493
Sri Lanka,LKA,2010,Carbon intensity of GDP (kg CO2e per 2021 PPP $ of GDP),EN.GHG.CO2.RT.GDP.PP.KD,0.0658433996970502
Sri Lanka,LKA,2009,Carbon intensity of GDP (kg CO2e per 2021 PPP $ of GDP),EN.GHG.CO2.RT.GDP.PP.KD,0.0672229894880554
Sri Lanka,LKA,2008,Carbon intensity of GDP (kg CO2e per 2021 PPP $ of GDP),EN.GHG.CO2.RT.GDP.PP.KD,0.0724746348506306
Sri Lanka,LKA,2007,Carbon intensity of GDP (kg CO2e per 2021 PPP $ of GDP),EN.GHG.CO2.RT.GDP.PP.KD,0.0815154154256966
Sri Lanka,LKA,2006,Carbon intensity of GDP (kg CO2e per 2021 PPP $ of GDP),EN.GHG.CO2.RT.GDP.PP.KD,0.0813236171161321
Sri Lanka,LKA,2005,Carbon intensity of GDP (kg CO2e per 2021 PPP $ of GDP),EN.GHG.CO2.RT.GDP.PP.KD,0.0957605322114752
Sri Lanka,LKA,2004,Carbon intensity of GDP (kg CO2e per 2021 PPP $ of GDP),EN.GHG.CO2.RT.GDP.PP.KD,0.0936194376851169
Sri Lanka,LKA,2003,Carbon intensity of GDP (kg CO2e per 2021 PPP $ of GDP),EN.GHG.CO2.RT.GDP.PP.KD,0.0955979624825673
Sri Lanka,LKA,2002,Carbon intensity of GDP (kg CO2e per 2021 PPP $ of GDP),EN.GHG.CO2.RT.GDP.PP.KD,0.0937116838284102
Sri Lanka,LKA,2001,Carbon intensity of GDP (kg CO2e per 2021 PPP $ of GDP),EN.GHG.CO2.RT.GDP.PP.KD,0.093130951753673
Sri Lanka,LKA,2000,Carbon intensity of GDP (kg CO2e per 2021 PPP $ of GDP),EN.GHG.CO2.RT.GDP.PP.KD,0.0924375002763899
Sri Lanka,LKA,1999,Carbon intensity of GDP (kg CO2e per 2021 PPP $ of GDP),EN.GHG.CO2.RT.GDP.PP.KD,0.0856879479903095
Sri Lanka,LKA,1998,Carbon intensity of GDP (kg CO2e per 2021 PPP $ of GDP),EN.GHG.CO2.RT.GDP.PP.KD,0.0808770274126785
Sri Lanka,LKA,1997,Carbon intensity of GDP (kg CO2e per 2021 PPP $ of GDP),EN.GHG.CO2.RT.GDP.PP.KD,0.0819984435915803
Sri Lanka,LKA,1996,Carbon intensity of GDP (kg CO2e per 2021 PPP $ of GDP),EN.GHG.CO2.RT.GDP.PP.KD,0.0874771906774285
Sri Lanka,LKA,1995,Carbon intensity of GDP (kg CO2e per 2021 PPP $ of GDP),EN.GHG.CO2.RT.GDP.PP.KD,0.0643375129657999
Sri Lanka,LKA,1994,Carbon intensity of GDP (kg CO2e per 2021 PPP $ of GDP),EN.GHG.CO2.RT.GDP.PP.KD,0.067655369106718
Sri Lanka,LKA,1993,Carbon intensity of GDP (kg CO2e per 2021 PPP $ of GDP),EN.GHG.CO2.RT.GDP.PP.KD,0.0619479278886631
Sri Lanka,LKA,1992,Carbon intensity of GDP (kg CO2e per 2021 PPP $ of GDP),EN.GHG.CO2.RT.GDP.PP.KD,0.0676439766987767
Sri Lanka,LKA,1991,Carbon intensity of GDP (kg CO2e per 2021 PPP $ of GDP),EN.GHG.CO2.RT.GDP.PP.KD,0.0566977202959974
Sri Lanka,LKA,1990,Carbon intensity of GDP (kg CO2e per 2021 PPP $ of GDP),EN.GHG.CO2.RT.GDP.PP.KD,0.0568055746359069
Sri Lanka,LKA,2023,Carbon dioxide (CO2) emissions from Transport (Energy) (Mt CO2e),EN.GHG.CO2.TR.MT.CE.AR5,9.4371
Sri Lanka,LKA,2022,Carbon dioxide (CO2) emissions from Transport (Energy) (Mt CO2e),EN.GHG.CO2.TR.MT.CE.AR5,8.5955
Sri Lanka,LKA,2021,Carbon dioxide (CO2) emissions from Transport (Energy) (Mt CO2e),EN.GHG.CO2.TR.MT.CE.AR5,10.1949
Sri Lanka,LKA,2020,Carbon dioxide (CO2) emissions from Transport (Energy) (Mt CO2e),EN.GHG.CO2.TR.MT.CE.AR5,8.89
Sri Lanka,LKA,2019,Carbon dioxide (CO2) emissions from Transport (Energy) (Mt CO2e),EN.GHG.CO2.TR.MT.CE.AR5,10.1975
Sri Lanka,LKA,2018,Carbon dioxide (CO2) emissions from Transport (Energy) (Mt CO2e),EN.GHG.CO2.TR.MT.CE.AR5,9.9507
Sri Lanka,LKA,2017,Carbon dioxide (CO2) emissions from Transport (Energy) (Mt CO2e),EN.GHG.CO2.TR.MT.CE.AR5,10.4485
Sri Lanka,LKA,2016,Carbon dioxide (CO2) emissions from Transport (Energy) (Mt CO2e),EN.GHG.CO2.TR.MT.CE.AR5,11.2888
Sri Lanka,LKA,2015,Carbon dioxide (CO2) emissions from Transport (Energy) (Mt CO2e),EN.GHG.CO2.TR.MT.CE.AR5,9.2297
Sri Lanka,LKA,2014,Carbon dioxide (CO2) emissions from Transport (Energy) (Mt CO2e),EN.GHG.CO2.TR.MT.CE.AR5,8.0256
Sri Lanka,LKA,2013,Carbon dioxide (CO2) emissions from Transport (Energy) (Mt CO2e),EN.GHG.CO2.TR.MT.CE.AR5,7.7239
Sri Lanka,LKA,2012,Carbon dioxide (CO2) emissions from Transport (Energy) (Mt CO2e),EN.GHG.CO2.TR.MT.CE.AR5,7.9824
Sri Lanka,LKA,2011,Carbon dioxide (CO2) emissions from Transport (Energy) (Mt CO2e),EN.GHG.CO2.TR.MT.CE.AR5,7.3827
Sri Lanka,LKA,2010,Carbon dioxide (CO2) emissions from Transport (Energy) (Mt CO2e),EN.GHG.CO2.TR.MT.CE.AR5,6.9208
Sri Lanka,LKA,2009,Carbon dioxide (CO2) emissions from Transport (Energy) (Mt CO2e),EN.GHG.CO2.TR.MT.CE.AR5,5.499
Sri Lanka,LKA,2008,Carbon dioxide (CO2) emissions from Transport (Energy) (Mt CO2e),EN.GHG.CO2.TR.MT.CE.AR5,6.0217
Sri Lanka,LKA,2007,Carbon dioxide (CO2) emissions from Transport (Energy) (Mt CO2e),EN.GHG.CO2.TR.MT.CE.AR5,6.5694
Sri Lanka,LKA,2006,Carbon dioxide (CO2) emissions from Transport (Energy) (Mt CO2e),EN.GHG.CO2.TR.MT.CE.AR5,5.988
Sri Lanka,LKA,2005,Carbon dioxide (CO2) emissions from Transport (Energy) (Mt CO2e),EN.GHG.CO2.TR.MT.CE.AR5,6.3153
Sri Lanka,LKA,2004,Carbon dioxide (CO2) emissions from Transport (Energy) (Mt CO2e),EN.GHG.CO2.TR.MT.CE.AR5,5.8438
Sri Lanka,LKA,2003,Carbon dioxide (CO2) emissions from Transport (Energy) (Mt CO2e),EN.GHG.CO2.TR.MT.CE.AR5,5.6578
Sri Lanka,LKA,2002,Carbon dioxide (CO2) emissions from Transport (Energy) (Mt CO2e),EN.GHG.CO2.TR.MT.CE.AR5,5.315
Sri Lanka,LKA,2001,Carbon dioxide (CO2) emissions from Transport (Energy) (Mt CO2e),EN.GHG.CO2.TR.MT.CE.AR5,5.2172
Sri Lanka,LKA,2000,Carbon dioxide (CO2) emissions from Transport (Energy) (Mt CO2e),EN.GHG.CO2.TR.MT.CE.AR5,5.1564
Sri Lanka,LKA,1999,Carbon dioxide (CO2) emissions from Transport (Energy) (Mt CO2e),EN.GHG.CO2.TR.MT.CE.AR5,5.402
Sri Lanka,LKA,1998,Carbon dioxide (CO2) emissions from Transport (Energy) (Mt CO2e),EN.GHG.CO2.TR.MT.CE.AR5,4.8766
Sri Lanka,LKA,1997,Carbon dioxide (CO2) emissions from Transport (Energy) (Mt CO2e),EN.GHG.CO2.TR.MT.CE.AR5,4.6669
Sri Lanka,LKA,1996,Carbon dioxide (CO2) emissions from Transport (Energy) (Mt CO2e),EN.GHG.CO2.TR.MT.CE.AR5,5.0748
Sri Lanka,LKA,1995,Carbon dioxide (CO2) emissions from Transport (Energy) (Mt CO2e),EN.GHG.CO2.TR.MT.CE.AR5,3.6963
Sri Lanka,LKA,1994,Carbon dioxide (CO2) emissions from Transport (Energy) (Mt CO2e),EN.GHG.CO2.TR.MT.CE.AR5,3.484
Sri Lanka,LKA,1993,Carbon dioxide (CO2) emissions from Transport (Energy) (Mt CO2e),EN.GHG.CO2.TR.MT.CE.AR5,2.9934
Sri Lanka,LKA,1992,Carbon dioxide (CO2) emissions from Transport (Energy) (Mt CO2e),EN.GHG.CO2.TR.MT.CE.AR5,2.7984
Sri Lanka,LKA,1991,Carbon dioxide (CO2) emissions from Transport (Energy) (Mt CO2e),EN.GHG.CO2.TR.MT.CE.AR5,2.5136
Sri Lanka,LKA,1990,Carbon dioxide (CO2) emissions from Transport (Energy) (Mt CO2e),EN.GHG.CO2.TR.MT.CE.AR5,2.4958
Sri Lanka,LKA,1989,Carbon dioxide (CO2) emissions from Transport (Energy) (Mt CO2e),EN.GHG.CO2.TR.MT.CE.AR5,2.4031
Sri Lanka,LKA,1988,Carbon dioxide (CO2) emissions from Transport (Energy) (Mt CO2e),EN.GHG.CO2.TR.MT.CE.AR5,2.5324
Sri Lanka,LKA,1987,Carbon dioxide (CO2) emissions from Transport (Energy) (Mt CO2e),EN.GHG.CO2.TR.MT.CE.AR5,2.5083
Sri Lanka,LKA,1986,Carbon dioxide (CO2) emissions from Transport (Energy) (Mt CO2e),EN.GHG.CO2.TR.MT.CE.AR5,2.4483
Sri Lanka,LKA,1985,Carbon dioxide (CO2) emissions from Transport (Energy) (Mt CO2e),EN.GHG.CO2.TR.MT.CE.AR5,2.4363
Sri Lanka,LKA,1984,Carbon dioxide (CO2) emissions from Transport (Energy) (Mt CO2e),EN.GHG.CO2.TR.MT.CE.AR5,2.334
Sri Lanka,LKA,1983,Carbon dioxide (CO2) emissions from Transport (Energy) (Mt CO2e),EN.GHG.CO2.TR.MT.CE.AR5,2.0848
Sri Lanka,LKA,1982,Carbon dioxide (CO2) emissions from Transport (Energy) (Mt CO2e),EN.GHG.CO2.TR.MT.CE.AR5,2.1965
Sri Lanka,LKA,1981,Carbon dioxide (CO2) emissions from Transport (Energy) (Mt CO2e),EN.GHG.CO2.TR.MT.CE.AR5,2.0781
Sri Lanka,LKA,1980,Carbon dioxide (CO2) emissions from Transport (Energy) (Mt CO2e),EN.GHG.CO2.TR.MT.CE.AR5,2.0816
Sri Lanka,LKA,1979,Carbon dioxide (CO2) emissions from Transport (Energy) (Mt CO2e),EN.GHG.CO2.TR.MT.CE.AR5,2.051
Sri Lanka,LKA,1978,Carbon dioxide (CO2) emissions from Transport (Energy) (Mt CO2e),EN.GHG.CO2.TR.MT.CE.AR5,1.8338
Sri Lanka,LKA,1977,Carbon dioxide (CO2) emissions from Transport (Energy) (Mt CO2e),EN.GHG.CO2.TR.MT.CE.AR5,1.5566
Sri Lanka,LKA,1976,Carbon dioxide (CO2) emissions from Transport (Energy) (Mt CO2e),EN.GHG.CO2.TR.MT.CE.AR5,1.432
Sri Lanka,LKA,1975,Carbon dioxide (CO2) emissions from Transport (Energy) (Mt CO2e),EN.GHG.CO2.TR.MT.CE.AR5,1.3116
Sri Lanka,LKA,1974,Carbon dioxide (CO2) emissions from Transport (Energy) (Mt CO2e),EN.GHG.CO2.TR.MT.CE.AR5,1.4551
Sri Lanka,LKA,1973,Carbon dioxide (CO2) emissions from Transport (Energy) (Mt CO2e),EN.GHG.CO2.TR.MT.CE.AR5,1.6354
Sri Lanka,LKA,1972,Carbon dioxide (CO2) emissions from Transport (Energy) (Mt CO2e),EN.GHG.CO2.TR.MT.CE.AR5,1.6987
Sri Lanka,LKA,1971,Carbon dioxide (CO2) emissions from Transport (Energy) (Mt CO2e),EN.GHG.CO2.TR.MT.CE.AR5,1.3546
Sri Lanka,LKA,1970,Carbon dioxide (CO2) emissions from Transport (Energy) (Mt CO2e),EN.GHG.CO2.TR.MT.CE.AR5,1.3546
Sri Lanka,LKA,2023,Carbon dioxide (CO2) emissions (total) excluding LULUCF (% change from 1990),EN.GHG.CO2.ZG.AR5,384.223444174356
Sri Lanka,LKA,2022,Carbon dioxide (CO2) emissions (total) excluding LULUCF (% change from 1990),EN.GHG.CO2.ZG.AR5,371.531399712081
Sri Lanka,LKA,2021,Carbon dioxide (CO2) emissions (total) excluding LULUCF (% change from 1990),EN.GHG.CO2.ZG.AR5,436.263658461756
Sri Lanka,LKA,2020,Carbon dioxide (CO2) emissions (total) excluding LULUCF (% change from 1990),EN.GHG.CO2.ZG.AR5,422.960375710948
Sri Lanka,LKA,2019,Carbon dioxide (CO2) emissions (total) excluding LULUCF (% change from 1990),EN.GHG.CO2.ZG.AR5,465.723455974323
Sri Lanka,LKA,2018,Carbon dioxide (CO2) emissions (total) excluding LULUCF (% change from 1990),EN.GHG.CO2.ZG.AR5,418.724187572275
Sri Lanka,LKA,2017,Carbon dioxide (CO2) emissions (total) excluding LULUCF (% change from 1990),EN.GHG.CO2.ZG.AR5,452.424893210299
Sri Lanka,LKA,2016,Carbon dioxide (CO2) emissions (total) excluding LULUCF (% change from 1990),EN.GHG.CO2.ZG.AR5,454.218488188233
Sri Lanka,LKA,2015,Carbon dioxide (CO2) emissions (total) excluding LULUCF (% change from 1990),EN.GHG.CO2.ZG.AR5,365.114577679183
Sri Lanka,LKA,2014,Carbon dioxide (CO2) emissions (total) excluding LULUCF (% change from 1990),EN.GHG.CO2.ZG.AR5,321.94557855238
Sri Lanka,LKA,2013,Carbon dioxide (CO2) emissions (total) excluding LULUCF (% change from 1990),EN.GHG.CO2.ZG.AR5,250.119179666297
Sri Lanka,LKA,2012,Carbon dioxide (CO2) emissions (total) excluding LULUCF (% change from 1990),EN.GHG.CO2.ZG.AR5,322.271257640479
Sri Lanka,LKA,2011,Carbon dioxide (CO2) emissions (total) excluding LULUCF (% change from 1990),EN.GHG.CO2.ZG.AR5,275.392348901423
Sri Lanka,LKA,2010,Carbon dioxide (CO2) emissions (total) excluding LULUCF (% change from 1990),EN.GHG.CO2.ZG.AR5,218.995586812357
Sri Lanka,LKA,2009,Carbon dioxide (CO2) emissions (total) excluding LULUCF (% change from 1990),EN.GHG.CO2.ZG.AR5,201.510395770892
Sri Lanka,LKA,2008,Carbon dioxide (CO2) emissions (total) excluding LULUCF (% change from 1990),EN.GHG.CO2.ZG.AR5,213.954640927005
Sri Lanka,LKA,2007,Carbon dioxide (CO2) emissions (total) excluding LULUCF (% change from 1990),EN.GHG.CO2.ZG.AR5,233.287706794421
Sri Lanka,LKA,2006,Carbon dioxide (CO2) emissions (total) excluding LULUCF (% change from 1990),EN.GHG.CO2.ZG.AR5,211.342128242041
Sri Lanka,LKA,2005,Carbon dioxide (CO2) emissions (total) excluding LULUCF (% change from 1990),EN.GHG.CO2.ZG.AR5,240.502206593822
Sri Lanka,LKA,2004,Carbon dioxide (CO2) emissions (total) excluding LULUCF (% change from 1990),EN.GHG.CO2.ZG.AR5,213.331602671512
Sri Lanka,LKA,2003,Carbon dioxide (CO2) emissions (total) excluding LULUCF (% change from 1990),EN.GHG.CO2.ZG.AR5,203.431430391995
Sri Lanka,LKA,2002,Carbon dioxide (CO2) emissions (total) excluding LULUCF (% change from 1990),EN.GHG.CO2.ZG.AR5,180.766053855049
Sri Lanka,LKA,2001,Carbon dioxide (CO2) emissions (total) excluding LULUCF (% change from 1990),EN.GHG.CO2.ZG.AR5,168.38552852052
Sri Lanka,LKA,2000,Carbon dioxide (CO2) emissions (total) excluding LULUCF (% change from 1990),EN.GHG.CO2.ZG.AR5,170.568522408137
Sri Lanka,LKA,1999,Carbon dioxide (CO2) emissions (total) excluding LULUCF (% change from 1990),EN.GHG.CO2.ZG.AR5,136.615297477167
Sri Lanka,LKA,1998,Carbon dioxide (CO2) emissions (total) excluding LULUCF (% change from 1990),EN.GHG.CO2.ZG.AR5,114.122200457839
Sri Lanka,LKA,1997,Carbon dioxide (CO2) emissions (total) excluding LULUCF (% change from 1990),EN.GHG.CO2.ZG.AR5,107.349019422746
Sri Lanka,LKA,1996,Carbon dioxide (CO2) emissions (total) excluding LULUCF (% change from 1990),EN.GHG.CO2.ZG.AR5,107.887097916126
Sri Lanka,LKA,1995,Carbon dioxide (CO2) emissions (total) excluding LULUCF (% change from 1990),EN.GHG.CO2.ZG.AR5,47.2989875628348
Sri Lanka,LKA,1994,Carbon dioxide (CO2) emissions (total) excluding LULUCF (% change from 1990),EN.GHG.CO2.ZG.AR5,46.819908904255
Sri Lanka,LKA,1993,Carbon dioxide (CO2) emissions (total) excluding LULUCF (% change from 1990),EN.GHG.CO2.ZG.AR5,27.3051235456541
Sri Lanka,LKA,1992,Carbon dioxide (CO2) emissions (total) excluding LULUCF (% change from 1990),EN.GHG.CO2.ZG.AR5,30.0379958936115
Sri Lanka,LKA,1991,Carbon dioxide (CO2) emissions (total) excluding LULUCF (% change from 1990),EN.GHG.CO2.ZG.AR5,4.40138767611449
Sri Lanka,LKA,2023,F-gases emissions from Industrial Processes (Mt CO2e),EN.GHG.FGAS.IP.MT.CE.AR5,0.5174
Sri Lanka,LKA,2022,F-gases emissions from Industrial Processes (Mt CO2e),EN.GHG.FGAS.IP.MT.CE.AR5,0.4813
Sri Lanka,LKA,2021,F-gases emissions from Industrial Processes (Mt CO2e),EN.GHG.FGAS.IP.MT.CE.AR5,0.4455
Sri Lanka,LKA,2020,F-gases emissions from Industrial Processes (Mt CO2e),EN.GHG.FGAS.IP.MT.CE.AR5,0.4088
Sri Lanka,LKA,2019,F-gases emissions from Industrial Processes (Mt CO2e),EN.GHG.FGAS.IP.MT.CE.AR5,0.3731
Sri Lanka,LKA,2018,F-gases emissions from Industrial Processes (Mt CO2e),EN.GHG.FGAS.IP.MT.CE.AR5,0.3381
Sri Lanka,LKA,2017,F-gases emissions from Industrial Processes (Mt CO2e),EN.GHG.FGAS.IP.MT.CE.AR5,0.2985
Sri Lanka,LKA,2016,F-gases emissions from Industrial Processes (Mt CO2e),EN.GHG.FGAS.IP.MT.CE.AR5,0.266
Sri Lanka,LKA,2015,F-gases emissions from Industrial Processes (Mt CO2e),EN.GHG.FGAS.IP.MT.CE.AR5,0.2332
Sri Lanka,LKA,2014,F-gases emissions from Industrial Processes (Mt CO2e),EN.GHG.FGAS.IP.MT.CE.AR5,0.211
Sri Lanka,LKA,2013,F-gases emissions from Industrial Processes (Mt CO2e),EN.GHG.FGAS.IP.MT.CE.AR5,0.1936
Sri Lanka,LKA,2012,F-gases emissions from Industrial Processes (Mt CO2e),EN.GHG.FGAS.IP.MT.CE.AR5,0.1884
Sri Lanka,LKA,2011,F-gases emissions from Industrial Processes (Mt CO2e),EN.GHG.FGAS.IP.MT.CE.AR5,0.1847
Sri Lanka,LKA,2010,F-gases emissions from Industrial Processes (Mt CO2e),EN.GHG.FGAS.IP.MT.CE.AR5,0.1835
Sri Lanka,LKA,2009,F-gases emissions from Industrial Processes (Mt CO2e),EN.GHG.FGAS.IP.MT.CE.AR5,0.1845
Sri Lanka,LKA,2008,F-gases emissions from Industrial Processes (Mt CO2e),EN.GHG.FGAS.IP.MT.CE.AR5,0.1785
Sri Lanka,LKA,2007,F-gases emissions from Industrial Processes (Mt CO2e),EN.GHG.FGAS.IP.MT.CE.AR5,0.1717
Sri Lanka,LKA,2006,F-gases emissions from Industrial Processes (Mt CO2e),EN.GHG.FGAS.IP.MT.CE.AR5,0.1681
Sri Lanka,LKA,2005,F-gases emissions from Industrial Processes (Mt CO2e),EN.GHG.FGAS.IP.MT.CE.AR5,0.1593
Sri Lanka,LKA,2004,F-gases emissions from Industrial Processes (Mt CO2e),EN.GHG.FGAS.IP.MT.CE.AR5,0.1334
Sri Lanka,LKA,2003,F-gases emissions from Industrial Processes (Mt CO2e),EN.GHG.FGAS.IP.MT.CE.AR5,0.1118
Sri Lanka,LKA,2002,F-gases emissions from Industrial Processes (Mt CO2e),EN.GHG.FGAS.IP.MT.CE.AR5,0.0905
Sri Lanka,LKA,2001,F-gases emissions from Industrial Processes (Mt CO2e),EN.GHG.FGAS.IP.MT.CE.AR5,0.0719
Sri Lanka,LKA,2000,F-gases emissions from Industrial Processes (Mt CO2e),EN.GHG.FGAS.IP.MT.CE.AR5,0.0525
Sri Lanka,LKA,1999,F-gases emissions from Industrial Processes (Mt CO2e),EN.GHG.FGAS.IP.MT.CE.AR5,0.0289
Sri Lanka,LKA,1998,F-gases emissions from Industrial Processes (Mt CO2e),EN.GHG.FGAS.IP.MT.CE.AR5,0.0198
Sri Lanka,LKA,1997,F-gases emissions from Industrial Processes (Mt CO2e),EN.GHG.FGAS.IP.MT.CE.AR5,0.0146
Sri Lanka,LKA,1996,F-gases emissions from Industrial Processes (Mt CO2e),EN.GHG.FGAS.IP.MT.CE.AR5,0.0106
Sri Lanka,LKA,1995,F-gases emissions from Industrial Processes (Mt CO2e),EN.GHG.FGAS.IP.MT.CE.AR5,0.0067
Sri Lanka,LKA,1994,F-gases emissions from Industrial Processes (Mt CO2e),EN.GHG.FGAS.IP.MT.CE.AR5,0.0039
Sri Lanka,LKA,1993,F-gases emissions from Industrial Processes (Mt CO2e),EN.GHG.FGAS.IP.MT.CE.AR5,0.0017
Sri Lanka,LKA,1992,F-gases emissions from Industrial Processes (Mt CO2e),EN.GHG.FGAS.IP.MT.CE.AR5,0.001
Sri Lanka,LKA,1991,F-gases emissions from Industrial Processes (Mt CO2e),EN.GHG.FGAS.IP.MT.CE.AR5,0.0007
Sri Lanka,LKA,1990,F-gases emissions from Industrial Processes (Mt CO2e),EN.GHG.FGAS.IP.MT.CE.AR5,0.0001
Sri Lanka,LKA,2023,Nitrous oxide (N2O) emissions from Agriculture (Mt CO2e),EN.GHG.N2O.AG.MT.CE.AR5,0.7515
Sri Lanka,LKA,2022,Nitrous oxide (N2O) emissions from Agriculture (Mt CO2e),EN.GHG.N2O.AG.MT.CE.AR5,0.7969
Sri Lanka,LKA,2021,Nitrous oxide (N2O) emissions from Agriculture (Mt CO2e),EN.GHG.N2O.AG.MT.CE.AR5,0.8643
Sri Lanka,LKA,2020,Nitrous oxide (N2O) emissions from Agriculture (Mt CO2e),EN.GHG.N2O.AG.MT.CE.AR5,1.2783
Sri Lanka,LKA,2019,Nitrous oxide (N2O) emissions from Agriculture (Mt CO2e),EN.GHG.N2O.AG.MT.CE.AR5,0.8907
Sri Lanka,LKA,2018,Nitrous oxide (N2O) emissions from Agriculture (Mt CO2e),EN.GHG.N2O.AG.MT.CE.AR5,1.0834
Sri Lanka,LKA,2017,Nitrous oxide (N2O) emissions from Agriculture (Mt CO2e),EN.GHG.N2O.AG.MT.CE.AR5,0.9567
Sri Lanka,LKA,2016,Nitrous oxide (N2O) emissions from Agriculture (Mt CO2e),EN.GHG.N2O.AG.MT.CE.AR5,1.1094
Sri Lanka,LKA,2015,Nitrous oxide (N2O) emissions from Agriculture (Mt CO2e),EN.GHG.N2O.AG.MT.CE.AR5,1.6426
Sri Lanka,LKA,2014,Nitrous oxide (N2O) emissions from Agriculture (Mt CO2e),EN.GHG.N2O.AG.MT.CE.AR5,1.4064
Sri Lanka,LKA,2013,Nitrous oxide (N2O) emissions from Agriculture (Mt CO2e),EN.GHG.N2O.AG.MT.CE.AR5,1.3306
Sri Lanka,LKA,2012,Nitrous oxide (N2O) emissions from Agriculture (Mt CO2e),EN.GHG.N2O.AG.MT.CE.AR5,1.2876
Sri Lanka,LKA,2011,Nitrous oxide (N2O) emissions from Agriculture (Mt CO2e),EN.GHG.N2O.AG.MT.CE.AR5,1.3186
Sri Lanka,LKA,2010,Nitrous oxide (N2O) emissions from Agriculture (Mt CO2e),EN.GHG.N2O.AG.MT.CE.AR5,1.2992
Sri Lanka,LKA,2009,Nitrous oxide (N2O) emissions from Agriculture (Mt CO2e),EN.GHG.N2O.AG.MT.CE.AR5,1.2549
Sri Lanka,LKA,2008,Nitrous oxide (N2O) emissions from Agriculture (Mt CO2e),EN.GHG.N2O.AG.MT.CE.AR5,1.2289
Sri Lanka,LKA,2007,Nitrous oxide (N2O) emissions from Agriculture (Mt CO2e),EN.GHG.N2O.AG.MT.CE.AR5,1.0713
Sri Lanka,LKA,2006,Nitrous oxide (N2O) emissions from Agriculture (Mt CO2e),EN.GHG.N2O.AG.MT.CE.AR5,1.0908
Sri Lanka,LKA,2005,Nitrous oxide (N2O) emissions from Agriculture (Mt CO2e),EN.GHG.N2O.AG.MT.CE.AR5,1.0659
Sri Lanka,LKA,2004,Nitrous oxide (N2O) emissions from Agriculture (Mt CO2e),EN.GHG.N2O.AG.MT.CE.AR5,1.1287
Sri Lanka,LKA,2003,Nitrous oxide (N2O) emissions from Agriculture (Mt CO2e),EN.GHG.N2O.AG.MT.CE.AR5,1.1006
Sri Lanka,LKA,2002,Nitrous oxide (N2O) emissions from Agriculture (Mt CO2e),EN.GHG.N2O.AG.MT.CE.AR5,1.1716
Sri Lanka,LKA,2001,Nitrous oxide (N2O) emissions from Agriculture (Mt CO2e),EN.GHG.N2O.AG.MT.CE.AR5,1.1662
Sri Lanka,LKA,2000,Nitrous oxide (N2O) emissions from Agriculture (Mt CO2e),EN.GHG.N2O.AG.MT.CE.AR5,1.1641
Sri Lanka,LKA,1999,Nitrous oxide (N2O) emissions from Agriculture (Mt CO2e),EN.GHG.N2O.AG.MT.CE.AR5,1.2082
Sri Lanka,LKA,1998,Nitrous oxide (N2O) emissions from Agriculture (Mt CO2e),EN.GHG.N2O.AG.MT.CE.AR5,1.0857
Sri Lanka,LKA,1997,Nitrous oxide (N2O) emissions from Agriculture (Mt CO2e),EN.GHG.N2O.AG.MT.CE.AR5,1.1361
Sri Lanka,LKA,1996,Nitrous oxide (N2O) emissions from Agriculture (Mt CO2e),EN.GHG.N2O.AG.MT.CE.AR5,1.1255
Sri Lanka,LKA,1995,Nitrous oxide (N2O) emissions from Agriculture (Mt CO2e),EN.GHG.N2O.AG.MT.CE.AR5,1.1314
Sri Lanka,LKA,1994,Nitrous oxide (N2O) emissions from Agriculture (Mt CO2e),EN.GHG.N2O.AG.MT.CE.AR5,1.1805
Sri Lanka,LKA,1993,Nitrous oxide (N2O) emissions from Agriculture (Mt CO2e),EN.GHG.N2O.AG.MT.CE.AR5,1.1282
Sri Lanka,LKA,1992,Nitrous oxide (N2O) emissions from Agriculture (Mt CO2e),EN.GHG.N2O.AG.MT.CE.AR5,1.0572
Sri Lanka,LKA,1991,Nitrous oxide (N2O) emissions from Agriculture (Mt CO2e),EN.GHG.N2O.AG.MT.CE.AR5,0.9926
Sri Lanka,LKA,1990,Nitrous oxide (N2O) emissions from Agriculture (Mt CO2e),EN.GHG.N2O.AG.MT.CE.AR5,1.0414
Sri Lanka,LKA,1989,Nitrous oxide (N2O) emissions from Agriculture (Mt CO2e),EN.GHG.N2O.AG.MT.CE.AR5,1.1256
Sri Lanka,LKA,1988,Nitrous oxide (N2O) emissions from Agriculture (Mt CO2e),EN.GHG.N2O.AG.MT.CE.AR5,1.1115
Sri Lanka,LKA,1987,Nitrous oxide (N2O) emissions from Agriculture (Mt CO2e),EN.GHG.N2O.AG.MT.CE.AR5,1.1126
Sri Lanka,LKA,1986,Nitrous oxide (N2O) emissions from Agriculture (Mt CO2e),EN.GHG.N2O.AG.MT.CE.AR5,1.0774
Sri Lanka,LKA,1985,Nitrous oxide (N2O) emissions from Agriculture (Mt CO2e),EN.GHG.N2O.AG.MT.CE.AR5,1.0872
Sri Lanka,LKA,1984,Nitrous oxide (N2O) emissions from Agriculture (Mt CO2e),EN.GHG.N2O.AG.MT.CE.AR5,1.0468
Sri Lanka,LKA,1983,Nitrous oxide (N2O) emissions from Agriculture (Mt CO2e),EN.GHG.N2O.AG.MT.CE.AR5,0.9557
Sri Lanka,LKA,1982,Nitrous oxide (N2O) emissions from Agriculture (Mt CO2e),EN.GHG.N2O.AG.MT.CE.AR5,0.9292
Sri Lanka,LKA,1981,Nitrous oxide (N2O) emissions from Agriculture (Mt CO2e),EN.GHG.N2O.AG.MT.CE.AR5,0.9161
Sri Lanka,LKA,1980,Nitrous oxide (N2O) emissions from Agriculture (Mt CO2e),EN.GHG.N2O.AG.MT.CE.AR5,0.9757
Sri Lanka,LKA,1979,Nitrous oxide (N2O) emissions from Agriculture (Mt CO2e),EN.GHG.N2O.AG.MT.CE.AR5,0.8907
Sri Lanka,LKA,1978,Nitrous oxide (N2O) emissions from Agriculture (Mt CO2e),EN.GHG.N2O.AG.MT.CE.AR5,0.8887
Sri Lanka,LKA,1977,Nitrous oxide (N2O) emissions from Agriculture (Mt CO2e),EN.GHG.N2O.AG.MT.CE.AR5,0.8399
Sri Lanka,LKA,1976,Nitrous oxide (N2O) emissions from Agriculture (Mt CO2e),EN.GHG.N2O.AG.MT.CE.AR5,0.7902
Sri Lanka,LKA,1975,Nitrous oxide (N2O) emissions from Agriculture (Mt CO2e),EN.GHG.N2O.AG.MT.CE.AR5,0.6987
Sri Lanka,LKA,1974,Nitrous oxide (N2O) emissions from Agriculture (Mt CO2e),EN.GHG.N2O.AG.MT.CE.AR5,0.8767
Sri Lanka,LKA,1973,Nitrous oxide (N2O) emissions from Agriculture (Mt CO2e),EN.GHG.N2O.AG.MT.CE.AR5,0.7393
Sri Lanka,LKA,1972,Nitrous oxide (N2O) emissions from Agriculture (Mt CO2e),EN.GHG.N2O.AG.MT.CE.AR5,0.7332
Sri Lanka,LKA,1971,Nitrous oxide (N2O) emissions from Agriculture (Mt CO2e),EN.GHG.N2O.AG.MT.CE.AR5,0.7302
Sri Lanka,LKA,1970,Nitrous oxide (N2O) emissions from Agriculture (Mt CO2e),EN.GHG.N2O.AG.MT.CE.AR5,0.7263
Sri Lanka,LKA,2023,Nitrous oxide (N2O) emissions from Building (Energy) (Mt CO2e),EN.GHG.N2O.BU.MT.CE.AR5,0.0871
Sri Lanka,LKA,2022,Nitrous oxide (N2O) emissions from Building (Energy) (Mt CO2e),EN.GHG.N2O.BU.MT.CE.AR5,0.087
Sri Lanka,LKA,2021,Nitrous oxide (N2O) emissions from Building (Energy) (Mt CO2e),EN.GHG.N2O.BU.MT.CE.AR5,0.0887
Sri Lanka,LKA,2020,Nitrous oxide (N2O) emissions from Building (Energy) (Mt CO2e),EN.GHG.N2O.BU.MT.CE.AR5,0.0901
Sri Lanka,LKA,2019,Nitrous oxide (N2O) emissions from Building (Energy) (Mt CO2e),EN.GHG.N2O.BU.MT.CE.AR5,0.0895
Sri Lanka,LKA,2018,Nitrous oxide (N2O) emissions from Building (Energy) (Mt CO2e),EN.GHG.N2O.BU.MT.CE.AR5,0.0886
Sri Lanka,LKA,2017,Nitrous oxide (N2O) emissions from Building (Energy) (Mt CO2e),EN.GHG.N2O.BU.MT.CE.AR5,0.0917
Sri Lanka,LKA,2016,Nitrous oxide (N2O) emissions from Building (Energy) (Mt CO2e),EN.GHG.N2O.BU.MT.CE.AR5,0.0978
Sri Lanka,LKA,2015,Nitrous oxide (N2O) emissions from Building (Energy) (Mt CO2e),EN.GHG.N2O.BU.MT.CE.AR5,0.1045
Sri Lanka,LKA,2014,Nitrous oxide (N2O) emissions from Building (Energy) (Mt CO2e),EN.GHG.N2O.BU.MT.CE.AR5,0.1112
Sri Lanka,LKA,2013,Nitrous oxide (N2O) emissions from Building (Energy) (Mt CO2e),EN.GHG.N2O.BU.MT.CE.AR5,0.1133
Sri Lanka,LKA,2012,Nitrous oxide (N2O) emissions from Building (Energy) (Mt CO2e),EN.GHG.N2O.BU.MT.CE.AR5,0.1178
Sri Lanka,LKA,2011,Nitrous oxide (N2O) emissions from Building (Energy) (Mt CO2e),EN.GHG.N2O.BU.MT.CE.AR5,0.1254
Sri Lanka,LKA,2010,Nitrous oxide (N2O) emissions from Building (Energy) (Mt CO2e),EN.GHG.N2O.BU.MT.CE.AR5,0.1552
Sri Lanka,LKA,2009,Nitrous oxide (N2O) emissions from Building (Energy) (Mt CO2e),EN.GHG.N2O.BU.MT.CE.AR5,0.1525
Sri Lanka,LKA,2008,Nitrous oxide (N2O) emissions from Building (Energy) (Mt CO2e),EN.GHG.N2O.BU.MT.CE.AR5,0.146
Sri Lanka,LKA,2007,Nitrous oxide (N2O) emissions from Building (Energy) (Mt CO2e),EN.GHG.N2O.BU.MT.CE.AR5,0.1453
Sri Lanka,LKA,2006,Nitrous oxide (N2O) emissions from Building (Energy) (Mt CO2e),EN.GHG.N2O.BU.MT.CE.AR5,0.1463
Sri Lanka,LKA,2005,Nitrous oxide (N2O) emissions from Building (Energy) (Mt CO2e),EN.GHG.N2O.BU.MT.CE.AR5,0.1455
Sri Lanka,LKA,2004,Nitrous oxide (N2O) emissions from Building (Energy) (Mt CO2e),EN.GHG.N2O.BU.MT.CE.AR5,0.1434
Sri Lanka,LKA,2003,Nitrous oxide (N2O) emissions from Building (Energy) (Mt CO2e),EN.GHG.N2O.BU.MT.CE.AR5,0.142
Sri Lanka,LKA,2002,Nitrous oxide (N2O) emissions from Building (Energy) (Mt CO2e),EN.GHG.N2O.BU.MT.CE.AR5,0.1402
Sri Lanka,LKA,2001,Nitrous oxide (N2O) emissions from Building (Energy) (Mt CO2e),EN.GHG.N2O.BU.MT.CE.AR5,0.1463
Sri Lanka,LKA,2000,Nitrous oxide (N2O) emissions from Building (Energy) (Mt CO2e),EN.GHG.N2O.BU.MT.CE.AR5,0.1462
Sri Lanka,LKA,1999,Nitrous oxide (N2O) emissions from Building (Energy) (Mt CO2e),EN.GHG.N2O.BU.MT.CE.AR5,0.144
Sri Lanka,LKA,1998,Nitrous oxide (N2O) emissions from Building (Energy) (Mt CO2e),EN.GHG.N2O.BU.MT.CE.AR5,0.1469
Sri Lanka,LKA,1997,Nitrous oxide (N2O) emissions from Building (Energy) (Mt CO2e),EN.GHG.N2O.BU.MT.CE.AR5,0.1489
Sri Lanka,LKA,1996,Nitrous oxide (N2O) emissions from Building (Energy) (Mt CO2e),EN.GHG.N2O.BU.MT.CE.AR5,0.1474
Sri Lanka,LKA,1995,Nitrous oxide (N2O) emissions from Building (Energy) (Mt CO2e),EN.GHG.N2O.BU.MT.CE.AR5,0.1455
Sri Lanka,LKA,1994,Nitrous oxide (N2O) emissions from Building (Energy) (Mt CO2e),EN.GHG.N2O.BU.MT.CE.AR5,0.1479
Sri Lanka,LKA,1993,Nitrous oxide (N2O) emissions from Building (Energy) (Mt CO2e),EN.GHG.N2O.BU.MT.CE.AR5,0.1498
Sri Lanka,LKA,1992,Nitrous oxide (N2O) emissions from Building (Energy) (Mt CO2e),EN.GHG.N2O.BU.MT.CE.AR5,0.1518
Sri Lanka,LKA,1991,Nitrous oxide (N2O) emissions from Building (Energy) (Mt CO2e),EN.GHG.N2O.BU.MT.CE.AR5,0.1496
Sri Lanka,LKA,1990,Nitrous oxide (N2O) emissions from Building (Energy) (Mt CO2e),EN.GHG.N2O.BU.MT.CE.AR5,0.1482
Sri Lanka,LKA,1989,Nitrous oxide (N2O) emissions from Building (Energy) (Mt CO2e),EN.GHG.N2O.BU.MT.CE.AR5,0.151
Sri Lanka,LKA,1988,Nitrous oxide (N2O) emissions from Building (Energy) (Mt CO2e),EN.GHG.N2O.BU.MT.CE.AR5,0.1497
Sri Lanka,LKA,1987,Nitrous oxide (N2O) emissions from Building (Energy) (Mt CO2e),EN.GHG.N2O.BU.MT.CE.AR5,0.1443
Sri Lanka,LKA,1986,Nitrous oxide (N2O) emissions from Building (Energy) (Mt CO2e),EN.GHG.N2O.BU.MT.CE.AR5,0.1401
Sri Lanka,LKA,1985,Nitrous oxide (N2O) emissions from Building (Energy) (Mt CO2e),EN.GHG.N2O.BU.MT.CE.AR5,0.1379
Sri Lanka,LKA,1984,Nitrous oxide (N2O) emissions from Building (Energy) (Mt CO2e),EN.GHG.N2O.BU.MT.CE.AR5,0.1359
Sri Lanka,LKA,1983,Nitrous oxide (N2O) emissions from Building (Energy) (Mt CO2e),EN.GHG.N2O.BU.MT.CE.AR5,0.1268
Sri Lanka,LKA,1982,Nitrous oxide (N2O) emissions from Building (Energy) (Mt CO2e),EN.GHG.N2O.BU.MT.CE.AR5,0.1261
Sri Lanka,LKA,1981,Nitrous oxide (N2O) emissions from Building (Energy) (Mt CO2e),EN.GHG.N2O.BU.MT.CE.AR5,0.1216
Sri Lanka,LKA,1980,Nitrous oxide (N2O) emissions from Building (Energy) (Mt CO2e),EN.GHG.N2O.BU.MT.CE.AR5,0.1195
Sri Lanka,LKA,1979,Nitrous oxide (N2O) emissions from Building (Energy) (Mt CO2e),EN.GHG.N2O.BU.MT.CE.AR5,0.1177
Sri Lanka,LKA,1978,Nitrous oxide (N2O) emissions from Building (Energy) (Mt CO2e),EN.GHG.N2O.BU.MT.CE.AR5,0.1154
Sri Lanka,LKA,1977,Nitrous oxide (N2O) emissions from Building (Energy) (Mt CO2e),EN.GHG.N2O.BU.MT.CE.AR5,0.1134
Sri Lanka,LKA,1976,Nitrous oxide (N2O) emissions from Building (Energy) (Mt CO2e),EN.GHG.N2O.BU.MT.CE.AR5,0.1183
Sri Lanka,LKA,1975,Nitrous oxide (N2O) emissions from Building (Energy) (Mt CO2e),EN.GHG.N2O.BU.MT.CE.AR5,0.1165
Sri Lanka,LKA,1974,Nitrous oxide (N2O) emissions from Building (Energy) (Mt CO2e),EN.GHG.N2O.BU.MT.CE.AR5,0.108
Sri Lanka,LKA,1973,Nitrous oxide (N2O) emissions from Building (Energy) (Mt CO2e),EN.GHG.N2O.BU.MT.CE.AR5,0.1069
Sri Lanka,LKA,1972,Nitrous oxide (N2O) emissions from Building (Energy) (Mt CO2e),EN.GHG.N2O.BU.MT.CE.AR5,0.105
Sri Lanka,LKA,1971,Nitrous oxide (N2O) emissions from Building (Energy) (Mt CO2e),EN.GHG.N2O.BU.MT.CE.AR5,0.105
Sri Lanka,LKA,1970,Nitrous oxide (N2O) emissions from Building (Energy) (Mt CO2e),EN.GHG.N2O.BU.MT.CE.AR5,0.105
Sri Lanka,LKA,2023,Nitrous oxide (N2O) emissions from Fugitive Emissions (Energy) (Mt CO2e),EN.GHG.N2O.FE.MT.CE.AR5,0.0
Sri Lanka,LKA,2022,Nitrous oxide (N2O) emissions from Fugitive Emissions (Energy) (Mt CO2e),EN.GHG.N2O.FE.MT.CE.AR5,0.0
Sri Lanka,LKA,2021,Nitrous oxide (N2O) emissions from Fugitive Emissions (Energy) (Mt CO2e),EN.GHG.N2O.FE.MT.CE.AR5,0.0
Sri Lanka,LKA,2020,Nitrous oxide (N2O) emissions from Fugitive Emissions (Energy) (Mt CO2e),EN.GHG.N2O.FE.MT.CE.AR5,0.0
Sri Lanka,LKA,2019,Nitrous oxide (N2O) emissions from Fugitive Emissions (Energy) (Mt CO2e),EN.GHG.N2O.FE.MT.CE.AR5,0.0
Sri Lanka,LKA,2018,Nitrous oxide (N2O) emissions from Fugitive Emissions (Energy) (Mt CO2e),EN.GHG.N2O.FE.MT.CE.AR5,0.0
Sri Lanka,LKA,2017,Nitrous oxide (N2O) emissions from Fugitive Emissions (Energy) (Mt CO2e),EN.GHG.N2O.FE.MT.CE.AR5,0.0005
Sri Lanka,LKA,2016,Nitrous oxide (N2O) emissions from Fugitive Emissions (Energy) (Mt CO2e),EN.GHG.N2O.FE.MT.CE.AR5,0.0011
Sri Lanka,LKA,2015,Nitrous oxide (N2O) emissions from Fugitive Emissions (Energy) (Mt CO2e),EN.GHG.N2O.FE.MT.CE.AR5,0.0011
Sri Lanka,LKA,2014,Nitrous oxide (N2O) emissions from Fugitive Emissions (Energy) (Mt CO2e),EN.GHG.N2O.FE.MT.CE.AR5,0.001
Sri Lanka,LKA,2013,Nitrous oxide (N2O) emissions from Fugitive Emissions (Energy) (Mt CO2e),EN.GHG.N2O.FE.MT.CE.AR5,0.001
Sri Lanka,LKA,2012,Nitrous oxide (N2O) emissions from Fugitive Emissions (Energy) (Mt CO2e),EN.GHG.N2O.FE.MT.CE.AR5,0.001
Sri Lanka,LKA,2011,Nitrous oxide (N2O) emissions from Fugitive Emissions (Energy) (Mt CO2e),EN.GHG.N2O.FE.MT.CE.AR5,0.0004
Sri Lanka,LKA,2010,Nitrous oxide (N2O) emissions from Fugitive Emissions (Energy) (Mt CO2e),EN.GHG.N2O.FE.MT.CE.AR5,0.0017
Sri Lanka,LKA,2009,Nitrous oxide (N2O) emissions from Fugitive Emissions (Energy) (Mt CO2e),EN.GHG.N2O.FE.MT.CE.AR5,0.0005
Sri Lanka,LKA,2008,Nitrous oxide (N2O) emissions from Fugitive Emissions (Energy) (Mt CO2e),EN.GHG.N2O.FE.MT.CE.AR5,0.0028
Sri Lanka,LKA,2007,Nitrous oxide (N2O) emissions from Fugitive Emissions (Energy) (Mt CO2e),EN.GHG.N2O.FE.MT.CE.AR5,0.0017
Sri Lanka,LKA,2006,Nitrous oxide (N2O) emissions from Fugitive Emissions (Energy) (Mt CO2e),EN.GHG.N2O.FE.MT.CE.AR5,0.0015
Sri Lanka,LKA,2005,Nitrous oxide (N2O) emissions from Fugitive Emissions (Energy) (Mt CO2e),EN.GHG.N2O.FE.MT.CE.AR5,0.0017
Sri Lanka,LKA,2004,Nitrous oxide (N2O) emissions from Fugitive Emissions (Energy) (Mt CO2e),EN.GHG.N2O.FE.MT.CE.AR5,0.0018
Sri Lanka,LKA,2003,Nitrous oxide (N2O) emissions from Fugitive Emissions (Energy) (Mt CO2e),EN.GHG.N2O.FE.MT.CE.AR5,0.0013
Sri Lanka,LKA,2002,Nitrous oxide (N2O) emissions from Fugitive Emissions (Energy) (Mt CO2e),EN.GHG.N2O.FE.MT.CE.AR5,0.0017
Sri Lanka,LKA,2001,Nitrous oxide (N2O) emissions from Fugitive Emissions (Energy) (Mt CO2e),EN.GHG.N2O.FE.MT.CE.AR5,0.0019
Sri Lanka,LKA,2000,Nitrous oxide (N2O) emissions from Fugitive Emissions (Energy) (Mt CO2e),EN.GHG.N2O.FE.MT.CE.AR5,0.0019
Sri Lanka,LKA,1999,Nitrous oxide (N2O) emissions from Fugitive Emissions (Energy) (Mt CO2e),EN.GHG.N2O.FE.MT.CE.AR5,0.0009
Sri Lanka,LKA,1998,Nitrous oxide (N2O) emissions from Fugitive Emissions (Energy) (Mt CO2e),EN.GHG.N2O.FE.MT.CE.AR5,0.001
Sri Lanka,LKA,1997,Nitrous oxide (N2O) emissions from Fugitive Emissions (Energy) (Mt CO2e),EN.GHG.N2O.FE.MT.CE.AR5,0.0012
Sri Lanka,LKA,1996,Nitrous oxide (N2O) emissions from Fugitive Emissions (Energy) (Mt CO2e),EN.GHG.N2O.FE.MT.CE.AR5,0.0012
Sri Lanka,LKA,1995,Nitrous oxide (N2O) emissions from Fugitive Emissions (Energy) (Mt CO2e),EN.GHG.N2O.FE.MT.CE.AR5,0.0009
Sri Lanka,LKA,1994,Nitrous oxide (N2O) emissions from Fugitive Emissions (Energy) (Mt CO2e),EN.GHG.N2O.FE.MT.CE.AR5,0.0008
Sri Lanka,LKA,1993,Nitrous oxide (N2O) emissions from Fugitive Emissions (Energy) (Mt CO2e),EN.GHG.N2O.FE.MT.CE.AR5,0.0006
Sri Lanka,LKA,1992,Nitrous oxide (N2O) emissions from Fugitive Emissions (Energy) (Mt CO2e),EN.GHG.N2O.FE.MT.CE.AR5,0.0005
Sri Lanka,LKA,1991,Nitrous oxide (N2O) emissions from Fugitive Emissions (Energy) (Mt CO2e),EN.GHG.N2O.FE.MT.CE.AR5,0.0006
Sri Lanka,LKA,1990,Nitrous oxide (N2O) emissions from Fugitive Emissions (Energy) (Mt CO2e),EN.GHG.N2O.FE.MT.CE.AR5,0.0005
Sri Lanka,LKA,1989,Nitrous oxide (N2O) emissions from Fugitive Emissions (Energy) (Mt CO2e),EN.GHG.N2O.FE.MT.CE.AR5,0.0009
Sri Lanka,LKA,1988,Nitrous oxide (N2O) emissions from Fugitive Emissions (Energy) (Mt CO2e),EN.GHG.N2O.FE.MT.CE.AR5,0.0007
Sri Lanka,LKA,1987,Nitrous oxide (N2O) emissions from Fugitive Emissions (Energy) (Mt CO2e),EN.GHG.N2O.FE.MT.CE.AR5,0.0014
Sri Lanka,LKA,1986,Nitrous oxide (N2O) emissions from Fugitive Emissions (Energy) (Mt CO2e),EN.GHG.N2O.FE.MT.CE.AR5,0.0012
Sri Lanka,LKA,1985,Nitrous oxide (N2O) emissions from Fugitive Emissions (Energy) (Mt CO2e),EN.GHG.N2O.FE.MT.CE.AR5,0.0011
Sri Lanka,LKA,1984,Nitrous oxide (N2O) emissions from Fugitive Emissions (Energy) (Mt CO2e),EN.GHG.N2O.FE.MT.CE.AR5,0.0012
Sri Lanka,LKA,1983,Nitrous oxide (N2O) emissions from Fugitive Emissions (Energy) (Mt CO2e),EN.GHG.N2O.FE.MT.CE.AR5,0.0015
Sri Lanka,LKA,1982,Nitrous oxide (N2O) emissions from Fugitive Emissions (Energy) (Mt CO2e),EN.GHG.N2O.FE.MT.CE.AR5,0.0016
Sri Lanka,LKA,1981,Nitrous oxide (N2O) emissions from Fugitive Emissions (Energy) (Mt CO2e),EN.GHG.N2O.FE.MT.CE.AR5,0.0003
Sri Lanka,LKA,1980,Nitrous oxide (N2O) emissions from Fugitive Emissions (Energy) (Mt CO2e),EN.GHG.N2O.FE.MT.CE.AR5,0.0003
Sri Lanka,LKA,1979,Nitrous oxide (N2O) emissions from Fugitive Emissions (Energy) (Mt CO2e),EN.GHG.N2O.FE.MT.CE.AR5,0.0002
Sri Lanka,LKA,1978,Nitrous oxide (N2O) emissions from Fugitive Emissions (Energy) (Mt CO2e),EN.GHG.N2O.FE.MT.CE.AR5,0.0002
Sri Lanka,LKA,1977,Nitrous oxide (N2O) emissions from Fugitive Emissions (Energy) (Mt CO2e),EN.GHG.N2O.FE.MT.CE.AR5,0.0003
Sri Lanka,LKA,1976,Nitrous oxide (N2O) emissions from Fugitive Emissions (Energy) (Mt CO2e),EN.GHG.N2O.FE.MT.CE.AR5,0.0003
Sri Lanka,LKA,1975,Nitrous oxide (N2O) emissions from Fugitive Emissions (Energy) (Mt CO2e),EN.GHG.N2O.FE.MT.CE.AR5,0.0003
Sri Lanka,LKA,1974,Nitrous oxide (N2O) emissions from Fugitive Emissions (Energy) (Mt CO2e),EN.GHG.N2O.FE.MT.CE.AR5,0.0003
Sri Lanka,LKA,1973,Nitrous oxide (N2O) emissions from Fugitive Emissions (Energy) (Mt CO2e),EN.GHG.N2O.FE.MT.CE.AR5,0.0003
Sri Lanka,LKA,1972,Nitrous oxide (N2O) emissions from Fugitive Emissions (Energy) (Mt CO2e),EN.GHG.N2O.FE.MT.CE.AR5,0.0003
Sri Lanka,LKA,1971,Nitrous oxide (N2O) emissions from Fugitive Emissions (Energy) (Mt CO2e),EN.GHG.N2O.FE.MT.CE.AR5,0.0003
Sri Lanka,LKA,1970,Nitrous oxide (N2O) emissions from Fugitive Emissions (Energy) (Mt CO2e),EN.GHG.N2O.FE.MT.CE.AR5,0.0003
Sri Lanka,LKA,2023,Nitrous oxide (N2O) emissions from Industrial Combustion (Energy) (Mt CO2e),EN.GHG.N2O.IC.MT.CE.AR5,0.0943
Sri Lanka,LKA,2022,Nitrous oxide (N2O) emissions from Industrial Combustion (Energy) (Mt CO2e),EN.GHG.N2O.IC.MT.CE.AR5,0.0942
Sri Lanka,LKA,2021,Nitrous oxide (N2O) emissions from Industrial Combustion (Energy) (Mt CO2e),EN.GHG.N2O.IC.MT.CE.AR5,0.0961
Sri Lanka,LKA,2020,Nitrous oxide (N2O) emissions from Industrial Combustion (Energy) (Mt CO2e),EN.GHG.N2O.IC.MT.CE.AR5,0.0938
Sri Lanka,LKA,2019,Nitrous oxide (N2O) emissions from Industrial Combustion (Energy) (Mt CO2e),EN.GHG.N2O.IC.MT.CE.AR5,0.0909
Sri Lanka,LKA,2018,Nitrous oxide (N2O) emissions from Industrial Combustion (Energy) (Mt CO2e),EN.GHG.N2O.IC.MT.CE.AR5,0.0889
Sri Lanka,LKA,2017,Nitrous oxide (N2O) emissions from Industrial Combustion (Energy) (Mt CO2e),EN.GHG.N2O.IC.MT.CE.AR5,0.0846
Sri Lanka,LKA,2016,Nitrous oxide (N2O) emissions from Industrial Combustion (Energy) (Mt CO2e),EN.GHG.N2O.IC.MT.CE.AR5,0.0814
Sri Lanka,LKA,2015,Nitrous oxide (N2O) emissions from Industrial Combustion (Energy) (Mt CO2e),EN.GHG.N2O.IC.MT.CE.AR5,0.082
Sri Lanka,LKA,2014,Nitrous oxide (N2O) emissions from Industrial Combustion (Energy) (Mt CO2e),EN.GHG.N2O.IC.MT.CE.AR5,0.0788
Sri Lanka,LKA,2013,Nitrous oxide (N2O) emissions from Industrial Combustion (Energy) (Mt CO2e),EN.GHG.N2O.IC.MT.CE.AR5,0.0747
Sri Lanka,LKA,2012,Nitrous oxide (N2O) emissions from Industrial Combustion (Energy) (Mt CO2e),EN.GHG.N2O.IC.MT.CE.AR5,0.074
Sri Lanka,LKA,2011,Nitrous oxide (N2O) emissions from Industrial Combustion (Energy) (Mt CO2e),EN.GHG.N2O.IC.MT.CE.AR5,0.0726
Sri Lanka,LKA,2010,Nitrous oxide (N2O) emissions from Industrial Combustion (Energy) (Mt CO2e),EN.GHG.N2O.IC.MT.CE.AR5,0.0711
Sri Lanka,LKA,2009,Nitrous oxide (N2O) emissions from Industrial Combustion (Energy) (Mt CO2e),EN.GHG.N2O.IC.MT.CE.AR5,0.0635
Sri Lanka,LKA,2008,Nitrous oxide (N2O) emissions from Industrial Combustion (Energy) (Mt CO2e),EN.GHG.N2O.IC.MT.CE.AR5,0.0641
Sri Lanka,LKA,2007,Nitrous oxide (N2O) emissions from Industrial Combustion (Energy) (Mt CO2e),EN.GHG.N2O.IC.MT.CE.AR5,0.0706
Sri Lanka,LKA,2006,Nitrous oxide (N2O) emissions from Industrial Combustion (Energy) (Mt CO2e),EN.GHG.N2O.IC.MT.CE.AR5,0.0714
Sri Lanka,LKA,2005,Nitrous oxide (N2O) emissions from Industrial Combustion (Energy) (Mt CO2e),EN.GHG.N2O.IC.MT.CE.AR5,0.0677
Sri Lanka,LKA,2004,Nitrous oxide (N2O) emissions from Industrial Combustion (Energy) (Mt CO2e),EN.GHG.N2O.IC.MT.CE.AR5,0.064
Sri Lanka,LKA,2003,Nitrous oxide (N2O) emissions from Industrial Combustion (Energy) (Mt CO2e),EN.GHG.N2O.IC.MT.CE.AR5,0.0598
Sri Lanka,LKA,2002,Nitrous oxide (N2O) emissions from Industrial Combustion (Energy) (Mt CO2e),EN.GHG.N2O.IC.MT.CE.AR5,0.0574
Sri Lanka,LKA,2001,Nitrous oxide (N2O) emissions from Industrial Combustion (Energy) (Mt CO2e),EN.GHG.N2O.IC.MT.CE.AR5,0.0506
Sri Lanka,LKA,2000,Nitrous oxide (N2O) emissions from Industrial Combustion (Energy) (Mt CO2e),EN.GHG.N2O.IC.MT.CE.AR5,0.0591
Sri Lanka,LKA,1999,Nitrous oxide (N2O) emissions from Industrial Combustion (Energy) (Mt CO2e),EN.GHG.N2O.IC.MT.CE.AR5,0.0476
Sri Lanka,LKA,1998,Nitrous oxide (N2O) emissions from Industrial Combustion (Energy) (Mt CO2e),EN.GHG.N2O.IC.MT.CE.AR5,0.0357
Sri Lanka,LKA,1997,Nitrous oxide (N2O) emissions from Industrial Combustion (Energy) (Mt CO2e),EN.GHG.N2O.IC.MT.CE.AR5,0.0358
Sri Lanka,LKA,1996,Nitrous oxide (N2O) emissions from Industrial Combustion (Energy) (Mt CO2e),EN.GHG.N2O.IC.MT.CE.AR5,0.0316
Sri Lanka,LKA,1995,Nitrous oxide (N2O) emissions from Industrial Combustion (Energy) (Mt CO2e),EN.GHG.N2O.IC.MT.CE.AR5,0.0203
Sri Lanka,LKA,1994,Nitrous oxide (N2O) emissions from Industrial Combustion (Energy) (Mt CO2e),EN.GHG.N2O.IC.MT.CE.AR5,0.0181
Sri Lanka,LKA,1993,Nitrous oxide (N2O) emissions from Industrial Combustion (Energy) (Mt CO2e),EN.GHG.N2O.IC.MT.CE.AR5,0.0277
Sri Lanka,LKA,1992,Nitrous oxide (N2O) emissions from Industrial Combustion (Energy) (Mt CO2e),EN.GHG.N2O.IC.MT.CE.AR5,0.0312
Sri Lanka,LKA,1991,Nitrous oxide (N2O) emissions from Industrial Combustion (Energy) (Mt CO2e),EN.GHG.N2O.IC.MT.CE.AR5,0.0263
Sri Lanka,LKA,1990,Nitrous oxide (N2O) emissions from Industrial Combustion (Energy) (Mt CO2e),EN.GHG.N2O.IC.MT.CE.AR5,0.0272
Sri Lanka,LKA,1989,Nitrous oxide (N2O) emissions from Industrial Combustion (Energy) (Mt CO2e),EN.GHG.N2O.IC.MT.CE.AR5,0.0248
Sri Lanka,LKA,1988,Nitrous oxide (N2O) emissions from Industrial Combustion (Energy) (Mt CO2e),EN.GHG.N2O.IC.MT.CE.AR5,0.0231
Sri Lanka,LKA,1987,Nitrous oxide (N2O) emissions from Industrial Combustion (Energy) (Mt CO2e),EN.GHG.N2O.IC.MT.CE.AR5,0.0245
Sri Lanka,LKA,1986,Nitrous oxide (N2O) emissions from Industrial Combustion (Energy) (Mt CO2e),EN.GHG.N2O.IC.MT.CE.AR5,0.0238
Sri Lanka,LKA,1985,Nitrous oxide (N2O) emissions from Industrial Combustion (Energy) (Mt CO2e),EN.GHG.N2O.IC.MT.CE.AR5,0.021
Sri Lanka,LKA,1984,Nitrous oxide (N2O) emissions from Industrial Combustion (Energy) (Mt CO2e),EN.GHG.N2O.IC.MT.CE.AR5,0.0224
Sri Lanka,LKA,1983,Nitrous oxide (N2O) emissions from Industrial Combustion (Energy) (Mt CO2e),EN.GHG.N2O.IC.MT.CE.AR5,0.0211
Sri Lanka,LKA,1982,Nitrous oxide (N2O) emissions from Industrial Combustion (Energy) (Mt CO2e),EN.GHG.N2O.IC.MT.CE.AR5,0.0208
Sri Lanka,LKA,1981,Nitrous oxide (N2O) emissions from Industrial Combustion (Energy) (Mt CO2e),EN.GHG.N2O.IC.MT.CE.AR5,0.022
Sri Lanka,LKA,1980,Nitrous oxide (N2O) emissions from Industrial Combustion (Energy) (Mt CO2e),EN.GHG.N2O.IC.MT.CE.AR5,0.0202
Sri Lanka,LKA,1979,Nitrous oxide (N2O) emissions from Industrial Combustion (Energy) (Mt CO2e),EN.GHG.N2O.IC.MT.CE.AR5,0.0219
Sri Lanka,LKA,1978,Nitrous oxide (N2O) emissions from Industrial Combustion (Energy) (Mt CO2e),EN.GHG.N2O.IC.MT.CE.AR5,0.022
Sri Lanka,LKA,1977,Nitrous oxide (N2O) emissions from Industrial Combustion (Energy) (Mt CO2e),EN.GHG.N2O.IC.MT.CE.AR5,0.0206
Sri Lanka,LKA,1976,Nitrous oxide (N2O) emissions from Industrial Combustion (Energy) (Mt CO2e),EN.GHG.N2O.IC.MT.CE.AR5,0.0205
Sri Lanka,LKA,1975,Nitrous oxide (N2O) emissions from Industrial Combustion (Energy) (Mt CO2e),EN.GHG.N2O.IC.MT.CE.AR5,0.0208
Sri Lanka,LKA,1974,Nitrous oxide (N2O) emissions from Industrial Combustion (Energy) (Mt CO2e),EN.GHG.N2O.IC.MT.CE.AR5,0.0197
Sri Lanka,LKA,1973,Nitrous oxide (N2O) emissions from Industrial Combustion (Energy) (Mt CO2e),EN.GHG.N2O.IC.MT.CE.AR5,0.0204
Sri Lanka,LKA,1972,Nitrous oxide (N2O) emissions from Industrial Combustion (Energy) (Mt CO2e),EN.GHG.N2O.IC.MT.CE.AR5,0.02
Sri Lanka,LKA,1971,Nitrous oxide (N2O) emissions from Industrial Combustion (Energy) (Mt CO2e),EN.GHG.N2O.IC.MT.CE.AR5,0.0196
Sri Lanka,LKA,1970,Nitrous oxide (N2O) emissions from Industrial Combustion (Energy) (Mt CO2e),EN.GHG.N2O.IC.MT.CE.AR5,0.0196
Sri Lanka,LKA,2023,Nitrous oxide (N2O) emissions from Industrial Processes (Mt CO2e),EN.GHG.N2O.IP.MT.CE.AR5,0.2129
Sri Lanka,LKA,2022,Nitrous oxide (N2O) emissions from Industrial Processes (Mt CO2e),EN.GHG.N2O.IP.MT.CE.AR5,0.2078
Sri Lanka,LKA,2021,Nitrous oxide (N2O) emissions from Industrial Processes (Mt CO2e),EN.GHG.N2O.IP.MT.CE.AR5,0.2265
Sri Lanka,LKA,2020,Nitrous oxide (N2O) emissions from Industrial Processes (Mt CO2e),EN.GHG.N2O.IP.MT.CE.AR5,0.2273
Sri Lanka,LKA,2019,Nitrous oxide (N2O) emissions from Industrial Processes (Mt CO2e),EN.GHG.N2O.IP.MT.CE.AR5,0.241
Sri Lanka,LKA,2018,Nitrous oxide (N2O) emissions from Industrial Processes (Mt CO2e),EN.GHG.N2O.IP.MT.CE.AR5,0.224
Sri Lanka,LKA,2017,Nitrous oxide (N2O) emissions from Industrial Processes (Mt CO2e),EN.GHG.N2O.IP.MT.CE.AR5,0.2371
Sri Lanka,LKA,2016,Nitrous oxide (N2O) emissions from Industrial Processes (Mt CO2e),EN.GHG.N2O.IP.MT.CE.AR5,0.2457
Sri Lanka,LKA,2015,Nitrous oxide (N2O) emissions from Industrial Processes (Mt CO2e),EN.GHG.N2O.IP.MT.CE.AR5,0.2231
Sri Lanka,LKA,2014,Nitrous oxide (N2O) emissions from Industrial Processes (Mt CO2e),EN.GHG.N2O.IP.MT.CE.AR5,0.2315
Sri Lanka,LKA,2013,Nitrous oxide (N2O) emissions from Industrial Processes (Mt CO2e),EN.GHG.N2O.IP.MT.CE.AR5,0.2118
Sri Lanka,LKA,2012,Nitrous oxide (N2O) emissions from Industrial Processes (Mt CO2e),EN.GHG.N2O.IP.MT.CE.AR5,0.2475
Sri Lanka,LKA,2011,Nitrous oxide (N2O) emissions from Industrial Processes (Mt CO2e),EN.GHG.N2O.IP.MT.CE.AR5,0.2411
Sri Lanka,LKA,2010,Nitrous oxide (N2O) emissions from Industrial Processes (Mt CO2e),EN.GHG.N2O.IP.MT.CE.AR5,0.2405
Sri Lanka,LKA,2009,Nitrous oxide (N2O) emissions from Industrial Processes (Mt CO2e),EN.GHG.N2O.IP.MT.CE.AR5,0.2261
Sri Lanka,LKA,2008,Nitrous oxide (N2O) emissions from Industrial Processes (Mt CO2e),EN.GHG.N2O.IP.MT.CE.AR5,0.2317
Sri Lanka,LKA,2007,Nitrous oxide (N2O) emissions from Industrial Processes (Mt CO2e),EN.GHG.N2O.IP.MT.CE.AR5,0.2432
Sri Lanka,LKA,2006,Nitrous oxide (N2O) emissions from Industrial Processes (Mt CO2e),EN.GHG.N2O.IP.MT.CE.AR5,0.2281
Sri Lanka,LKA,2005,Nitrous oxide (N2O) emissions from Industrial Processes (Mt CO2e),EN.GHG.N2O.IP.MT.CE.AR5,0.2475
Sri Lanka,LKA,2004,Nitrous oxide (N2O) emissions from Industrial Processes (Mt CO2e),EN.GHG.N2O.IP.MT.CE.AR5,0.2384
Sri Lanka,LKA,2003,Nitrous oxide (N2O) emissions from Industrial Processes (Mt CO2e),EN.GHG.N2O.IP.MT.CE.AR5,0.2275
Sri Lanka,LKA,2002,Nitrous oxide (N2O) emissions from Industrial Processes (Mt CO2e),EN.GHG.N2O.IP.MT.CE.AR5,0.2188
Sri Lanka,LKA,2001,Nitrous oxide (N2O) emissions from Industrial Processes (Mt CO2e),EN.GHG.N2O.IP.MT.CE.AR5,0.212
Sri Lanka,LKA,2000,Nitrous oxide (N2O) emissions from Industrial Processes (Mt CO2e),EN.GHG.N2O.IP.MT.CE.AR5,0.2226
Sri Lanka,LKA,1999,Nitrous oxide (N2O) emissions from Industrial Processes (Mt CO2e),EN.GHG.N2O.IP.MT.CE.AR5,0.1942
Sri Lanka,LKA,1998,Nitrous oxide (N2O) emissions from Industrial Processes (Mt CO2e),EN.GHG.N2O.IP.MT.CE.AR5,0.1787
Sri Lanka,LKA,1997,Nitrous oxide (N2O) emissions from Industrial Processes (Mt CO2e),EN.GHG.N2O.IP.MT.CE.AR5,0.1833
Sri Lanka,LKA,1996,Nitrous oxide (N2O) emissions from Industrial Processes (Mt CO2e),EN.GHG.N2O.IP.MT.CE.AR5,0.1804
Sri Lanka,LKA,1995,Nitrous oxide (N2O) emissions from Industrial Processes (Mt CO2e),EN.GHG.N2O.IP.MT.CE.AR5,0.1424
Sri Lanka,LKA,1994,Nitrous oxide (N2O) emissions from Industrial Processes (Mt CO2e),EN.GHG.N2O.IP.MT.CE.AR5,0.1401
Sri Lanka,LKA,1993,Nitrous oxide (N2O) emissions from Industrial Processes (Mt CO2e),EN.GHG.N2O.IP.MT.CE.AR5,0.1442
Sri Lanka,LKA,1992,Nitrous oxide (N2O) emissions from Industrial Processes (Mt CO2e),EN.GHG.N2O.IP.MT.CE.AR5,0.1445
Sri Lanka,LKA,1991,Nitrous oxide (N2O) emissions from Industrial Processes (Mt CO2e),EN.GHG.N2O.IP.MT.CE.AR5,0.1298
Sri Lanka,LKA,1990,Nitrous oxide (N2O) emissions from Industrial Processes (Mt CO2e),EN.GHG.N2O.IP.MT.CE.AR5,0.1274
Sri Lanka,LKA,1989,Nitrous oxide (N2O) emissions from Industrial Processes (Mt CO2e),EN.GHG.N2O.IP.MT.CE.AR5,0.1294
Sri Lanka,LKA,1988,Nitrous oxide (N2O) emissions from Industrial Processes (Mt CO2e),EN.GHG.N2O.IP.MT.CE.AR5,0.13
Sri Lanka,LKA,1987,Nitrous oxide (N2O) emissions from Industrial Processes (Mt CO2e),EN.GHG.N2O.IP.MT.CE.AR5,0.1304
Sri Lanka,LKA,1986,Nitrous oxide (N2O) emissions from Industrial Processes (Mt CO2e),EN.GHG.N2O.IP.MT.CE.AR5,0.1225
Sri Lanka,LKA,1985,Nitrous oxide (N2O) emissions from Industrial Processes (Mt CO2e),EN.GHG.N2O.IP.MT.CE.AR5,0.1197
Sri Lanka,LKA,1984,Nitrous oxide (N2O) emissions from Industrial Processes (Mt CO2e),EN.GHG.N2O.IP.MT.CE.AR5,0.1226
Sri Lanka,LKA,1983,Nitrous oxide (N2O) emissions from Industrial Processes (Mt CO2e),EN.GHG.N2O.IP.MT.CE.AR5,0.1231
Sri Lanka,LKA,1982,Nitrous oxide (N2O) emissions from Industrial Processes (Mt CO2e),EN.GHG.N2O.IP.MT.CE.AR5,0.1191
Sri Lanka,LKA,1981,Nitrous oxide (N2O) emissions from Industrial Processes (Mt CO2e),EN.GHG.N2O.IP.MT.CE.AR5,0.1086
Sri Lanka,LKA,1980,Nitrous oxide (N2O) emissions from Industrial Processes (Mt CO2e),EN.GHG.N2O.IP.MT.CE.AR5,0.1058
Sri Lanka,LKA,1979,Nitrous oxide (N2O) emissions from Industrial Processes (Mt CO2e),EN.GHG.N2O.IP.MT.CE.AR5,0.1052
Sri Lanka,LKA,1978,Nitrous oxide (N2O) emissions from Industrial Processes (Mt CO2e),EN.GHG.N2O.IP.MT.CE.AR5,0.0997
Sri Lanka,LKA,1977,Nitrous oxide (N2O) emissions from Industrial Processes (Mt CO2e),EN.GHG.N2O.IP.MT.CE.AR5,0.0937
Sri Lanka,LKA,1976,Nitrous oxide (N2O) emissions from Industrial Processes (Mt CO2e),EN.GHG.N2O.IP.MT.CE.AR5,0.0945
Sri Lanka,LKA,1975,Nitrous oxide (N2O) emissions from Industrial Processes (Mt CO2e),EN.GHG.N2O.IP.MT.CE.AR5,0.093
Sri Lanka,LKA,1974,Nitrous oxide (N2O) emissions from Industrial Processes (Mt CO2e),EN.GHG.N2O.IP.MT.CE.AR5,0.0907
Sri Lanka,LKA,1973,Nitrous oxide (N2O) emissions from Industrial Processes (Mt CO2e),EN.GHG.N2O.IP.MT.CE.AR5,0.0949
Sri Lanka,LKA,1972,Nitrous oxide (N2O) emissions from Industrial Processes (Mt CO2e),EN.GHG.N2O.IP.MT.CE.AR5,0.094
Sri Lanka,LKA,1971,Nitrous oxide (N2O) emissions from Industrial Processes (Mt CO2e),EN.GHG.N2O.IP.MT.CE.AR5,0.0889
Sri Lanka,LKA,1970,Nitrous oxide (N2O) emissions from Industrial Processes (Mt CO2e),EN.GHG.N2O.IP.MT.CE.AR5,0.0891
Sri Lanka,LKA,2023,Nitrous oxide (N2O) emissions (total) excluding LULUCF (Mt CO2e),EN.GHG.N2O.MT.CE.AR5,1.5675
Sri Lanka,LKA,2022,Nitrous oxide (N2O) emissions (total) excluding LULUCF (Mt CO2e),EN.GHG.N2O.MT.CE.AR5,1.5937
Sri Lanka,LKA,2021,Nitrous oxide (N2O) emissions (total) excluding LULUCF (Mt CO2e),EN.GHG.N2O.MT.CE.AR5,1.7064
Sri Lanka,LKA,2020,Nitrous oxide (N2O) emissions (total) excluding LULUCF (Mt CO2e),EN.GHG.N2O.MT.CE.AR5,2.0997
Sri Lanka,LKA,2019,Nitrous oxide (N2O) emissions (total) excluding LULUCF (Mt CO2e),EN.GHG.N2O.MT.CE.AR5,1.7394
Sri Lanka,LKA,2018,Nitrous oxide (N2O) emissions (total) excluding LULUCF (Mt CO2e),EN.GHG.N2O.MT.CE.AR5,1.9015
Sri Lanka,LKA,2017,Nitrous oxide (N2O) emissions (total) excluding LULUCF (Mt CO2e),EN.GHG.N2O.MT.CE.AR5,1.7936
Sri Lanka,LKA,2016,Nitrous oxide (N2O) emissions (total) excluding LULUCF (Mt CO2e),EN.GHG.N2O.MT.CE.AR5,1.9757
Sri Lanka,LKA,2015,Nitrous oxide (N2O) emissions (total) excluding LULUCF (Mt CO2e),EN.GHG.N2O.MT.CE.AR5,2.472
Sri Lanka,LKA,2014,Nitrous oxide (N2O) emissions (total) excluding LULUCF (Mt CO2e),EN.GHG.N2O.MT.CE.AR5,2.2235
Sri Lanka,LKA,2013,Nitrous oxide (N2O) emissions (total) excluding LULUCF (Mt CO2e),EN.GHG.N2O.MT.CE.AR5,2.1031
Sri Lanka,LKA,2012,Nitrous oxide (N2O) emissions (total) excluding LULUCF (Mt CO2e),EN.GHG.N2O.MT.CE.AR5,2.0966
Sri Lanka,LKA,2011,Nitrous oxide (N2O) emissions (total) excluding LULUCF (Mt CO2e),EN.GHG.N2O.MT.CE.AR5,2.1188
Sri Lanka,LKA,2010,Nitrous oxide (N2O) emissions (total) excluding LULUCF (Mt CO2e),EN.GHG.N2O.MT.CE.AR5,2.1133
Sri Lanka,LKA,2009,Nitrous oxide (N2O) emissions (total) excluding LULUCF (Mt CO2e),EN.GHG.N2O.MT.CE.AR5,2.0004
Sri Lanka,LKA,2008,Nitrous oxide (N2O) emissions (total) excluding LULUCF (Mt CO2e),EN.GHG.N2O.MT.CE.AR5,1.9881
Sri Lanka,LKA,2007,Nitrous oxide (N2O) emissions (total) excluding LULUCF (Mt CO2e),EN.GHG.N2O.MT.CE.AR5,1.8546
Sri Lanka,LKA,2006,Nitrous oxide (N2O) emissions (total) excluding LULUCF (Mt CO2e),EN.GHG.N2O.MT.CE.AR5,1.8393
Sri Lanka,LKA,2005,Nitrous oxide (N2O) emissions (total) excluding LULUCF (Mt CO2e),EN.GHG.N2O.MT.CE.AR5,1.8354
Sri Lanka,LKA,2004,Nitrous oxide (N2O) emissions (total) excluding LULUCF (Mt CO2e),EN.GHG.N2O.MT.CE.AR5,1.8767
Sri Lanka,LKA,2003,Nitrous oxide (N2O) emissions (total) excluding LULUCF (Mt CO2e),EN.GHG.N2O.MT.CE.AR5,1.8255
Sri Lanka,LKA,2002,Nitrous oxide (N2O) emissions (total) excluding LULUCF (Mt CO2e),EN.GHG.N2O.MT.CE.AR5,1.888
Sri Lanka,LKA,2001,Nitrous oxide (N2O) emissions (total) excluding LULUCF (Mt CO2e),EN.GHG.N2O.MT.CE.AR5,1.8732
Sri Lanka,LKA,2000,Nitrous oxide (N2O) emissions (total) excluding LULUCF (Mt CO2e),EN.GHG.N2O.MT.CE.AR5,1.8994
Sri Lanka,LKA,1999,Nitrous oxide (N2O) emissions (total) excluding LULUCF (Mt CO2e),EN.GHG.N2O.MT.CE.AR5,1.9053
Sri Lanka,LKA,1998,Nitrous oxide (N2O) emissions (total) excluding LULUCF (Mt CO2e),EN.GHG.N2O.MT.CE.AR5,1.7466
Sri Lanka,LKA,1997,Nitrous oxide (N2O) emissions (total) excluding LULUCF (Mt CO2e),EN.GHG.N2O.MT.CE.AR5,1.7978
Sri Lanka,LKA,1996,Nitrous oxide (N2O) emissions (total) excluding LULUCF (Mt CO2e),EN.GHG.N2O.MT.CE.AR5,1.7944
Sri Lanka,LKA,1995,Nitrous oxide (N2O) emissions (total) excluding LULUCF (Mt CO2e),EN.GHG.N2O.MT.CE.AR5,1.704
Sri Lanka,LKA,1994,Nitrous oxide (N2O) emissions (total) excluding LULUCF (Mt CO2e),EN.GHG.N2O.MT.CE.AR5,1.7417
Sri Lanka,LKA,1993,Nitrous oxide (N2O) emissions (total) excluding LULUCF (Mt CO2e),EN.GHG.N2O.MT.CE.AR5,1.6924
Sri Lanka,LKA,1992,Nitrous oxide (N2O) emissions (total) excluding LULUCF (Mt CO2e),EN.GHG.N2O.MT.CE.AR5,1.6187
Sri Lanka,LKA,1991,Nitrous oxide (N2O) emissions (total) excluding LULUCF (Mt CO2e),EN.GHG.N2O.MT.CE.AR5,1.5214
Sri Lanka,LKA,1990,Nitrous oxide (N2O) emissions (total) excluding LULUCF (Mt CO2e),EN.GHG.N2O.MT.CE.AR5,1.5686
Sri Lanka,LKA,1989,Nitrous oxide (N2O) emissions (total) excluding LULUCF (Mt CO2e),EN.GHG.N2O.MT.CE.AR5,1.6453
Sri Lanka,LKA,1988,Nitrous oxide (N2O) emissions (total) excluding LULUCF (Mt CO2e),EN.GHG.N2O.MT.CE.AR5,1.632
Sri Lanka,LKA,1987,Nitrous oxide (N2O) emissions (total) excluding LULUCF (Mt CO2e),EN.GHG.N2O.MT.CE.AR5,1.6283
Sri Lanka,LKA,1986,Nitrous oxide (N2O) emissions (total) excluding LULUCF (Mt CO2e),EN.GHG.N2O.MT.CE.AR5,1.5698
Sri Lanka,LKA,1985,Nitrous oxide (N2O) emissions (total) excluding LULUCF (Mt CO2e),EN.GHG.N2O.MT.CE.AR5,1.5706
Sri Lanka,LKA,1984,Nitrous oxide (N2O) emissions (total) excluding LULUCF (Mt CO2e),EN.GHG.N2O.MT.CE.AR5,1.5292
Sri Lanka,LKA,1983,Nitrous oxide (N2O) emissions (total) excluding LULUCF (Mt CO2e),EN.GHG.N2O.MT.CE.AR5,1.4189
Sri Lanka,LKA,1982,Nitrous oxide (N2O) emissions (total) excluding LULUCF (Mt CO2e),EN.GHG.N2O.MT.CE.AR5,1.3866
Sri Lanka,LKA,1981,Nitrous oxide (N2O) emissions (total) excluding LULUCF (Mt CO2e),EN.GHG.N2O.MT.CE.AR5,1.3514
Sri Lanka,LKA,1980,Nitrous oxide (N2O) emissions (total) excluding LULUCF (Mt CO2e),EN.GHG.N2O.MT.CE.AR5,1.4036
Sri Lanka,LKA,1979,Nitrous oxide (N2O) emissions (total) excluding LULUCF (Mt CO2e),EN.GHG.N2O.MT.CE.AR5,1.3206
Sri Lanka,LKA,1978,Nitrous oxide (N2O) emissions (total) excluding LULUCF (Mt CO2e),EN.GHG.N2O.MT.CE.AR5,1.2997
Sri Lanka,LKA,1977,Nitrous oxide (N2O) emissions (total) excluding LULUCF (Mt CO2e),EN.GHG.N2O.MT.CE.AR5,1.2274
Sri Lanka,LKA,1976,Nitrous oxide (N2O) emissions (total) excluding LULUCF (Mt CO2e),EN.GHG.N2O.MT.CE.AR5,1.1676
Sri Lanka,LKA,1975,Nitrous oxide (N2O) emissions (total) excluding LULUCF (Mt CO2e),EN.GHG.N2O.MT.CE.AR5,1.0746
Sri Lanka,LKA,1974,Nitrous oxide (N2O) emissions (total) excluding LULUCF (Mt CO2e),EN.GHG.N2O.MT.CE.AR5,1.2415
Sri Lanka,LKA,1973,Nitrous oxide (N2O) emissions (total) excluding LULUCF (Mt CO2e),EN.GHG.N2O.MT.CE.AR5,1.1096
Sri Lanka,LKA,1972,Nitrous oxide (N2O) emissions (total) excluding LULUCF (Mt CO2e),EN.GHG.N2O.MT.CE.AR5,1.1049
Sri Lanka,LKA,1971,Nitrous oxide (N2O) emissions (total) excluding LULUCF (Mt CO2e),EN.GHG.N2O.MT.CE.AR5,1.0807
Sri Lanka,LKA,1970,Nitrous oxide (N2O) emissions (total) excluding LULUCF (Mt CO2e),EN.GHG.N2O.MT.CE.AR5,1.0812
Sri Lanka,LKA,2023,Nitrous oxide (N2O) emissions from Power Industry (Energy) (Mt CO2e),EN.GHG.N2O.PI.MT.CE.AR5,0.0272
Sri Lanka,LKA,2022,Nitrous oxide (N2O) emissions from Power Industry (Energy) (Mt CO2e),EN.GHG.N2O.PI.MT.CE.AR5,0.0293
Sri Lanka,LKA,2021,Nitrous oxide (N2O) emissions from Power Industry (Energy) (Mt CO2e),EN.GHG.N2O.PI.MT.CE.AR5,0.0316
Sri Lanka,LKA,2020,Nitrous oxide (N2O) emissions from Power Industry (Energy) (Mt CO2e),EN.GHG.N2O.PI.MT.CE.AR5,0.0343
Sri Lanka,LKA,2019,Nitrous oxide (N2O) emissions from Power Industry (Energy) (Mt CO2e),EN.GHG.N2O.PI.MT.CE.AR5,0.0347
Sri Lanka,LKA,2018,Nitrous oxide (N2O) emissions from Power Industry (Energy) (Mt CO2e),EN.GHG.N2O.PI.MT.CE.AR5,0.0295
Sri Lanka,LKA,2017,Nitrous oxide (N2O) emissions from Power Industry (Energy) (Mt CO2e),EN.GHG.N2O.PI.MT.CE.AR5,0.0321
Sri Lanka,LKA,2016,Nitrous oxide (N2O) emissions from Power Industry (Energy) (Mt CO2e),EN.GHG.N2O.PI.MT.CE.AR5,0.0302
Sri Lanka,LKA,2015,Nitrous oxide (N2O) emissions from Power Industry (Energy) (Mt CO2e),EN.GHG.N2O.PI.MT.CE.AR5,0.0253
Sri Lanka,LKA,2014,Nitrous oxide (N2O) emissions from Power Industry (Energy) (Mt CO2e),EN.GHG.N2O.PI.MT.CE.AR5,0.0221
Sri Lanka,LKA,2013,Nitrous oxide (N2O) emissions from Power Industry (Energy) (Mt CO2e),EN.GHG.N2O.PI.MT.CE.AR5,0.0125
Sri Lanka,LKA,2012,Nitrous oxide (N2O) emissions from Power Industry (Energy) (Mt CO2e),EN.GHG.N2O.PI.MT.CE.AR5,0.017
Sri Lanka,LKA,2011,Nitrous oxide (N2O) emissions from Power Industry (Energy) (Mt CO2e),EN.GHG.N2O.PI.MT.CE.AR5,0.0134
Sri Lanka,LKA,2010,Nitrous oxide (N2O) emissions from Power Industry (Energy) (Mt CO2e),EN.GHG.N2O.PI.MT.CE.AR5,0.0078
Sri Lanka,LKA,2009,Nitrous oxide (N2O) emissions from Power Industry (Energy) (Mt CO2e),EN.GHG.N2O.PI.MT.CE.AR5,0.009
Sri Lanka,LKA,2008,Nitrous oxide (N2O) emissions from Power Industry (Energy) (Mt CO2e),EN.GHG.N2O.PI.MT.CE.AR5,0.0081
Sri Lanka,LKA,2007,Nitrous oxide (N2O) emissions from Power Industry (Energy) (Mt CO2e),EN.GHG.N2O.PI.MT.CE.AR5,0.0081
Sri Lanka,LKA,2006,Nitrous oxide (N2O) emissions from Power Industry (Energy) (Mt CO2e),EN.GHG.N2O.PI.MT.CE.AR5,0.0067
Sri Lanka,LKA,2005,Nitrous oxide (N2O) emissions from Power Industry (Energy) (Mt CO2e),EN.GHG.N2O.PI.MT.CE.AR5,0.0093
Sri Lanka,LKA,2004,Nitrous oxide (N2O) emissions from Power Industry (Energy) (Mt CO2e),EN.GHG.N2O.PI.MT.CE.AR5,0.0087
Sri Lanka,LKA,2003,Nitrous oxide (N2O) emissions from Power Industry (Energy) (Mt CO2e),EN.GHG.N2O.PI.MT.CE.AR5,0.0078
Sri Lanka,LKA,2002,Nitrous oxide (N2O) emissions from Power Industry (Energy) (Mt CO2e),EN.GHG.N2O.PI.MT.CE.AR5,0.0069
Sri Lanka,LKA,2001,Nitrous oxide (N2O) emissions from Power Industry (Energy) (Mt CO2e),EN.GHG.N2O.PI.MT.CE.AR5,0.006
Sri Lanka,LKA,2000,Nitrous oxide (N2O) emissions from Power Industry (Energy) (Mt CO2e),EN.GHG.N2O.PI.MT.CE.AR5,0.0064
Sri Lanka,LKA,1999,Nitrous oxide (N2O) emissions from Power Industry (Energy) (Mt CO2e),EN.GHG.N2O.PI.MT.CE.AR5,0.0029
Sri Lanka,LKA,1998,Nitrous oxide (N2O) emissions from Power Industry (Energy) (Mt CO2e),EN.GHG.N2O.PI.MT.CE.AR5,0.0024
Sri Lanka,LKA,1997,Nitrous oxide (N2O) emissions from Power Industry (Energy) (Mt CO2e),EN.GHG.N2O.PI.MT.CE.AR5,0.0027
Sri Lanka,LKA,1996,Nitrous oxide (N2O) emissions from Power Industry (Energy) (Mt CO2e),EN.GHG.N2O.PI.MT.CE.AR5,0.0022
Sri Lanka,LKA,1995,Nitrous oxide (N2O) emissions from Power Industry (Energy) (Mt CO2e),EN.GHG.N2O.PI.MT.CE.AR5,0.0005
Sri Lanka,LKA,1994,Nitrous oxide (N2O) emissions from Power Industry (Energy) (Mt CO2e),EN.GHG.N2O.PI.MT.CE.AR5,0.0006
Sri Lanka,LKA,1993,Nitrous oxide (N2O) emissions from Power Industry (Energy) (Mt CO2e),EN.GHG.N2O.PI.MT.CE.AR5,0.0006
Sri Lanka,LKA,1992,Nitrous oxide (N2O) emissions from Power Industry (Energy) (Mt CO2e),EN.GHG.N2O.PI.MT.CE.AR5,0.0014
Sri Lanka,LKA,1991,Nitrous oxide (N2O) emissions from Power Industry (Energy) (Mt CO2e),EN.GHG.N2O.PI.MT.CE.AR5,0.0004
Sri Lanka,LKA,1990,Nitrous oxide (N2O) emissions from Power Industry (Energy) (Mt CO2e),EN.GHG.N2O.PI.MT.CE.AR5,0.0
Sri Lanka,LKA,1989,Nitrous oxide (N2O) emissions from Power Industry (Energy) (Mt CO2e),EN.GHG.N2O.PI.MT.CE.AR5,0.0001
Sri Lanka,LKA,1988,Nitrous oxide (N2O) emissions from Power Industry (Energy) (Mt CO2e),EN.GHG.N2O.PI.MT.CE.AR5,0.0004
Sri Lanka,LKA,1987,Nitrous oxide (N2O) emissions from Power Industry (Energy) (Mt CO2e),EN.GHG.N2O.PI.MT.CE.AR5,0.001
Sri Lanka,LKA,1986,Nitrous oxide (N2O) emissions from Power Industry (Energy) (Mt CO2e),EN.GHG.N2O.PI.MT.CE.AR5,0.0
Sri Lanka,LKA,1985,Nitrous oxide (N2O) emissions from Power Industry (Energy) (Mt CO2e),EN.GHG.N2O.PI.MT.CE.AR5,0.0001
Sri Lanka,LKA,1984,Nitrous oxide (N2O) emissions from Power Industry (Energy) (Mt CO2e),EN.GHG.N2O.PI.MT.CE.AR5,0.0004
Sri Lanka,LKA,1983,Nitrous oxide (N2O) emissions from Power Industry (Energy) (Mt CO2e),EN.GHG.N2O.PI.MT.CE.AR5,0.0019
Sri Lanka,LKA,1982,Nitrous oxide (N2O) emissions from Power Industry (Energy) (Mt CO2e),EN.GHG.N2O.PI.MT.CE.AR5,0.001
Sri Lanka,LKA,1981,Nitrous oxide (N2O) emissions from Power Industry (Energy) (Mt CO2e),EN.GHG.N2O.PI.MT.CE.AR5,0.0006
Sri Lanka,LKA,1980,Nitrous oxide (N2O) emissions from Power Industry (Energy) (Mt CO2e),EN.GHG.N2O.PI.MT.CE.AR5,0.0006
Sri Lanka,LKA,1979,Nitrous oxide (N2O) emissions from Power Industry (Energy) (Mt CO2e),EN.GHG.N2O.PI.MT.CE.AR5,0.0002
Sri Lanka,LKA,1978,Nitrous oxide (N2O) emissions from Power Industry (Energy) (Mt CO2e),EN.GHG.N2O.PI.MT.CE.AR5,0.0
Sri Lanka,LKA,1977,Nitrous oxide (N2O) emissions from Power Industry (Energy) (Mt CO2e),EN.GHG.N2O.PI.MT.CE.AR5,0.0001
Sri Lanka,LKA,1976,Nitrous oxide (N2O) emissions from Power Industry (Energy) (Mt CO2e),EN.GHG.N2O.PI.MT.CE.AR5,0.0001
Sri Lanka,LKA,1975,Nitrous oxide (N2O) emissions from Power Industry (Energy) (Mt CO2e),EN.GHG.N2O.PI.MT.CE.AR5,0.0001
Sri Lanka,LKA,1974,Nitrous oxide (N2O) emissions from Power Industry (Energy) (Mt CO2e),EN.GHG.N2O.PI.MT.CE.AR5,0.0001
Sri Lanka,LKA,1973,Nitrous oxide (N2O) emissions from Power Industry (Energy) (Mt CO2e),EN.GHG.N2O.PI.MT.CE.AR5,0.0004
Sri Lanka,LKA,1972,Nitrous oxide (N2O) emissions from Power Industry (Energy) (Mt CO2e),EN.GHG.N2O.PI.MT.CE.AR5,0.0002
Sri Lanka,LKA,1971,Nitrous oxide (N2O) emissions from Power Industry (Energy) (Mt CO2e),EN.GHG.N2O.PI.MT.CE.AR5,0.0001
Sri Lanka,LKA,1970,Nitrous oxide (N2O) emissions from Power Industry (Energy) (Mt CO2e),EN.GHG.N2O.PI.MT.CE.AR5,0.0001
Sri Lanka,LKA,2023,Nitrous oxide (N2O) emissions from Transport (Energy) (Mt CO2e),EN.GHG.N2O.TR.MT.CE.AR5,0.1385
Sri Lanka,LKA,2022,Nitrous oxide (N2O) emissions from Transport (Energy) (Mt CO2e),EN.GHG.N2O.TR.MT.CE.AR5,0.1261
Sri Lanka,LKA,2021,Nitrous oxide (N2O) emissions from Transport (Energy) (Mt CO2e),EN.GHG.N2O.TR.MT.CE.AR5,0.1503
Sri Lanka,LKA,2020,Nitrous oxide (N2O) emissions from Transport (Energy) (Mt CO2e),EN.GHG.N2O.TR.MT.CE.AR5,0.1299
Sri Lanka,LKA,2019,Nitrous oxide (N2O) emissions from Transport (Energy) (Mt CO2e),EN.GHG.N2O.TR.MT.CE.AR5,0.1514
Sri Lanka,LKA,2018,Nitrous oxide (N2O) emissions from Transport (Energy) (Mt CO2e),EN.GHG.N2O.TR.MT.CE.AR5,0.1489
Sri Lanka,LKA,2017,Nitrous oxide (N2O) emissions from Transport (Energy) (Mt CO2e),EN.GHG.N2O.TR.MT.CE.AR5,0.156
Sri Lanka,LKA,2016,Nitrous oxide (N2O) emissions from Transport (Energy) (Mt CO2e),EN.GHG.N2O.TR.MT.CE.AR5,0.1783
Sri Lanka,LKA,2015,Nitrous oxide (N2O) emissions from Transport (Energy) (Mt CO2e),EN.GHG.N2O.TR.MT.CE.AR5,0.1674
Sri Lanka,LKA,2014,Nitrous oxide (N2O) emissions from Transport (Energy) (Mt CO2e),EN.GHG.N2O.TR.MT.CE.AR5,0.1524
Sri Lanka,LKA,2013,Nitrous oxide (N2O) emissions from Transport (Energy) (Mt CO2e),EN.GHG.N2O.TR.MT.CE.AR5,0.1463
Sri Lanka,LKA,2012,Nitrous oxide (N2O) emissions from Transport (Energy) (Mt CO2e),EN.GHG.N2O.TR.MT.CE.AR5,0.1442
Sri Lanka,LKA,2011,Nitrous oxide (N2O) emissions from Transport (Energy) (Mt CO2e),EN.GHG.N2O.TR.MT.CE.AR5,0.1455
Sri Lanka,LKA,2010,Nitrous oxide (N2O) emissions from Transport (Energy) (Mt CO2e),EN.GHG.N2O.TR.MT.CE.AR5,0.1426
Sri Lanka,LKA,2009,Nitrous oxide (N2O) emissions from Transport (Energy) (Mt CO2e),EN.GHG.N2O.TR.MT.CE.AR5,0.1056
Sri Lanka,LKA,2008,Nitrous oxide (N2O) emissions from Transport (Energy) (Mt CO2e),EN.GHG.N2O.TR.MT.CE.AR5,0.1215
Sri Lanka,LKA,2007,Nitrous oxide (N2O) emissions from Transport (Energy) (Mt CO2e),EN.GHG.N2O.TR.MT.CE.AR5,0.1327
Sri Lanka,LKA,2006,Nitrous oxide (N2O) emissions from Transport (Energy) (Mt CO2e),EN.GHG.N2O.TR.MT.CE.AR5,0.1163
Sri Lanka,LKA,2005,Nitrous oxide (N2O) emissions from Transport (Energy) (Mt CO2e),EN.GHG.N2O.TR.MT.CE.AR5,0.1234
Sri Lanka,LKA,2004,Nitrous oxide (N2O) emissions from Transport (Energy) (Mt CO2e),EN.GHG.N2O.TR.MT.CE.AR5,0.1186
Sri Lanka,LKA,2003,Nitrous oxide (N2O) emissions from Transport (Energy) (Mt CO2e),EN.GHG.N2O.TR.MT.CE.AR5,0.1135
Sri Lanka,LKA,2002,Nitrous oxide (N2O) emissions from Transport (Energy) (Mt CO2e),EN.GHG.N2O.TR.MT.CE.AR5,0.121
Sri Lanka,LKA,2001,Nitrous oxide (N2O) emissions from Transport (Energy) (Mt CO2e),EN.GHG.N2O.TR.MT.CE.AR5,0.1245
Sri Lanka,LKA,2000,Nitrous oxide (N2O) emissions from Transport (Energy) (Mt CO2e),EN.GHG.N2O.TR.MT.CE.AR5,0.1344
Sri Lanka,LKA,1999,Nitrous oxide (N2O) emissions from Transport (Energy) (Mt CO2e),EN.GHG.N2O.TR.MT.CE.AR5,0.1417
Sri Lanka,LKA,1998,Nitrous oxide (N2O) emissions from Transport (Energy) (Mt CO2e),EN.GHG.N2O.TR.MT.CE.AR5,0.1312
Sri Lanka,LKA,1997,Nitrous oxide (N2O) emissions from Transport (Energy) (Mt CO2e),EN.GHG.N2O.TR.MT.CE.AR5,0.1257
Sri Lanka,LKA,1996,Nitrous oxide (N2O) emissions from Transport (Energy) (Mt CO2e),EN.GHG.N2O.TR.MT.CE.AR5,0.1485
Sri Lanka,LKA,1995,Nitrous oxide (N2O) emissions from Transport (Energy) (Mt CO2e),EN.GHG.N2O.TR.MT.CE.AR5,0.107
Sri Lanka,LKA,1994,Nitrous oxide (N2O) emissions from Transport (Energy) (Mt CO2e),EN.GHG.N2O.TR.MT.CE.AR5,0.102
Sri Lanka,LKA,1993,Nitrous oxide (N2O) emissions from Transport (Energy) (Mt CO2e),EN.GHG.N2O.TR.MT.CE.AR5,0.094
Sri Lanka,LKA,1992,Nitrous oxide (N2O) emissions from Transport (Energy) (Mt CO2e),EN.GHG.N2O.TR.MT.CE.AR5,0.0889
Sri Lanka,LKA,1991,Nitrous oxide (N2O) emissions from Transport (Energy) (Mt CO2e),EN.GHG.N2O.TR.MT.CE.AR5,0.0811
Sri Lanka,LKA,1990,Nitrous oxide (N2O) emissions from Transport (Energy) (Mt CO2e),EN.GHG.N2O.TR.MT.CE.AR5,0.0842
Sri Lanka,LKA,1989,Nitrous oxide (N2O) emissions from Transport (Energy) (Mt CO2e),EN.GHG.N2O.TR.MT.CE.AR5,0.0817
Sri Lanka,LKA,1988,Nitrous oxide (N2O) emissions from Transport (Energy) (Mt CO2e),EN.GHG.N2O.TR.MT.CE.AR5,0.0814
Sri Lanka,LKA,1987,Nitrous oxide (N2O) emissions from Transport (Energy) (Mt CO2e),EN.GHG.N2O.TR.MT.CE.AR5,0.0812
Sri Lanka,LKA,1986,Nitrous oxide (N2O) emissions from Transport (Energy) (Mt CO2e),EN.GHG.N2O.TR.MT.CE.AR5,0.0766
Sri Lanka,LKA,1985,Nitrous oxide (N2O) emissions from Transport (Energy) (Mt CO2e),EN.GHG.N2O.TR.MT.CE.AR5,0.0775
Sri Lanka,LKA,1984,Nitrous oxide (N2O) emissions from Transport (Energy) (Mt CO2e),EN.GHG.N2O.TR.MT.CE.AR5,0.073
Sri Lanka,LKA,1983,Nitrous oxide (N2O) emissions from Transport (Energy) (Mt CO2e),EN.GHG.N2O.TR.MT.CE.AR5,0.0664
Sri Lanka,LKA,1982,Nitrous oxide (N2O) emissions from Transport (Energy) (Mt CO2e),EN.GHG.N2O.TR.MT.CE.AR5,0.0683
Sri Lanka,LKA,1981,Nitrous oxide (N2O) emissions from Transport (Energy) (Mt CO2e),EN.GHG.N2O.TR.MT.CE.AR5,0.0684
Sri Lanka,LKA,1980,Nitrous oxide (N2O) emissions from Transport (Energy) (Mt CO2e),EN.GHG.N2O.TR.MT.CE.AR5,0.0696
Sri Lanka,LKA,1979,Nitrous oxide (N2O) emissions from Transport (Energy) (Mt CO2e),EN.GHG.N2O.TR.MT.CE.AR5,0.0721
Sri Lanka,LKA,1978,Nitrous oxide (N2O) emissions from Transport (Energy) (Mt CO2e),EN.GHG.N2O.TR.MT.CE.AR5,0.0603
Sri Lanka,LKA,1977,Nitrous oxide (N2O) emissions from Transport (Energy) (Mt CO2e),EN.GHG.N2O.TR.MT.CE.AR5,0.0504
Sri Lanka,LKA,1976,Nitrous oxide (N2O) emissions from Transport (Energy) (Mt CO2e),EN.GHG.N2O.TR.MT.CE.AR5,0.0455
Sri Lanka,LKA,1975,Nitrous oxide (N2O) emissions from Transport (Energy) (Mt CO2e),EN.GHG.N2O.TR.MT.CE.AR5,0.0443
Sri Lanka,LKA,1974,Nitrous oxide (N2O) emissions from Transport (Energy) (Mt CO2e),EN.GHG.N2O.TR.MT.CE.AR5,0.0489
Sri Lanka,LKA,1973,Nitrous oxide (N2O) emissions from Transport (Energy) (Mt CO2e),EN.GHG.N2O.TR.MT.CE.AR5,0.0522
Sri Lanka,LKA,1972,Nitrous oxide (N2O) emissions from Transport (Energy) (Mt CO2e),EN.GHG.N2O.TR.MT.CE.AR5,0.0546
Sri Lanka,LKA,1971,Nitrous oxide (N2O) emissions from Transport (Energy) (Mt CO2e),EN.GHG.N2O.TR.MT.CE.AR5,0.0451
Sri Lanka,LKA,1970,Nitrous oxide (N2O) emissions from Transport (Energy) (Mt CO2e),EN.GHG.N2O.TR.MT.CE.AR5,0.0452
Sri Lanka,LKA,2023,Nitrous oxide (N2O) emissions from Waste (Mt CO2e),EN.GHG.N2O.WA.MT.CE.AR5,0.256
Sri Lanka,LKA,2022,Nitrous oxide (N2O) emissions from Waste (Mt CO2e),EN.GHG.N2O.WA.MT.CE.AR5,0.2524
Sri Lanka,LKA,2021,Nitrous oxide (N2O) emissions from Waste (Mt CO2e),EN.GHG.N2O.WA.MT.CE.AR5,0.249
Sri Lanka,LKA,2020,Nitrous oxide (N2O) emissions from Waste (Mt CO2e),EN.GHG.N2O.WA.MT.CE.AR5,0.2461
Sri Lanka,LKA,2019,Nitrous oxide (N2O) emissions from Waste (Mt CO2e),EN.GHG.N2O.WA.MT.CE.AR5,0.2411
Sri Lanka,LKA,2018,Nitrous oxide (N2O) emissions from Waste (Mt CO2e),EN.GHG.N2O.WA.MT.CE.AR5,0.2382
Sri Lanka,LKA,2017,Nitrous oxide (N2O) emissions from Waste (Mt CO2e),EN.GHG.N2O.WA.MT.CE.AR5,0.2349
Sri Lanka,LKA,2016,Nitrous oxide (N2O) emissions from Waste (Mt CO2e),EN.GHG.N2O.WA.MT.CE.AR5,0.2318
Sri Lanka,LKA,2015,Nitrous oxide (N2O) emissions from Waste (Mt CO2e),EN.GHG.N2O.WA.MT.CE.AR5,0.2261
Sri Lanka,LKA,2014,Nitrous oxide (N2O) emissions from Waste (Mt CO2e),EN.GHG.N2O.WA.MT.CE.AR5,0.22
Sri Lanka,LKA,2013,Nitrous oxide (N2O) emissions from Waste (Mt CO2e),EN.GHG.N2O.WA.MT.CE.AR5,0.2129
Sri Lanka,LKA,2012,Nitrous oxide (N2O) emissions from Waste (Mt CO2e),EN.GHG.N2O.WA.MT.CE.AR5,0.2075
Sri Lanka,LKA,2011,Nitrous oxide (N2O) emissions from Waste (Mt CO2e),EN.GHG.N2O.WA.MT.CE.AR5,0.2017
Sri Lanka,LKA,2010,Nitrous oxide (N2O) emissions from Waste (Mt CO2e),EN.GHG.N2O.WA.MT.CE.AR5,0.1952
Sri Lanka,LKA,2009,Nitrous oxide (N2O) emissions from Waste (Mt CO2e),EN.GHG.N2O.WA.MT.CE.AR5,0.1884
Sri Lanka,LKA,2008,Nitrous oxide (N2O) emissions from Waste (Mt CO2e),EN.GHG.N2O.WA.MT.CE.AR5,0.185
Sri Lanka,LKA,2007,Nitrous oxide (N2O) emissions from Waste (Mt CO2e),EN.GHG.N2O.WA.MT.CE.AR5,0.1818
Sri Lanka,LKA,2006,Nitrous oxide (N2O) emissions from Waste (Mt CO2e),EN.GHG.N2O.WA.MT.CE.AR5,0.1781
Sri Lanka,LKA,2005,Nitrous oxide (N2O) emissions from Waste (Mt CO2e),EN.GHG.N2O.WA.MT.CE.AR5,0.1745
Sri Lanka,LKA,2004,Nitrous oxide (N2O) emissions from Waste (Mt CO2e),EN.GHG.N2O.WA.MT.CE.AR5,0.1731
Sri Lanka,LKA,2003,Nitrous oxide (N2O) emissions from Waste (Mt CO2e),EN.GHG.N2O.WA.MT.CE.AR5,0.173
Sri Lanka,LKA,2002,Nitrous oxide (N2O) emissions from Waste (Mt CO2e),EN.GHG.N2O.WA.MT.CE.AR5,0.1703
Sri Lanka,LKA,2001,Nitrous oxide (N2O) emissions from Waste (Mt CO2e),EN.GHG.N2O.WA.MT.CE.AR5,0.1658
Sri Lanka,LKA,2000,Nitrous oxide (N2O) emissions from Waste (Mt CO2e),EN.GHG.N2O.WA.MT.CE.AR5,0.1647
Sri Lanka,LKA,1999,Nitrous oxide (N2O) emissions from Waste (Mt CO2e),EN.GHG.N2O.WA.MT.CE.AR5,0.1659
Sri Lanka,LKA,1998,Nitrous oxide (N2O) emissions from Waste (Mt CO2e),EN.GHG.N2O.WA.MT.CE.AR5,0.165
Sri Lanka,LKA,1997,Nitrous oxide (N2O) emissions from Waste (Mt CO2e),EN.GHG.N2O.WA.MT.CE.AR5,0.1642
Sri Lanka,LKA,1996,Nitrous oxide (N2O) emissions from Waste (Mt CO2e),EN.GHG.N2O.WA.MT.CE.AR5,0.1575
Sri Lanka,LKA,1995,Nitrous oxide (N2O) emissions from Waste (Mt CO2e),EN.GHG.N2O.WA.MT.CE.AR5,0.156
Sri Lanka,LKA,1994,Nitrous oxide (N2O) emissions from Waste (Mt CO2e),EN.GHG.N2O.WA.MT.CE.AR5,0.1517
Sri Lanka,LKA,1993,Nitrous oxide (N2O) emissions from Waste (Mt CO2e),EN.GHG.N2O.WA.MT.CE.AR5,0.1473
Sri Lanka,LKA,1992,Nitrous oxide (N2O) emissions from Waste (Mt CO2e),EN.GHG.N2O.WA.MT.CE.AR5,0.1432
Sri Lanka,LKA,1991,Nitrous oxide (N2O) emissions from Waste (Mt CO2e),EN.GHG.N2O.WA.MT.CE.AR5,0.1412
Sri Lanka,LKA,1990,Nitrous oxide (N2O) emissions from Waste (Mt CO2e),EN.GHG.N2O.WA.MT.CE.AR5,0.1395
Sri Lanka,LKA,1989,Nitrous oxide (N2O) emissions from Waste (Mt CO2e),EN.GHG.N2O.WA.MT.CE.AR5,0.1317
Sri Lanka,LKA,1988,Nitrous oxide (N2O) emissions from Waste (Mt CO2e),EN.GHG.N2O.WA.MT.CE.AR5,0.1352
Sri Lanka,LKA,1987,Nitrous oxide (N2O) emissions from Waste (Mt CO2e),EN.GHG.N2O.WA.MT.CE.AR5,0.133
Sri Lanka,LKA,1986,Nitrous oxide (N2O) emissions from Waste (Mt CO2e),EN.GHG.N2O.WA.MT.CE.AR5,0.1282
Sri Lanka,LKA,1985,Nitrous oxide (N2O) emissions from Waste (Mt CO2e),EN.GHG.N2O.WA.MT.CE.AR5,0.1261
Sri Lanka,LKA,1984,Nitrous oxide (N2O) emissions from Waste (Mt CO2e),EN.GHG.N2O.WA.MT.CE.AR5,0.1268
Sri Lanka,LKA,1983,Nitrous oxide (N2O) emissions from Waste (Mt CO2e),EN.GHG.N2O.WA.MT.CE.AR5,0.1223
Sri Lanka,LKA,1982,Nitrous oxide (N2O) emissions from Waste (Mt CO2e),EN.GHG.N2O.WA.MT.CE.AR5,0.1205
Sri Lanka,LKA,1981,Nitrous oxide (N2O) emissions from Waste (Mt CO2e),EN.GHG.N2O.WA.MT.CE.AR5,0.1138
Sri Lanka,LKA,1980,Nitrous oxide (N2O) emissions from Waste (Mt CO2e),EN.GHG.N2O.WA.MT.CE.AR5,0.112
Sri Lanka,LKA,1979,Nitrous oxide (N2O) emissions from Waste (Mt CO2e),EN.GHG.N2O.WA.MT.CE.AR5,0.1127
Sri Lanka,LKA,1978,Nitrous oxide (N2O) emissions from Waste (Mt CO2e),EN.GHG.N2O.WA.MT.CE.AR5,0.1133
Sri Lanka,LKA,1977,Nitrous oxide (N2O) emissions from Waste (Mt CO2e),EN.GHG.N2O.WA.MT.CE.AR5,0.1092
Sri Lanka,LKA,1976,Nitrous oxide (N2O) emissions from Waste (Mt CO2e),EN.GHG.N2O.WA.MT.CE.AR5,0.0982
Sri Lanka,LKA,1975,Nitrous oxide (N2O) emissions from Waste (Mt CO2e),EN.GHG.N2O.WA.MT.CE.AR5,0.101
Sri Lanka,LKA,1974,Nitrous oxide (N2O) emissions from Waste (Mt CO2e),EN.GHG.N2O.WA.MT.CE.AR5,0.097
Sri Lanka,LKA,1973,Nitrous oxide (N2O) emissions from Waste (Mt CO2e),EN.GHG.N2O.WA.MT.CE.AR5,0.0952
Sri Lanka,LKA,1972,Nitrous oxide (N2O) emissions from Waste (Mt CO2e),EN.GHG.N2O.WA.MT.CE.AR5,0.0976
Sri Lanka,LKA,1971,Nitrous oxide (N2O) emissions from Waste (Mt CO2e),EN.GHG.N2O.WA.MT.CE.AR5,0.0915
Sri Lanka,LKA,1970,Nitrous oxide (N2O) emissions from Waste (Mt CO2e),EN.GHG.N2O.WA.MT.CE.AR5,0.0957
Sri Lanka,LKA,2023,Nitrous oxide (N2O) emissions (total) excluding LULUCF (% change from 1990),EN.GHG.N2O.ZG.AR5,-0.0701262272089775
Sri Lanka,LKA,2022,Nitrous oxide (N2O) emissions (total) excluding LULUCF (% change from 1990),EN.GHG.N2O.ZG.AR5,1.60015300267755
Sri Lanka,LKA,2021,Nitrous oxide (N2O) emissions (total) excluding LULUCF (% change from 1990),EN.GHG.N2O.ZG.AR5,8.78490373581537
Sri Lanka,LKA,2020,Nitrous oxide (N2O) emissions (total) excluding LULUCF (% change from 1990),EN.GHG.N2O.ZG.AR5,33.8582175188066
Sri Lanka,LKA,2019,Nitrous oxide (N2O) emissions (total) excluding LULUCF (% change from 1990),EN.GHG.N2O.ZG.AR5,10.8886905520847
Sri Lanka,LKA,2018,Nitrous oxide (N2O) emissions (total) excluding LULUCF (% change from 1990),EN.GHG.N2O.ZG.AR5,21.222746398062
Sri Lanka,LKA,2017,Nitrous oxide (N2O) emissions (total) excluding LULUCF (% change from 1990),EN.GHG.N2O.ZG.AR5,14.3440010200178
Sri Lanka,LKA,2016,Nitrous oxide (N2O) emissions (total) excluding LULUCF (% change from 1990),EN.GHG.N2O.ZG.AR5,25.9530791788856
Sri Lanka,LKA,2015,Nitrous oxide (N2O) emissions (total) excluding LULUCF (% change from 1990),EN.GHG.N2O.ZG.AR5,57.5927578732628
Sri Lanka,LKA,2014,Nitrous oxide (N2O) emissions (total) excluding LULUCF (% change from 1990),EN.GHG.N2O.ZG.AR5,41.7506056355986
Sri Lanka,LKA,2013,Nitrous oxide (N2O) emissions (total) excluding LULUCF (% change from 1990),EN.GHG.N2O.ZG.AR5,34.0749713119979
Sri Lanka,LKA,2012,Nitrous oxide (N2O) emissions (total) excluding LULUCF (% change from 1990),EN.GHG.N2O.ZG.AR5,33.6605890603086
Sri Lanka,LKA,2011,Nitrous oxide (N2O) emissions (total) excluding LULUCF (% change from 1990),EN.GHG.N2O.ZG.AR5,35.075863827617
Sri Lanka,LKA,2010,Nitrous oxide (N2O) emissions (total) excluding LULUCF (% change from 1990),EN.GHG.N2O.ZG.AR5,34.7252326915721
Sri Lanka,LKA,2009,Nitrous oxide (N2O) emissions (total) excluding LULUCF (% change from 1990),EN.GHG.N2O.ZG.AR5,27.5277317353054
Sri Lanka,LKA,2008,Nitrous oxide (N2O) emissions (total) excluding LULUCF (% change from 1990),EN.GHG.N2O.ZG.AR5,26.7435930128777
Sri Lanka,LKA,2007,Nitrous oxide (N2O) emissions (total) excluding LULUCF (% change from 1990),EN.GHG.N2O.ZG.AR5,18.2328190743338
Sri Lanka,LKA,2006,Nitrous oxide (N2O) emissions (total) excluding LULUCF (% change from 1990),EN.GHG.N2O.ZG.AR5,17.2574270049726
Sri Lanka,LKA,2005,Nitrous oxide (N2O) emissions (total) excluding LULUCF (% change from 1990),EN.GHG.N2O.ZG.AR5,17.0087976539589
Sri Lanka,LKA,2004,Nitrous oxide (N2O) emissions (total) excluding LULUCF (% change from 1990),EN.GHG.N2O.ZG.AR5,19.6417187300778
Sri Lanka,LKA,2003,Nitrous oxide (N2O) emissions (total) excluding LULUCF (% change from 1990),EN.GHG.N2O.ZG.AR5,16.3776616090781
Sri Lanka,LKA,2002,Nitrous oxide (N2O) emissions (total) excluding LULUCF (% change from 1990),EN.GHG.N2O.ZG.AR5,20.3621063368609
Sri Lanka,LKA,2001,Nitrous oxide (N2O) emissions (total) excluding LULUCF (% change from 1990),EN.GHG.N2O.ZG.AR5,19.4185898253219
Sri Lanka,LKA,2000,Nitrous oxide (N2O) emissions (total) excluding LULUCF (% change from 1990),EN.GHG.N2O.ZG.AR5,21.0888690552085
Sri Lanka,LKA,1999,Nitrous oxide (N2O) emissions (total) excluding LULUCF (% change from 1990),EN.GHG.N2O.ZG.AR5,21.4650006375112
Sri Lanka,LKA,1998,Nitrous oxide (N2O) emissions (total) excluding LULUCF (% change from 1990),EN.GHG.N2O.ZG.AR5,11.3476985847252
Sri Lanka,LKA,1997,Nitrous oxide (N2O) emissions (total) excluding LULUCF (% change from 1990),EN.GHG.N2O.ZG.AR5,14.6117557057249
Sri Lanka,LKA,1996,Nitrous oxide (N2O) emissions (total) excluding LULUCF (% change from 1990),EN.GHG.N2O.ZG.AR5,14.3950019125335
Sri Lanka,LKA,1995,Nitrous oxide (N2O) emissions (total) excluding LULUCF (% change from 1990),EN.GHG.N2O.ZG.AR5,8.63190105826852
Sri Lanka,LKA,1994,Nitrous oxide (N2O) emissions (total) excluding LULUCF (% change from 1990),EN.GHG.N2O.ZG.AR5,11.0353181180671
Sri Lanka,LKA,1993,Nitrous oxide (N2O) emissions (total) excluding LULUCF (% change from 1990),EN.GHG.N2O.ZG.AR5,7.89238811679205
Sri Lanka,LKA,1992,Nitrous oxide (N2O) emissions (total) excluding LULUCF (% change from 1990),EN.GHG.N2O.ZG.AR5,3.19393089379065
Sri Lanka,LKA,1991,Nitrous oxide (N2O) emissions (total) excluding LULUCF (% change from 1990),EN.GHG.N2O.ZG.AR5,-3.00905265842152
Sri Lanka,LKA,2023,Total greenhouse gas emissions excluding LULUCF (% change from 1990),EN.GHG.TOT.ZG.AR5,82.0749752279268
Sri Lanka,LKA,2022,Total greenhouse gas emissions excluding LULUCF (% change from 1990),EN.GHG.TOT.ZG.AR5,78.6121001502918
Sri Lanka,LKA,2021,Total greenhouse gas emissions excluding LULUCF (% change from 1990),EN.GHG.TOT.ZG.AR5,92.3616675279604
Sri Lanka,LKA,2020,Total greenhouse gas emissions excluding LULUCF (% change from 1990),EN.GHG.TOT.ZG.AR5,88.6783328513249
Sri Lanka,LKA,2019,Total greenhouse gas emissions excluding LULUCF (% change from 1990),EN.GHG.TOT.ZG.AR5,90.8815065213372
Sri Lanka,LKA,2018,Total greenhouse gas emissions excluding LULUCF (% change from 1990),EN.GHG.TOT.ZG.AR5,84.9253044950053
Sri Lanka,LKA,2017,Total greenhouse gas emissions excluding LULUCF (% change from 1990),EN.GHG.TOT.ZG.AR5,81.2903286981505
Sri Lanka,LKA,2016,Total greenhouse gas emissions excluding LULUCF (% change from 1990),EN.GHG.TOT.ZG.AR5,94.7028062373473
Sri Lanka,LKA,2015,Total greenhouse gas emissions excluding LULUCF (% change from 1990),EN.GHG.TOT.ZG.AR5,82.5021453326569
Sri Lanka,LKA,2014,Total greenhouse gas emissions excluding LULUCF (% change from 1990),EN.GHG.TOT.ZG.AR5,60.726900338038
Sri Lanka,LKA,2013,Total greenhouse gas emissions excluding LULUCF (% change from 1990),EN.GHG.TOT.ZG.AR5,57.2673440070547
Sri Lanka,LKA,2012,Total greenhouse gas emissions excluding LULUCF (% change from 1990),EN.GHG.TOT.ZG.AR5,67.9371144920184
Sri Lanka,LKA,2011,Total greenhouse gas emissions excluding LULUCF (% change from 1990),EN.GHG.TOT.ZG.AR5,58.6612176007358
Sri Lanka,LKA,2010,Total greenhouse gas emissions excluding LULUCF (% change from 1990),EN.GHG.TOT.ZG.AR5,47.5429422111387
Sri Lanka,LKA,2009,Total greenhouse gas emissions excluding LULUCF (% change from 1990),EN.GHG.TOT.ZG.AR5,37.6559218292931
Sri Lanka,LKA,2008,Total greenhouse gas emissions excluding LULUCF (% change from 1990),EN.GHG.TOT.ZG.AR5,44.2867776392333
Sri Lanka,LKA,2007,Total greenhouse gas emissions excluding LULUCF (% change from 1990),EN.GHG.TOT.ZG.AR5,38.2770015598109
Sri Lanka,LKA,2006,Total greenhouse gas emissions excluding LULUCF (% change from 1990),EN.GHG.TOT.ZG.AR5,36.6361183939162
Sri Lanka,LKA,2005,Total greenhouse gas emissions excluding LULUCF (% change from 1990),EN.GHG.TOT.ZG.AR5,42.2827287683183
Sri Lanka,LKA,2004,Total greenhouse gas emissions excluding LULUCF (% change from 1990),EN.GHG.TOT.ZG.AR5,29.2808276005936
Sri Lanka,LKA,2003,Total greenhouse gas emissions excluding LULUCF (% change from 1990),EN.GHG.TOT.ZG.AR5,33.0788960900423
Sri Lanka,LKA,2002,Total greenhouse gas emissions excluding LULUCF (% change from 1990),EN.GHG.TOT.ZG.AR5,25.1086889528406
Sri Lanka,LKA,2001,Total greenhouse gas emissions excluding LULUCF (% change from 1990),EN.GHG.TOT.ZG.AR5,20.891036065294
Sri Lanka,LKA,2000,Total greenhouse gas emissions excluding LULUCF (% change from 1990),EN.GHG.TOT.ZG.AR5,23.8466170118953
Sri Lanka,LKA,1999,Total greenhouse gas emissions excluding LULUCF (% change from 1990),EN.GHG.TOT.ZG.AR5,18.7144123684946
Sri Lanka,LKA,1998,Total greenhouse gas emissions excluding LULUCF (% change from 1990),EN.GHG.TOT.ZG.AR5,10.0614916343879
Sri Lanka,LKA,1997,Total greenhouse gas emissions excluding LULUCF (% change from 1990),EN.GHG.TOT.ZG.AR5,12.0124405588769
Sri Lanka,LKA,1996,Total greenhouse gas emissions excluding LULUCF (% change from 1990),EN.GHG.TOT.ZG.AR5,11.8014630931667
Sri Lanka,LKA,1995,Total greenhouse gas emissions excluding LULUCF (% change from 1990),EN.GHG.TOT.ZG.AR5,8.88191425306863
Sri Lanka,LKA,1994,Total greenhouse gas emissions excluding LULUCF (% change from 1990),EN.GHG.TOT.ZG.AR5,9.89792483512939
Sri Lanka,LKA,1993,Total greenhouse gas emissions excluding LULUCF (% change from 1990),EN.GHG.TOT.ZG.AR5,3.01674070632409
Sri Lanka,LKA,1992,Total greenhouse gas emissions excluding LULUCF (% change from 1990),EN.GHG.TOT.ZG.AR5,1.40620036695855
Sri Lanka,LKA,1991,Total greenhouse gas emissions excluding LULUCF (% change from 1990),EN.GHG.TOT.ZG.AR5,-3.8781925157522
Sri Lanka,LKA,2018,"Plant species (higher), threatened",EN.HPT.THRD.NO,297.0
Sri Lanka,LKA,2018,"Mammal species, threatened",EN.MAM.THRD.NO,30.0
Sri Lanka,LKA,2015,Rural population living in areas where elevation is below 5 meters (% of total population),EN.POP.EL5M.RU.ZS,1.46226732489724
Sri Lanka,LKA,2000,Rural population living in areas where elevation is below 5 meters (% of total population),EN.POP.EL5M.RU.ZS,1.51924661403655
Sri Lanka,LKA,1990,Rural population living in areas where elevation is below 5 meters (% of total population),EN.POP.EL5M.RU.ZS,1.68480477566835
Sri Lanka,LKA,2015,Urban population living in areas where elevation is below 5 meters (% of total population),EN.POP.EL5M.UR.ZS,2.37042769644117
Sri Lanka,LKA,2000,Urban population living in areas where elevation is below 5 meters (% of total population),EN.POP.EL5M.UR.ZS,2.39952463033443
Sri Lanka,LKA,1990,Urban population living in areas where elevation is below 5 meters (% of total population),EN.POP.EL5M.UR.ZS,2.32162856852562
Sri Lanka,LKA,2015,Population living in areas where elevation is below 5 meters (% of total population),EN.POP.EL5M.ZS,3.83269502133841
Sri Lanka,LKA,2000,Population living in areas where elevation is below 5 meters (% of total population),EN.POP.EL5M.ZS,3.91877124437098
Sri Lanka,LKA,1990,Population living in areas where elevation is below 5 meters (% of total population),EN.POP.EL5M.ZS,4.00643334419397
Sri Lanka,LKA,2022,Aquaculture production (metric tons),ER.FSH.AQUA.MT,59080.29
Sri Lanka,LKA,2021,Aquaculture production (metric tons),ER.FSH.AQUA.MT,50977.22
Sri Lanka,LKA,2020,Aquaculture production (metric tons),ER.FSH.AQUA.MT,42118.9
Sri Lanka,LKA,2019,Aquaculture production (metric tons),ER.FSH.AQUA.MT,34087.49
Sri Lanka,LKA,2018,Aquaculture production (metric tons),ER.FSH.AQUA.MT,30921.46
Sri Lanka,LKA,2017,Aquaculture production (metric tons),ER.FSH.AQUA.MT,28756.16
Sri Lanka,LKA,2016,Aquaculture production (metric tons),ER.FSH.AQUA.MT,30974.22
Sri Lanka,LKA,2015,Aquaculture production (metric tons),ER.FSH.AQUA.MT,36037.75
Sri Lanka,LKA,2014,Aquaculture production (metric tons),ER.FSH.AQUA.MT,34220.3
Sri Lanka,LKA,2013,Aquaculture production (metric tons),ER.FSH.AQUA.MT,30881.3
Sri Lanka,LKA,2012,Aquaculture production (metric tons),ER.FSH.AQUA.MT,8839.76
Sri Lanka,LKA,2011,Aquaculture production (metric tons),ER.FSH.AQUA.MT,11912.22
Sri Lanka,LKA,2010,Aquaculture production (metric tons),ER.FSH.AQUA.MT,8058.14
Sri Lanka,LKA,2009,Aquaculture production (metric tons),ER.FSH.AQUA.MT,7548.68
Sri Lanka,LKA,2008,Aquaculture production (metric tons),ER.FSH.AQUA.MT,7474.0
Sri Lanka,LKA,2007,Aquaculture production (metric tons),ER.FSH.AQUA.MT,8233.0
Sri Lanka,LKA,2006,Aquaculture production (metric tons),ER.FSH.AQUA.MT,5652.0
Sri Lanka,LKA,2005,Aquaculture production (metric tons),ER.FSH.AQUA.MT,4304.0
Sri Lanka,LKA,2004,Aquaculture production (metric tons),ER.FSH.AQUA.MT,4003.0
Sri Lanka,LKA,2003,Aquaculture production (metric tons),ER.FSH.AQUA.MT,3462.0
Sri Lanka,LKA,2002,Aquaculture production (metric tons),ER.FSH.AQUA.MT,2651.0
Sri Lanka,LKA,2001,Aquaculture production (metric tons),ER.FSH.AQUA.MT,3610.0
Sri Lanka,LKA,2000,Aquaculture production (metric tons),ER.FSH.AQUA.MT,4420.0
Sri Lanka,LKA,1999,Aquaculture production (metric tons),ER.FSH.AQUA.MT,3900.0
Sri Lanka,LKA,1998,Aquaculture production (metric tons),ER.FSH.AQUA.MT,6570.0
Sri Lanka,LKA,1997,Aquaculture production (metric tons),ER.FSH.AQUA.MT,3680.0
Sri Lanka,LKA,1996,Aquaculture production (metric tons),ER.FSH.AQUA.MT,3632.0
Sri Lanka,LKA,1995,Aquaculture production (metric tons),ER.FSH.AQUA.MT,3359.0
Sri Lanka,LKA,1994,Aquaculture production (metric tons),ER.FSH.AQUA.MT,3130.0
Sri Lanka,LKA,1993,Aquaculture production (metric tons),ER.FSH.AQUA.MT,2530.0
Sri Lanka,LKA,1992,Aquaculture production (metric tons),ER.FSH.AQUA.MT,2030.0
Sri Lanka,LKA,1991,Aquaculture production (metric tons),ER.FSH.AQUA.MT,1530.0
Sri Lanka,LKA,1990,Aquaculture production (metric tons),ER.FSH.AQUA.MT,1030.0
Sri Lanka,LKA,1989,Aquaculture production (metric tons),ER.FSH.AQUA.MT,730.0
Sri Lanka,LKA,1988,Aquaculture production (metric tons),ER.FSH.AQUA.MT,699.0
Sri Lanka,LKA,1987,Aquaculture production (metric tons),ER.FSH.AQUA.MT,530.0
Sri Lanka,LKA,1986,Aquaculture production (metric tons),ER.FSH.AQUA.MT,430.0
Sri Lanka,LKA,1985,Aquaculture production (metric tons),ER.FSH.AQUA.MT,280.0
Sri Lanka,LKA,1984,Aquaculture production (metric tons),ER.FSH.AQUA.MT,40.0
Sri Lanka,LKA,1983,Aquaculture production (metric tons),ER.FSH.AQUA.MT,70.0
Sri Lanka,LKA,1982,Aquaculture production (metric tons),ER.FSH.AQUA.MT,56.0
Sri Lanka,LKA,1981,Aquaculture production (metric tons),ER.FSH.AQUA.MT,47.0
Sri Lanka,LKA,1980,Aquaculture production (metric tons),ER.FSH.AQUA.MT,31.0
Sri Lanka,LKA,1979,Aquaculture production (metric tons),ER.FSH.AQUA.MT,27.0
Sri Lanka,LKA,1978,Aquaculture production (metric tons),ER.FSH.AQUA.MT,24.0
Sri Lanka,LKA,1977,Aquaculture production (metric tons),ER.FSH.AQUA.MT,20.0
Sri Lanka,LKA,1976,Aquaculture production (metric tons),ER.FSH.AQUA.MT,20.0
Sri Lanka,LKA,1975,Aquaculture production (metric tons),ER.FSH.AQUA.MT,20.0
Sri Lanka,LKA,1974,Aquaculture production (metric tons),ER.FSH.AQUA.MT,20.0
Sri Lanka,LKA,1973,Aquaculture production (metric tons),ER.FSH.AQUA.MT,20.0
Sri Lanka,LKA,1972,Aquaculture production (metric tons),ER.FSH.AQUA.MT,10.0
Sri Lanka,LKA,1971,Aquaculture production (metric tons),ER.FSH.AQUA.MT,5.0
Sri Lanka,LKA,1970,Aquaculture production (metric tons),ER.FSH.AQUA.MT,0.0
Sri Lanka,LKA,1969,Aquaculture production (metric tons),ER.FSH.AQUA.MT,0.0
Sri Lanka,LKA,1968,Aquaculture production (metric tons),ER.FSH.AQUA.MT,0.0
Sri Lanka,LKA,1967,Aquaculture production (metric tons),ER.FSH.AQUA.MT,0.0
Sri Lanka,LKA,1966,Aquaculture production (metric tons),ER.FSH.AQUA.MT,0.0
Sri Lanka,LKA,1965,Aquaculture production (metric tons),ER.FSH.AQUA.MT,0.0
Sri Lanka,LKA,1964,Aquaculture production (metric tons),ER.FSH.AQUA.MT,0.0
Sri Lanka,LKA,1963,Aquaculture production (metric tons),ER.FSH.AQUA.MT,0.0
Sri Lanka,LKA,1962,Aquaculture production (metric tons),ER.FSH.AQUA.MT,0.0
Sri Lanka,LKA,1961,Aquaculture production (metric tons),ER.FSH.AQUA.MT,0.0
Sri Lanka,LKA,1960,Aquaculture production (metric tons),ER.FSH.AQUA.MT,0.0
Sri Lanka,LKA,2022,Capture fisheries production (metric tons),ER.FSH.CAPT.MT,332622.7
Sri Lanka,LKA,2021,Capture fisheries production (metric tons),ER.FSH.CAPT.MT,372451.54
Sri Lanka,LKA,2020,Capture fisheries production (metric tons),ER.FSH.CAPT.MT,382486.8
Sri Lanka,LKA,2019,Capture fisheries production (metric tons),ER.FSH.CAPT.MT,471714.3
Sri Lanka,LKA,2018,Capture fisheries production (metric tons),ER.FSH.CAPT.MT,479279.73
Sri Lanka,LKA,2017,Capture fisheries production (metric tons),ER.FSH.CAPT.MT,472900.47
Sri Lanka,LKA,2016,Capture fisheries production (metric tons),ER.FSH.CAPT.MT,486425.38
Sri Lanka,LKA,2015,Capture fisheries production (metric tons),ER.FSH.CAPT.MT,467464.25
Sri Lanka,LKA,2014,Capture fisheries production (metric tons),ER.FSH.CAPT.MT,493496.68
Sri Lanka,LKA,2013,Capture fisheries production (metric tons),ER.FSH.CAPT.MT,461229.6
Sri Lanka,LKA,2012,Capture fisheries production (metric tons),ER.FSH.CAPT.MT,450850.61
Sri Lanka,LKA,2011,Capture fisheries production (metric tons),ER.FSH.CAPT.MT,421764.7
Sri Lanka,LKA,2010,Capture fisheries production (metric tons),ER.FSH.CAPT.MT,390187.0
Sri Lanka,LKA,2009,Capture fisheries production (metric tons),ER.FSH.CAPT.MT,336942.0
Sri Lanka,LKA,2008,Capture fisheries production (metric tons),ER.FSH.CAPT.MT,323888.0
Sri Lanka,LKA,2007,Capture fisheries production (metric tons),ER.FSH.CAPT.MT,304903.0
Sri Lanka,LKA,2006,Capture fisheries production (metric tons),ER.FSH.CAPT.MT,278603.0
Sri Lanka,LKA,2005,Capture fisheries production (metric tons),ER.FSH.CAPT.MT,216663.0
Sri Lanka,LKA,2004,Capture fisheries production (metric tons),ER.FSH.CAPT.MT,332854.4
Sri Lanka,LKA,2003,Capture fisheries production (metric tons),ER.FSH.CAPT.MT,319759.2
Sri Lanka,LKA,2002,Capture fisheries production (metric tons),ER.FSH.CAPT.MT,272602.0
Sri Lanka,LKA,2001,Capture fisheries production (metric tons),ER.FSH.CAPT.MT,267550.0
Sri Lanka,LKA,2000,Capture fisheries production (metric tons),ER.FSH.CAPT.MT,296749.6
Sri Lanka,LKA,1999,Capture fisheries production (metric tons),ER.FSH.CAPT.MT,310172.7
Sri Lanka,LKA,1998,Capture fisheries production (metric tons),ER.FSH.CAPT.MT,283119.86
Sri Lanka,LKA,1997,Capture fisheries production (metric tons),ER.FSH.CAPT.MT,270506.84
Sri Lanka,LKA,1996,Capture fisheries production (metric tons),ER.FSH.CAPT.MT,260186.31
Sri Lanka,LKA,1995,Capture fisheries production (metric tons),ER.FSH.CAPT.MT,234526.92
Sri Lanka,LKA,1994,Capture fisheries production (metric tons),ER.FSH.CAPT.MT,245586.67
Sri Lanka,LKA,1993,Capture fisheries production (metric tons),ER.FSH.CAPT.MT,229670.89
Sri Lanka,LKA,1992,Capture fisheries production (metric tons),ER.FSH.CAPT.MT,204433.08
Sri Lanka,LKA,1991,Capture fisheries production (metric tons),ER.FSH.CAPT.MT,210271.0
Sri Lanka,LKA,1990,Capture fisheries production (metric tons),ER.FSH.CAPT.MT,182893.0
Sri Lanka,LKA,1989,Capture fisheries production (metric tons),ER.FSH.CAPT.MT,219756.0
Sri Lanka,LKA,1988,Capture fisheries production (metric tons),ER.FSH.CAPT.MT,204875.0
Sri Lanka,LKA,1987,Capture fisheries production (metric tons),ER.FSH.CAPT.MT,186624.0
Sri Lanka,LKA,1986,Capture fisheries production (metric tons),ER.FSH.CAPT.MT,183568.0
Sri Lanka,LKA,1985,Capture fisheries production (metric tons),ER.FSH.CAPT.MT,177379.0
Sri Lanka,LKA,1984,Capture fisheries production (metric tons),ER.FSH.CAPT.MT,162462.0
Sri Lanka,LKA,1983,Capture fisheries production (metric tons),ER.FSH.CAPT.MT,205430.0
Sri Lanka,LKA,1982,Capture fisheries production (metric tons),ER.FSH.CAPT.MT,201183.0
Sri Lanka,LKA,1981,Capture fisheries production (metric tons),ER.FSH.CAPT.MT,201904.0
Sri Lanka,LKA,1980,Capture fisheries production (metric tons),ER.FSH.CAPT.MT,183416.0
Sri Lanka,LKA,1979,Capture fisheries production (metric tons),ER.FSH.CAPT.MT,164763.0
Sri Lanka,LKA,1978,Capture fisheries production (metric tons),ER.FSH.CAPT.MT,156083.0
Sri Lanka,LKA,1977,Capture fisheries production (metric tons),ER.FSH.CAPT.MT,136145.0
Sri Lanka,LKA,1976,Capture fisheries production (metric tons),ER.FSH.CAPT.MT,131643.0
Sri Lanka,LKA,1975,Capture fisheries production (metric tons),ER.FSH.CAPT.MT,109215.0
Sri Lanka,LKA,1974,Capture fisheries production (metric tons),ER.FSH.CAPT.MT,100469.0
Sri Lanka,LKA,1973,Capture fisheries production (metric tons),ER.FSH.CAPT.MT,96528.0
Sri Lanka,LKA,1972,Capture fisheries production (metric tons),ER.FSH.CAPT.MT,91867.0
Sri Lanka,LKA,1971,Capture fisheries production (metric tons),ER.FSH.CAPT.MT,74980.0
Sri Lanka,LKA,1970,Capture fisheries production (metric tons),ER.FSH.CAPT.MT,89241.0
Sri Lanka,LKA,1969,Capture fisheries production (metric tons),ER.FSH.CAPT.MT,95060.0
Sri Lanka,LKA,1968,Capture fisheries production (metric tons),ER.FSH.CAPT.MT,98302.0
Sri Lanka,LKA,1967,Capture fisheries production (metric tons),ER.FSH.CAPT.MT,82237.0
Sri Lanka,LKA,1966,Capture fisheries production (metric tons),ER.FSH.CAPT.MT,79973.0
Sri Lanka,LKA,1965,Capture fisheries production (metric tons),ER.FSH.CAPT.MT,74632.0
Sri Lanka,LKA,1964,Capture fisheries production (metric tons),ER.FSH.CAPT.MT,91125.0
Sri Lanka,LKA,1963,Capture fisheries production (metric tons),ER.FSH.CAPT.MT,71614.0
Sri Lanka,LKA,1962,Capture fisheries production (metric tons),ER.FSH.CAPT.MT,73471.0
Sri Lanka,LKA,1961,Capture fisheries production (metric tons),ER.FSH.CAPT.MT,59628.0
Sri Lanka,LKA,1960,Capture fisheries production (metric tons),ER.FSH.CAPT.MT,48103.0
Sri Lanka,LKA,2022,Total fisheries production (metric tons),ER.FSH.PROD.MT,391702.99
Sri Lanka,LKA,2021,Total fisheries production (metric tons),ER.FSH.PROD.MT,423428.76
Sri Lanka,LKA,2020,Total fisheries production (metric tons),ER.FSH.PROD.MT,424605.7
Sri Lanka,LKA,2019,Total fisheries production (metric tons),ER.FSH.PROD.MT,505801.79
Sri Lanka,LKA,2018,Total fisheries production (metric tons),ER.FSH.PROD.MT,510201.19
Sri Lanka,LKA,2017,Total fisheries production (metric tons),ER.FSH.PROD.MT,501656.63
Sri Lanka,LKA,2016,Total fisheries production (metric tons),ER.FSH.PROD.MT,517399.6
Sri Lanka,LKA,2015,Total fisheries production (metric tons),ER.FSH.PROD.MT,503502.0
Sri Lanka,LKA,2014,Total fisheries production (metric tons),ER.FSH.PROD.MT,527716.98
Sri Lanka,LKA,2013,Total fisheries production (metric tons),ER.FSH.PROD.MT,492110.9
Sri Lanka,LKA,2012,Total fisheries production (metric tons),ER.FSH.PROD.MT,459690.37
Sri Lanka,LKA,2011,Total fisheries production (metric tons),ER.FSH.PROD.MT,433676.92
Sri Lanka,LKA,2010,Total fisheries production (metric tons),ER.FSH.PROD.MT,398245.14
Sri Lanka,LKA,2009,Total fisheries production (metric tons),ER.FSH.PROD.MT,344490.68
Sri Lanka,LKA,2008,Total fisheries production (metric tons),ER.FSH.PROD.MT,331362.0
Sri Lanka,LKA,2007,Total fisheries production (metric tons),ER.FSH.PROD.MT,313136.0
Sri Lanka,LKA,2006,Total fisheries production (metric tons),ER.FSH.PROD.MT,284255.0
Sri Lanka,LKA,2005,Total fisheries production (metric tons),ER.FSH.PROD.MT,220967.0
Sri Lanka,LKA,2004,Total fisheries production (metric tons),ER.FSH.PROD.MT,336857.4
Sri Lanka,LKA,2003,Total fisheries production (metric tons),ER.FSH.PROD.MT,323221.2
Sri Lanka,LKA,2002,Total fisheries production (metric tons),ER.FSH.PROD.MT,275253.0
Sri Lanka,LKA,2001,Total fisheries production (metric tons),ER.FSH.PROD.MT,271160.0
Sri Lanka,LKA,2000,Total fisheries production (metric tons),ER.FSH.PROD.MT,301169.6
Sri Lanka,LKA,1999,Total fisheries production (metric tons),ER.FSH.PROD.MT,314072.7
Sri Lanka,LKA,1998,Total fisheries production (metric tons),ER.FSH.PROD.MT,289689.86
Sri Lanka,LKA,1997,Total fisheries production (metric tons),ER.FSH.PROD.MT,274186.84
Sri Lanka,LKA,1996,Total fisheries production (metric tons),ER.FSH.PROD.MT,263818.31
Sri Lanka,LKA,1995,Total fisheries production (metric tons),ER.FSH.PROD.MT,237885.92
Sri Lanka,LKA,1994,Total fisheries production (metric tons),ER.FSH.PROD.MT,248716.67
Sri Lanka,LKA,1993,Total fisheries production (metric tons),ER.FSH.PROD.MT,232200.89
Sri Lanka,LKA,1992,Total fisheries production (metric tons),ER.FSH.PROD.MT,206463.08
Sri Lanka,LKA,1991,Total fisheries production (metric tons),ER.FSH.PROD.MT,211801.0
Sri Lanka,LKA,1990,Total fisheries production (metric tons),ER.FSH.PROD.MT,183923.0
Sri Lanka,LKA,1989,Total fisheries production (metric tons),ER.FSH.PROD.MT,220486.0
Sri Lanka,LKA,1988,Total fisheries production (metric tons),ER.FSH.PROD.MT,205574.0
Sri Lanka,LKA,1987,Total fisheries production (metric tons),ER.FSH.PROD.MT,187154.0
Sri Lanka,LKA,1986,Total fisheries production (metric tons),ER.FSH.PROD.MT,183998.0
Sri Lanka,LKA,1985,Total fisheries production (metric tons),ER.FSH.PROD.MT,177659.0
Sri Lanka,LKA,1984,Total fisheries production (metric tons),ER.FSH.PROD.MT,162502.0
Sri Lanka,LKA,1983,Total fisheries production (metric tons),ER.FSH.PROD.MT,205500.0
Sri Lanka,LKA,1982,Total fisheries production (metric tons),ER.FSH.PROD.MT,201239.0
Sri Lanka,LKA,1981,Total fisheries production (metric tons),ER.FSH.PROD.MT,201951.0
Sri Lanka,LKA,1980,Total fisheries production (metric tons),ER.FSH.PROD.MT,183447.0
Sri Lanka,LKA,1979,Total fisheries production (metric tons),ER.FSH.PROD.MT,164790.0
Sri Lanka,LKA,1978,Total fisheries production (metric tons),ER.FSH.PROD.MT,156107.0
Sri Lanka,LKA,1977,Total fisheries production (metric tons),ER.FSH.PROD.MT,136165.0
Sri Lanka,LKA,1976,Total fisheries production (metric tons),ER.FSH.PROD.MT,131663.0
Sri Lanka,LKA,1975,Total fisheries production (metric tons),ER.FSH.PROD.MT,109235.0
Sri Lanka,LKA,1974,Total fisheries production (metric tons),ER.FSH.PROD.MT,100489.0
Sri Lanka,LKA,1973,Total fisheries production (metric tons),ER.FSH.PROD.MT,96548.0
Sri Lanka,LKA,1972,Total fisheries production (metric tons),ER.FSH.PROD.MT,91877.0
Sri Lanka,LKA,1971,Total fisheries production (metric tons),ER.FSH.PROD.MT,74985.0
Sri Lanka,LKA,1970,Total fisheries production (metric tons),ER.FSH.PROD.MT,89241.0
Sri Lanka,LKA,1969,Total fisheries production (metric tons),ER.FSH.PROD.MT,95060.0
Sri Lanka,LKA,1968,Total fisheries production (metric tons),ER.FSH.PROD.MT,98302.0
Sri Lanka,LKA,1967,Total fisheries production (metric tons),ER.FSH.PROD.MT,82237.0
Sri Lanka,LKA,1966,Total fisheries production (metric tons),ER.FSH.PROD.MT,79973.0
Sri Lanka,LKA,1965,Total fisheries production (metric tons),ER.FSH.PROD.MT,74632.0
Sri Lanka,LKA,1964,Total fisheries production (metric tons),ER.FSH.PROD.MT,91125.0
Sri Lanka,LKA,1963,Total fisheries production (metric tons),ER.FSH.PROD.MT,71614.0
Sri Lanka,LKA,1962,Total fisheries production (metric tons),ER.FSH.PROD.MT,73471.0
Sri Lanka,LKA,1961,Total fisheries production (metric tons),ER.FSH.PROD.MT,59628.0
Sri Lanka,LKA,1960,Total fisheries production (metric tons),ER.FSH.PROD.MT,48103.0
Sri Lanka,LKA,2021,"Water productivity, total (constant 2015 US$ GDP per cubic meter of total freshwater withdrawal)",ER.GDP.FWTL.M3.KD,7.46274623561615
Sri Lanka,LKA,2020,"Water productivity, total (constant 2015 US$ GDP per cubic meter of total freshwater withdrawal)",ER.GDP.FWTL.M3.KD,7.16143072130332
Sri Lanka,LKA,2019,"Water productivity, total (constant 2015 US$ GDP per cubic meter of total freshwater withdrawal)",ER.GDP.FWTL.M3.KD,7.50867030878394
Sri Lanka,LKA,2018,"Water productivity, total (constant 2015 US$ GDP per cubic meter of total freshwater withdrawal)",ER.GDP.FWTL.M3.KD,7.52526229953912
Sri Lanka,LKA,2017,"Water productivity, total (constant 2015 US$ GDP per cubic meter of total freshwater withdrawal)",ER.GDP.FWTL.M3.KD,7.35534757356803
Sri Lanka,LKA,2016,"Water productivity, total (constant 2015 US$ GDP per cubic meter of total freshwater withdrawal)",ER.GDP.FWTL.M3.KD,6.90898037263651
Sri Lanka,LKA,2015,"Water productivity, total (constant 2015 US$ GDP per cubic meter of total freshwater withdrawal)",ER.GDP.FWTL.M3.KD,6.57662253891943
Sri Lanka,LKA,2014,"Water productivity, total (constant 2015 US$ GDP per cubic meter of total freshwater withdrawal)",ER.GDP.FWTL.M3.KD,6.31117723442838
Sri Lanka,LKA,2013,"Water productivity, total (constant 2015 US$ GDP per cubic meter of total freshwater withdrawal)",ER.GDP.FWTL.M3.KD,5.93278543182584
Sri Lanka,LKA,2012,"Water productivity, total (constant 2015 US$ GDP per cubic meter of total freshwater withdrawal)",ER.GDP.FWTL.M3.KD,5.70176440196563
Sri Lanka,LKA,2011,"Water productivity, total (constant 2015 US$ GDP per cubic meter of total freshwater withdrawal)",ER.GDP.FWTL.M3.KD,5.24868812309678
Sri Lanka,LKA,2010,"Water productivity, total (constant 2015 US$ GDP per cubic meter of total freshwater withdrawal)",ER.GDP.FWTL.M3.KD,4.82995591553171
Sri Lanka,LKA,2009,"Water productivity, total (constant 2015 US$ GDP per cubic meter of total freshwater withdrawal)",ER.GDP.FWTL.M3.KD,4.47152030677927
Sri Lanka,LKA,2008,"Water productivity, total (constant 2015 US$ GDP per cubic meter of total freshwater withdrawal)",ER.GDP.FWTL.M3.KD,4.31868581396978
Sri Lanka,LKA,2007,"Water productivity, total (constant 2015 US$ GDP per cubic meter of total freshwater withdrawal)",ER.GDP.FWTL.M3.KD,4.07615122327223
Sri Lanka,LKA,2006,"Water productivity, total (constant 2015 US$ GDP per cubic meter of total freshwater withdrawal)",ER.GDP.FWTL.M3.KD,3.8167344212393
Sri Lanka,LKA,2005,"Water productivity, total (constant 2015 US$ GDP per cubic meter of total freshwater withdrawal)",ER.GDP.FWTL.M3.KD,3.54490106032883
Sri Lanka,LKA,2004,"Water productivity, total (constant 2015 US$ GDP per cubic meter of total freshwater withdrawal)",ER.GDP.FWTL.M3.KD,3.33330999443001
Sri Lanka,LKA,2003,"Water productivity, total (constant 2015 US$ GDP per cubic meter of total freshwater withdrawal)",ER.GDP.FWTL.M3.KD,3.15803316449255
Sri Lanka,LKA,2002,"Water productivity, total (constant 2015 US$ GDP per cubic meter of total freshwater withdrawal)",ER.GDP.FWTL.M3.KD,2.97799024781829
Sri Lanka,LKA,2001,"Water productivity, total (constant 2015 US$ GDP per cubic meter of total freshwater withdrawal)",ER.GDP.FWTL.M3.KD,2.86157777704615
Sri Lanka,LKA,2000,"Water productivity, total (constant 2015 US$ GDP per cubic meter of total freshwater withdrawal)",ER.GDP.FWTL.M3.KD,2.90360873152366
Sri Lanka,LKA,1999,"Water productivity, total (constant 2015 US$ GDP per cubic meter of total freshwater withdrawal)",ER.GDP.FWTL.M3.KD,2.80924520218473
Sri Lanka,LKA,1998,"Water productivity, total (constant 2015 US$ GDP per cubic meter of total freshwater withdrawal)",ER.GDP.FWTL.M3.KD,2.76403973930318
Sri Lanka,LKA,1997,"Water productivity, total (constant 2015 US$ GDP per cubic meter of total freshwater withdrawal)",ER.GDP.FWTL.M3.KD,2.71109071734215
Sri Lanka,LKA,1996,"Water productivity, total (constant 2015 US$ GDP per cubic meter of total freshwater withdrawal)",ER.GDP.FWTL.M3.KD,2.61839591098202
Sri Lanka,LKA,1995,"Water productivity, total (constant 2015 US$ GDP per cubic meter of total freshwater withdrawal)",ER.GDP.FWTL.M3.KD,2.59433309813817
Sri Lanka,LKA,1994,"Water productivity, total (constant 2015 US$ GDP per cubic meter of total freshwater withdrawal)",ER.GDP.FWTL.M3.KD,2.53111855084366
Sri Lanka,LKA,1993,"Water productivity, total (constant 2015 US$ GDP per cubic meter of total freshwater withdrawal)",ER.GDP.FWTL.M3.KD,2.46922869842714
Sri Lanka,LKA,1992,"Water productivity, total (constant 2015 US$ GDP per cubic meter of total freshwater withdrawal)",ER.GDP.FWTL.M3.KD,2.38172421850878
Sri Lanka,LKA,1991,"Water productivity, total (constant 2015 US$ GDP per cubic meter of total freshwater withdrawal)",ER.GDP.FWTL.M3.KD,2.35461473622508
Sri Lanka,LKA,1990,"Water productivity, total (constant 2015 US$ GDP per cubic meter of total freshwater withdrawal)",ER.GDP.FWTL.M3.KD,2.32576202136246
Sri Lanka,LKA,2021,"Annual freshwater withdrawals, agriculture (% of total freshwater withdrawal)",ER.H2O.FWAG.ZS,87.362892013
Sri Lanka,LKA,2020,"Annual freshwater withdrawals, agriculture (% of total freshwater withdrawal)",ER.H2O.FWAG.ZS,87.362892013
Sri Lanka,LKA,2019,"Annual freshwater withdrawals, agriculture (% of total freshwater withdrawal)",ER.H2O.FWAG.ZS,87.362892013
Sri Lanka,LKA,2018,"Annual freshwater withdrawals, agriculture (% of total freshwater withdrawal)",ER.H2O.FWAG.ZS,87.362892013
Sri Lanka,LKA,2017,"Annual freshwater withdrawals, agriculture (% of total freshwater withdrawal)",ER.H2O.FWAG.ZS,87.362892013
Sri Lanka,LKA,2016,"Annual freshwater withdrawals, agriculture (% of total freshwater withdrawal)",ER.H2O.FWAG.ZS,87.362892013
Sri Lanka,LKA,2015,"Annual freshwater withdrawals, agriculture (% of total freshwater withdrawal)",ER.H2O.FWAG.ZS,87.362892013
Sri Lanka,LKA,2014,"Annual freshwater withdrawals, agriculture (% of total freshwater withdrawal)",ER.H2O.FWAG.ZS,87.362892013
Sri Lanka,LKA,2013,"Annual freshwater withdrawals, agriculture (% of total freshwater withdrawal)",ER.H2O.FWAG.ZS,87.362892013
Sri Lanka,LKA,2012,"Annual freshwater withdrawals, agriculture (% of total freshwater withdrawal)",ER.H2O.FWAG.ZS,87.362892013
Sri Lanka,LKA,2011,"Annual freshwater withdrawals, agriculture (% of total freshwater withdrawal)",ER.H2O.FWAG.ZS,87.362892013
Sri Lanka,LKA,2010,"Annual freshwater withdrawals, agriculture (% of total freshwater withdrawal)",ER.H2O.FWAG.ZS,87.362892013
Sri Lanka,LKA,2009,"Annual freshwater withdrawals, agriculture (% of total freshwater withdrawal)",ER.H2O.FWAG.ZS,87.362892013
Sri Lanka,LKA,2008,"Annual freshwater withdrawals, agriculture (% of total freshwater withdrawal)",ER.H2O.FWAG.ZS,87.362892013
Sri Lanka,LKA,2007,"Annual freshwater withdrawals, agriculture (% of total freshwater withdrawal)",ER.H2O.FWAG.ZS,87.362892013
Sri Lanka,LKA,2006,"Annual freshwater withdrawals, agriculture (% of total freshwater withdrawal)",ER.H2O.FWAG.ZS,87.362892013
Sri Lanka,LKA,2005,"Annual freshwater withdrawals, agriculture (% of total freshwater withdrawal)",ER.H2O.FWAG.ZS,87.362892013
Sri Lanka,LKA,2004,"Annual freshwater withdrawals, agriculture (% of total freshwater withdrawal)",ER.H2O.FWAG.ZS,88.3406950579
Sri Lanka,LKA,2003,"Annual freshwater withdrawals, agriculture (% of total freshwater withdrawal)",ER.H2O.FWAG.ZS,89.3165503121
Sri Lanka,LKA,2002,"Annual freshwater withdrawals, agriculture (% of total freshwater withdrawal)",ER.H2O.FWAG.ZS,90.2904635896
Sri Lanka,LKA,2001,"Annual freshwater withdrawals, agriculture (% of total freshwater withdrawal)",ER.H2O.FWAG.ZS,91.2624406817
Sri Lanka,LKA,2000,"Annual freshwater withdrawals, agriculture (% of total freshwater withdrawal)",ER.H2O.FWAG.ZS,92.2324873565
Sri Lanka,LKA,1999,"Annual freshwater withdrawals, agriculture (% of total freshwater withdrawal)",ER.H2O.FWAG.ZS,92.5231979972
Sri Lanka,LKA,1998,"Annual freshwater withdrawals, agriculture (% of total freshwater withdrawal)",ER.H2O.FWAG.ZS,92.8291544925
Sri Lanka,LKA,1997,"Annual freshwater withdrawals, agriculture (% of total freshwater withdrawal)",ER.H2O.FWAG.ZS,93.151588454
Sri Lanka,LKA,1996,"Annual freshwater withdrawals, agriculture (% of total freshwater withdrawal)",ER.H2O.FWAG.ZS,93.4918678227
Sri Lanka,LKA,1995,"Annual freshwater withdrawals, agriculture (% of total freshwater withdrawal)",ER.H2O.FWAG.ZS,93.8515162689
Sri Lanka,LKA,1994,"Annual freshwater withdrawals, agriculture (% of total freshwater withdrawal)",ER.H2O.FWAG.ZS,94.2322360026
Sri Lanka,LKA,1993,"Annual freshwater withdrawals, agriculture (% of total freshwater withdrawal)",ER.H2O.FWAG.ZS,94.6359347129
Sri Lanka,LKA,1992,"Annual freshwater withdrawals, agriculture (% of total freshwater withdrawal)",ER.H2O.FWAG.ZS,95.0647575384
Sri Lanka,LKA,1991,"Annual freshwater withdrawals, agriculture (% of total freshwater withdrawal)",ER.H2O.FWAG.ZS,95.5211251977
Sri Lanka,LKA,1990,"Annual freshwater withdrawals, agriculture (% of total freshwater withdrawal)",ER.H2O.FWAG.ZS,96.0077797113
Sri Lanka,LKA,2021,"Annual freshwater withdrawals, domestic (% of total freshwater withdrawal)",ER.H2O.FWDM.ZS,6.2181368763
Sri Lanka,LKA,2020,"Annual freshwater withdrawals, domestic (% of total freshwater withdrawal)",ER.H2O.FWDM.ZS,6.2181368763
Sri Lanka,LKA,2019,"Annual freshwater withdrawals, domestic (% of total freshwater withdrawal)",ER.H2O.FWDM.ZS,6.2181368763
Sri Lanka,LKA,2018,"Annual freshwater withdrawals, domestic (% of total freshwater withdrawal)",ER.H2O.FWDM.ZS,6.2181368763
Sri Lanka,LKA,2017,"Annual freshwater withdrawals, domestic (% of total freshwater withdrawal)",ER.H2O.FWDM.ZS,6.2181368763
Sri Lanka,LKA,2016,"Annual freshwater withdrawals, domestic (% of total freshwater withdrawal)",ER.H2O.FWDM.ZS,6.2181368763
Sri Lanka,LKA,2015,"Annual freshwater withdrawals, domestic (% of total freshwater withdrawal)",ER.H2O.FWDM.ZS,6.2181368763
Sri Lanka,LKA,2014,"Annual freshwater withdrawals, domestic (% of total freshwater withdrawal)",ER.H2O.FWDM.ZS,6.2181368763
Sri Lanka,LKA,2013,"Annual freshwater withdrawals, domestic (% of total freshwater withdrawal)",ER.H2O.FWDM.ZS,6.2181368763
Sri Lanka,LKA,2012,"Annual freshwater withdrawals, domestic (% of total freshwater withdrawal)",ER.H2O.FWDM.ZS,6.2181368763
Sri Lanka,LKA,2011,"Annual freshwater withdrawals, domestic (% of total freshwater withdrawal)",ER.H2O.FWDM.ZS,6.2181368763
Sri Lanka,LKA,2010,"Annual freshwater withdrawals, domestic (% of total freshwater withdrawal)",ER.H2O.FWDM.ZS,6.2181368763
Sri Lanka,LKA,2009,"Annual freshwater withdrawals, domestic (% of total freshwater withdrawal)",ER.H2O.FWDM.ZS,6.2181368763
Sri Lanka,LKA,2008,"Annual freshwater withdrawals, domestic (% of total freshwater withdrawal)",ER.H2O.FWDM.ZS,6.2181368763
Sri Lanka,LKA,2007,"Annual freshwater withdrawals, domestic (% of total freshwater withdrawal)",ER.H2O.FWDM.ZS,6.2181368763
Sri Lanka,LKA,2006,"Annual freshwater withdrawals, domestic (% of total freshwater withdrawal)",ER.H2O.FWDM.ZS,6.2181368763
Sri Lanka,LKA,2005,"Annual freshwater withdrawals, domestic (% of total freshwater withdrawal)",ER.H2O.FWDM.ZS,6.2181368763
Sri Lanka,LKA,2004,"Annual freshwater withdrawals, domestic (% of total freshwater withdrawal)",ER.H2O.FWDM.ZS,5.7365891602
Sri Lanka,LKA,2003,"Annual freshwater withdrawals, domestic (% of total freshwater withdrawal)",ER.H2O.FWDM.ZS,5.2560006907
Sri Lanka,LKA,2002,"Annual freshwater withdrawals, domestic (% of total freshwater withdrawal)",ER.H2O.FWDM.ZS,4.7763686044
Sri Lanka,LKA,2001,"Annual freshwater withdrawals, domestic (% of total freshwater withdrawal)",ER.H2O.FWDM.ZS,4.2976900493
Sri Lanka,LKA,2000,"Annual freshwater withdrawals, domestic (% of total freshwater withdrawal)",ER.H2O.FWDM.ZS,3.8199621847
Sri Lanka,LKA,1999,"Annual freshwater withdrawals, domestic (% of total freshwater withdrawal)",ER.H2O.FWDM.ZS,3.6795192347
Sri Lanka,LKA,1998,"Annual freshwater withdrawals, domestic (% of total freshwater withdrawal)",ER.H2O.FWDM.ZS,3.5317109789
Sri Lanka,LKA,1997,"Annual freshwater withdrawals, domestic (% of total freshwater withdrawal)",ER.H2O.FWDM.ZS,3.3759424229
Sri Lanka,LKA,1996,"Annual freshwater withdrawals, domestic (% of total freshwater withdrawal)",ER.H2O.FWDM.ZS,3.2115527115
Sri Lanka,LKA,1995,"Annual freshwater withdrawals, domestic (% of total freshwater withdrawal)",ER.H2O.FWDM.ZS,3.037805756
Sri Lanka,LKA,1994,"Annual freshwater withdrawals, domestic (% of total freshwater withdrawal)",ER.H2O.FWDM.ZS,2.8538792153
Sri Lanka,LKA,1993,"Annual freshwater withdrawals, domestic (% of total freshwater withdrawal)",ER.H2O.FWDM.ZS,2.6588514804
Sri Lanka,LKA,1992,"Annual freshwater withdrawals, domestic (% of total freshwater withdrawal)",ER.H2O.FWDM.ZS,2.4516862302
Sri Lanka,LKA,1991,"Annual freshwater withdrawals, domestic (% of total freshwater withdrawal)",ER.H2O.FWDM.ZS,2.2312140103
Sri Lanka,LKA,1990,"Annual freshwater withdrawals, domestic (% of total freshwater withdrawal)",ER.H2O.FWDM.ZS,1.9961101443
Sri Lanka,LKA,2021,"Annual freshwater withdrawals, industry (% of total freshwater withdrawal)",ER.H2O.FWIN.ZS,6.4189711108
Sri Lanka,LKA,2020,"Annual freshwater withdrawals, industry (% of total freshwater withdrawal)",ER.H2O.FWIN.ZS,6.4189711108
Sri Lanka,LKA,2019,"Annual freshwater withdrawals, industry (% of total freshwater withdrawal)",ER.H2O.FWIN.ZS,6.4189711108
Sri Lanka,LKA,2018,"Annual freshwater withdrawals, industry (% of total freshwater withdrawal)",ER.H2O.FWIN.ZS,6.4189711108
Sri Lanka,LKA,2017,"Annual freshwater withdrawals, industry (% of total freshwater withdrawal)",ER.H2O.FWIN.ZS,6.4189711108
Sri Lanka,LKA,2016,"Annual freshwater withdrawals, industry (% of total freshwater withdrawal)",ER.H2O.FWIN.ZS,6.4189711108
Sri Lanka,LKA,2015,"Annual freshwater withdrawals, industry (% of total freshwater withdrawal)",ER.H2O.FWIN.ZS,6.4189711108
Sri Lanka,LKA,2014,"Annual freshwater withdrawals, industry (% of total freshwater withdrawal)",ER.H2O.FWIN.ZS,6.4189711108
Sri Lanka,LKA,2013,"Annual freshwater withdrawals, industry (% of total freshwater withdrawal)",ER.H2O.FWIN.ZS,6.4189711108
Sri Lanka,LKA,2012,"Annual freshwater withdrawals, industry (% of total freshwater withdrawal)",ER.H2O.FWIN.ZS,6.4189711108
Sri Lanka,LKA,2011,"Annual freshwater withdrawals, industry (% of total freshwater withdrawal)",ER.H2O.FWIN.ZS,6.4189711108
Sri Lanka,LKA,2010,"Annual freshwater withdrawals, industry (% of total freshwater withdrawal)",ER.H2O.FWIN.ZS,6.4189711108
Sri Lanka,LKA,2009,"Annual freshwater withdrawals, industry (% of total freshwater withdrawal)",ER.H2O.FWIN.ZS,6.4189711108
Sri Lanka,LKA,2008,"Annual freshwater withdrawals, industry (% of total freshwater withdrawal)",ER.H2O.FWIN.ZS,6.4189711108
Sri Lanka,LKA,2007,"Annual freshwater withdrawals, industry (% of total freshwater withdrawal)",ER.H2O.FWIN.ZS,6.4189711108
Sri Lanka,LKA,2006,"Annual freshwater withdrawals, industry (% of total freshwater withdrawal)",ER.H2O.FWIN.ZS,6.4189711108
Sri Lanka,LKA,2005,"Annual freshwater withdrawals, industry (% of total freshwater withdrawal)",ER.H2O.FWIN.ZS,6.4189711108
Sri Lanka,LKA,2004,"Annual freshwater withdrawals, industry (% of total freshwater withdrawal)",ER.H2O.FWIN.ZS,5.9227157819
Sri Lanka,LKA,2003,"Annual freshwater withdrawals, industry (% of total freshwater withdrawal)",ER.H2O.FWIN.ZS,5.4274489972
Sri Lanka,LKA,2002,"Annual freshwater withdrawals, industry (% of total freshwater withdrawal)",ER.H2O.FWIN.ZS,4.933167806
Sri Lanka,LKA,2001,"Annual freshwater withdrawals, industry (% of total freshwater withdrawal)",ER.H2O.FWIN.ZS,4.439869269
Sri Lanka,LKA,2000,"Annual freshwater withdrawals, industry (% of total freshwater withdrawal)",ER.H2O.FWIN.ZS,3.9475504589
Sri Lanka,LKA,1999,"Annual freshwater withdrawals, industry (% of total freshwater withdrawal)",ER.H2O.FWIN.ZS,3.7972827681
Sri Lanka,LKA,1998,"Annual freshwater withdrawals, industry (% of total freshwater withdrawal)",ER.H2O.FWIN.ZS,3.6391345286
Sri Lanka,LKA,1997,"Annual freshwater withdrawals, industry (% of total freshwater withdrawal)",ER.H2O.FWIN.ZS,3.4724691231
Sri Lanka,LKA,1996,"Annual freshwater withdrawals, industry (% of total freshwater withdrawal)",ER.H2O.FWIN.ZS,3.2965794659
Sri Lanka,LKA,1995,"Annual freshwater withdrawals, industry (% of total freshwater withdrawal)",ER.H2O.FWIN.ZS,3.110677975
Sri Lanka,LKA,1994,"Annual freshwater withdrawals, industry (% of total freshwater withdrawal)",ER.H2O.FWIN.ZS,2.9138847821
Sri Lanka,LKA,1993,"Annual freshwater withdrawals, industry (% of total freshwater withdrawal)",ER.H2O.FWIN.ZS,2.7052138067
Sri Lanka,LKA,1992,"Annual freshwater withdrawals, industry (% of total freshwater withdrawal)",ER.H2O.FWIN.ZS,2.4835562314
Sri Lanka,LKA,1991,"Annual freshwater withdrawals, industry (% of total freshwater withdrawal)",ER.H2O.FWIN.ZS,2.2476607921
Sri Lanka,LKA,1990,"Annual freshwater withdrawals, industry (% of total freshwater withdrawal)",ER.H2O.FWIN.ZS,1.9961101443
Sri Lanka,LKA,2021,Level of water stress: freshwater withdrawal as a proportion of available freshwater resources,ER.H2O.FWST.ZS,90.7854137447
Sri Lanka,LKA,2020,Level of water stress: freshwater withdrawal as a proportion of available freshwater resources,ER.H2O.FWST.ZS,90.7854137447
Sri Lanka,LKA,2019,Level of water stress: freshwater withdrawal as a proportion of available freshwater resources,ER.H2O.FWST.ZS,90.7854137447
Sri Lanka,LKA,2018,Level of water stress: freshwater withdrawal as a proportion of available freshwater resources,ER.H2O.FWST.ZS,90.7854137447
Sri Lanka,LKA,2017,Level of water stress: freshwater withdrawal as a proportion of available freshwater resources,ER.H2O.FWST.ZS,90.7854137447
Sri Lanka,LKA,2016,Level of water stress: freshwater withdrawal as a proportion of available freshwater resources,ER.H2O.FWST.ZS,90.7854137447
Sri Lanka,LKA,2015,Level of water stress: freshwater withdrawal as a proportion of available freshwater resources,ER.H2O.FWST.ZS,90.7854137447
Sri Lanka,LKA,2014,Level of water stress: freshwater withdrawal as a proportion of available freshwater resources,ER.H2O.FWST.ZS,90.7854137447
Sri Lanka,LKA,2013,Level of water stress: freshwater withdrawal as a proportion of available freshwater resources,ER.H2O.FWST.ZS,90.7854137447
Sri Lanka,LKA,2012,Level of water stress: freshwater withdrawal as a proportion of available freshwater resources,ER.H2O.FWST.ZS,90.7854137447
Sri Lanka,LKA,2011,Level of water stress: freshwater withdrawal as a proportion of available freshwater resources,ER.H2O.FWST.ZS,90.7854137447
Sri Lanka,LKA,2010,Level of water stress: freshwater withdrawal as a proportion of available freshwater resources,ER.H2O.FWST.ZS,90.7854137447
Sri Lanka,LKA,2009,Level of water stress: freshwater withdrawal as a proportion of available freshwater resources,ER.H2O.FWST.ZS,90.7854137447
Sri Lanka,LKA,2008,Level of water stress: freshwater withdrawal as a proportion of available freshwater resources,ER.H2O.FWST.ZS,90.7854137447
Sri Lanka,LKA,2007,Level of water stress: freshwater withdrawal as a proportion of available freshwater resources,ER.H2O.FWST.ZS,90.7854137447
Sri Lanka,LKA,2006,Level of water stress: freshwater withdrawal as a proportion of available freshwater resources,ER.H2O.FWST.ZS,90.7854137447
Sri Lanka,LKA,2005,Level of water stress: freshwater withdrawal as a proportion of available freshwater resources,ER.H2O.FWST.ZS,90.7854137447
Sri Lanka,LKA,2004,Level of water stress: freshwater withdrawal as a proportion of available freshwater resources,ER.H2O.FWST.ZS,90.8760168303
Sri Lanka,LKA,2003,Level of water stress: freshwater withdrawal as a proportion of available freshwater resources,ER.H2O.FWST.ZS,90.9666199158
Sri Lanka,LKA,2002,Level of water stress: freshwater withdrawal as a proportion of available freshwater resources,ER.H2O.FWST.ZS,91.0572230014
Sri Lanka,LKA,2001,Level of water stress: freshwater withdrawal as a proportion of available freshwater resources,ER.H2O.FWST.ZS,91.147826087
Sri Lanka,LKA,2000,Level of water stress: freshwater withdrawal as a proportion of available freshwater resources,ER.H2O.FWST.ZS,91.2384291725
Sri Lanka,LKA,1999,Level of water stress: freshwater withdrawal as a proportion of available freshwater resources,ER.H2O.FWST.ZS,88.9652173913
Sri Lanka,LKA,1998,Level of water stress: freshwater withdrawal as a proportion of available freshwater resources,ER.H2O.FWST.ZS,86.6920056101
Sri Lanka,LKA,1997,Level of water stress: freshwater withdrawal as a proportion of available freshwater resources,ER.H2O.FWST.ZS,84.4187938289
Sri Lanka,LKA,1996,Level of water stress: freshwater withdrawal as a proportion of available freshwater resources,ER.H2O.FWST.ZS,82.1455820477
Sri Lanka,LKA,1995,Level of water stress: freshwater withdrawal as a proportion of available freshwater resources,ER.H2O.FWST.ZS,79.8723702665
Sri Lanka,LKA,1994,Level of water stress: freshwater withdrawal as a proportion of available freshwater resources,ER.H2O.FWST.ZS,77.5991584853
Sri Lanka,LKA,1993,Level of water stress: freshwater withdrawal as a proportion of available freshwater resources,ER.H2O.FWST.ZS,75.3259467041
Sri Lanka,LKA,1992,Level of water stress: freshwater withdrawal as a proportion of available freshwater resources,ER.H2O.FWST.ZS,73.0527349229
Sri Lanka,LKA,1991,Level of water stress: freshwater withdrawal as a proportion of available freshwater resources,ER.H2O.FWST.ZS,70.7795231417
Sri Lanka,LKA,1990,Level of water stress: freshwater withdrawal as a proportion of available freshwater resources,ER.H2O.FWST.ZS,68.5063113604
Sri Lanka,LKA,2021,"Annual freshwater withdrawals, total (billion cubic meters)",ER.H2O.FWTL.K3,12.946
Sri Lanka,LKA,2020,"Annual freshwater withdrawals, total (billion cubic meters)",ER.H2O.FWTL.K3,12.946
Sri Lanka,LKA,2019,"Annual freshwater withdrawals, total (billion cubic meters)",ER.H2O.FWTL.K3,12.946
Sri Lanka,LKA,2018,"Annual freshwater withdrawals, total (billion cubic meters)",ER.H2O.FWTL.K3,12.946
Sri Lanka,LKA,2017,"Annual freshwater withdrawals, total (billion cubic meters)",ER.H2O.FWTL.K3,12.946
Sri Lanka,LKA,2016,"Annual freshwater withdrawals, total (billion cubic meters)",ER.H2O.FWTL.K3,12.946
Sri Lanka,LKA,2015,"Annual freshwater withdrawals, total (billion cubic meters)",ER.H2O.FWTL.K3,12.946
Sri Lanka,LKA,2014,"Annual freshwater withdrawals, total (billion cubic meters)",ER.H2O.FWTL.K3,12.946
Sri Lanka,LKA,2013,"Annual freshwater withdrawals, total (billion cubic meters)",ER.H2O.FWTL.K3,12.946
Sri Lanka,LKA,2012,"Annual freshwater withdrawals, total (billion cubic meters)",ER.H2O.FWTL.K3,12.946
Sri Lanka,LKA,2011,"Annual freshwater withdrawals, total (billion cubic meters)",ER.H2O.FWTL.K3,12.946
Sri Lanka,LKA,2010,"Annual freshwater withdrawals, total (billion cubic meters)",ER.H2O.FWTL.K3,12.946
Sri Lanka,LKA,2009,"Annual freshwater withdrawals, total (billion cubic meters)",ER.H2O.FWTL.K3,12.946
Sri Lanka,LKA,2008,"Annual freshwater withdrawals, total (billion cubic meters)",ER.H2O.FWTL.K3,12.946
Sri Lanka,LKA,2007,"Annual freshwater withdrawals, total (billion cubic meters)",ER.H2O.FWTL.K3,12.946
Sri Lanka,LKA,2006,"Annual freshwater withdrawals, total (billion cubic meters)",ER.H2O.FWTL.K3,12.946
Sri Lanka,LKA,2005,"Annual freshwater withdrawals, total (billion cubic meters)",ER.H2O.FWTL.K3,12.946
Sri Lanka,LKA,2004,"Annual freshwater withdrawals, total (billion cubic meters)",ER.H2O.FWTL.K3,12.95892
Sri Lanka,LKA,2003,"Annual freshwater withdrawals, total (billion cubic meters)",ER.H2O.FWTL.K3,12.97184
Sri Lanka,LKA,2002,"Annual freshwater withdrawals, total (billion cubic meters)",ER.H2O.FWTL.K3,12.98476
Sri Lanka,LKA,2001,"Annual freshwater withdrawals, total (billion cubic meters)",ER.H2O.FWTL.K3,12.99768
Sri Lanka,LKA,2000,"Annual freshwater withdrawals, total (billion cubic meters)",ER.H2O.FWTL.K3,13.0106
Sri Lanka,LKA,1999,"Annual freshwater withdrawals, total (billion cubic meters)",ER.H2O.FWTL.K3,12.68644
Sri Lanka,LKA,1998,"Annual freshwater withdrawals, total (billion cubic meters)",ER.H2O.FWTL.K3,12.36228
Sri Lanka,LKA,1997,"Annual freshwater withdrawals, total (billion cubic meters)",ER.H2O.FWTL.K3,12.03812
Sri Lanka,LKA,1996,"Annual freshwater withdrawals, total (billion cubic meters)",ER.H2O.FWTL.K3,11.71396
Sri Lanka,LKA,1995,"Annual freshwater withdrawals, total (billion cubic meters)",ER.H2O.FWTL.K3,11.3898
Sri Lanka,LKA,1994,"Annual freshwater withdrawals, total (billion cubic meters)",ER.H2O.FWTL.K3,11.06564
Sri Lanka,LKA,1993,"Annual freshwater withdrawals, total (billion cubic meters)",ER.H2O.FWTL.K3,10.74148
Sri Lanka,LKA,1992,"Annual freshwater withdrawals, total (billion cubic meters)",ER.H2O.FWTL.K3,10.41732
Sri Lanka,LKA,1991,"Annual freshwater withdrawals, total (billion cubic meters)",ER.H2O.FWTL.K3,10.09316
Sri Lanka,LKA,1990,"Annual freshwater withdrawals, total (billion cubic meters)",ER.H2O.FWTL.K3,9.769
Sri Lanka,LKA,2021,"Annual freshwater withdrawals, total (% of internal resources)",ER.H2O.FWTL.ZS,24.5189393939394
Sri Lanka,LKA,2020,"Annual freshwater withdrawals, total (% of internal resources)",ER.H2O.FWTL.ZS,24.5189393939394
Sri Lanka,LKA,2019,"Annual freshwater withdrawals, total (% of internal resources)",ER.H2O.FWTL.ZS,24.5189393939394
Sri Lanka,LKA,2018,"Annual freshwater withdrawals, total (% of internal resources)",ER.H2O.FWTL.ZS,24.5189393939394
Sri Lanka,LKA,2017,"Annual freshwater withdrawals, total (% of internal resources)",ER.H2O.FWTL.ZS,24.5189393939394
Sri Lanka,LKA,2016,"Annual freshwater withdrawals, total (% of internal resources)",ER.H2O.FWTL.ZS,24.5189393939394
Sri Lanka,LKA,2015,"Annual freshwater withdrawals, total (% of internal resources)",ER.H2O.FWTL.ZS,24.5189393939394
Sri Lanka,LKA,2014,"Annual freshwater withdrawals, total (% of internal resources)",ER.H2O.FWTL.ZS,24.5189393939394
Sri Lanka,LKA,2013,"Annual freshwater withdrawals, total (% of internal resources)",ER.H2O.FWTL.ZS,24.5189393939394
Sri Lanka,LKA,2012,"Annual freshwater withdrawals, total (% of internal resources)",ER.H2O.FWTL.ZS,24.5189393939394
Sri Lanka,LKA,2011,"Annual freshwater withdrawals, total (% of internal resources)",ER.H2O.FWTL.ZS,24.5189393939394
Sri Lanka,LKA,2010,"Annual freshwater withdrawals, total (% of internal resources)",ER.H2O.FWTL.ZS,24.5189393939394
Sri Lanka,LKA,2009,"Annual freshwater withdrawals, total (% of internal resources)",ER.H2O.FWTL.ZS,24.5189393939394
Sri Lanka,LKA,2008,"Annual freshwater withdrawals, total (% of internal resources)",ER.H2O.FWTL.ZS,24.5189393939394
Sri Lanka,LKA,2007,"Annual freshwater withdrawals, total (% of internal resources)",ER.H2O.FWTL.ZS,24.5189393939394
Sri Lanka,LKA,2006,"Annual freshwater withdrawals, total (% of internal resources)",ER.H2O.FWTL.ZS,24.5189393939394
Sri Lanka,LKA,2005,"Annual freshwater withdrawals, total (% of internal resources)",ER.H2O.FWTL.ZS,24.5189393939394
Sri Lanka,LKA,2004,"Annual freshwater withdrawals, total (% of internal resources)",ER.H2O.FWTL.ZS,24.5434090909091
Sri Lanka,LKA,2003,"Annual freshwater withdrawals, total (% of internal resources)",ER.H2O.FWTL.ZS,24.5678787878788
Sri Lanka,LKA,2002,"Annual freshwater withdrawals, total (% of internal resources)",ER.H2O.FWTL.ZS,24.5923484848485
Sri Lanka,LKA,2001,"Annual freshwater withdrawals, total (% of internal resources)",ER.H2O.FWTL.ZS,24.6168181818182
Sri Lanka,LKA,2000,"Annual freshwater withdrawals, total (% of internal resources)",ER.H2O.FWTL.ZS,24.6412878787879
Sri Lanka,LKA,1999,"Annual freshwater withdrawals, total (% of internal resources)",ER.H2O.FWTL.ZS,24.0273484848485
Sri Lanka,LKA,1998,"Annual freshwater withdrawals, total (% of internal resources)",ER.H2O.FWTL.ZS,23.4134090909091
Sri Lanka,LKA,1997,"Annual freshwater withdrawals, total (% of internal resources)",ER.H2O.FWTL.ZS,22.7994696969697
Sri Lanka,LKA,1996,"Annual freshwater withdrawals, total (% of internal resources)",ER.H2O.FWTL.ZS,22.1855303030303
Sri Lanka,LKA,1995,"Annual freshwater withdrawals, total (% of internal resources)",ER.H2O.FWTL.ZS,21.5715909090909
Sri Lanka,LKA,1994,"Annual freshwater withdrawals, total (% of internal resources)",ER.H2O.FWTL.ZS,20.9576515151515
Sri Lanka,LKA,1993,"Annual freshwater withdrawals, total (% of internal resources)",ER.H2O.FWTL.ZS,20.3437121212121
Sri Lanka,LKA,1992,"Annual freshwater withdrawals, total (% of internal resources)",ER.H2O.FWTL.ZS,19.7297727272727
Sri Lanka,LKA,1991,"Annual freshwater withdrawals, total (% of internal resources)",ER.H2O.FWTL.ZS,19.1158333333333
Sri Lanka,LKA,1990,"Annual freshwater withdrawals, total (% of internal resources)",ER.H2O.FWTL.ZS,18.5018939393939
Sri Lanka,LKA,2021,"Renewable internal freshwater resources, total (billion cubic meters)",ER.H2O.INTR.K3,52.8
Sri Lanka,LKA,2020,"Renewable internal freshwater resources, total (billion cubic meters)",ER.H2O.INTR.K3,52.8
Sri Lanka,LKA,2019,"Renewable internal freshwater resources, total (billion cubic meters)",ER.H2O.INTR.K3,52.8
Sri Lanka,LKA,2018,"Renewable internal freshwater resources, total (billion cubic meters)",ER.H2O.INTR.K3,52.8
Sri Lanka,LKA,2017,"Renewable internal freshwater resources, total (billion cubic meters)",ER.H2O.INTR.K3,52.8
Sri Lanka,LKA,2016,"Renewable internal freshwater resources, total (billion cubic meters)",ER.H2O.INTR.K3,52.8
Sri Lanka,LKA,2015,"Renewable internal freshwater resources, total (billion cubic meters)",ER.H2O.INTR.K3,52.8
Sri Lanka,LKA,2014,"Renewable internal freshwater resources, total (billion cubic meters)",ER.H2O.INTR.K3,52.8
Sri Lanka,LKA,2013,"Renewable internal freshwater resources, total (billion cubic meters)",ER.H2O.INTR.K3,52.8
Sri Lanka,LKA,2012,"Renewable internal freshwater resources, total (billion cubic meters)",ER.H2O.INTR.K3,52.8
Sri Lanka,LKA,2011,"Renewable internal freshwater resources, total (billion cubic meters)",ER.H2O.INTR.K3,52.8
Sri Lanka,LKA,2010,"Renewable internal freshwater resources, total (billion cubic meters)",ER.H2O.INTR.K3,52.8
Sri Lanka,LKA,2009,"Renewable internal freshwater resources, total (billion cubic meters)",ER.H2O.INTR.K3,52.8
Sri Lanka,LKA,2008,"Renewable internal freshwater resources, total (billion cubic meters)",ER.H2O.INTR.K3,52.8
Sri Lanka,LKA,2007,"Renewable internal freshwater resources, total (billion cubic meters)",ER.H2O.INTR.K3,52.8
Sri Lanka,LKA,2006,"Renewable internal freshwater resources, total (billion cubic meters)",ER.H2O.INTR.K3,52.8
Sri Lanka,LKA,2005,"Renewable internal freshwater resources, total (billion cubic meters)",ER.H2O.INTR.K3,52.8
Sri Lanka,LKA,2004,"Renewable internal freshwater resources, total (billion cubic meters)",ER.H2O.INTR.K3,52.8
Sri Lanka,LKA,2003,"Renewable internal freshwater resources, total (billion cubic meters)",ER.H2O.INTR.K3,52.8
Sri Lanka,LKA,2002,"Renewable internal freshwater resources, total (billion cubic meters)",ER.H2O.INTR.K3,52.8
Sri Lanka,LKA,2001,"Renewable internal freshwater resources, total (billion cubic meters)",ER.H2O.INTR.K3,52.8
Sri Lanka,LKA,2000,"Renewable internal freshwater resources, total (billion cubic meters)",ER.H2O.INTR.K3,52.8
Sri Lanka,LKA,1999,"Renewable internal freshwater resources, total (billion cubic meters)",ER.H2O.INTR.K3,52.8
Sri Lanka,LKA,1998,"Renewable internal freshwater resources, total (billion cubic meters)",ER.H2O.INTR.K3,52.8
Sri Lanka,LKA,1997,"Renewable internal freshwater resources, total (billion cubic meters)",ER.H2O.INTR.K3,52.8
Sri Lanka,LKA,1996,"Renewable internal freshwater resources, total (billion cubic meters)",ER.H2O.INTR.K3,52.8
Sri Lanka,LKA,1995,"Renewable internal freshwater resources, total (billion cubic meters)",ER.H2O.INTR.K3,52.8
Sri Lanka,LKA,1994,"Renewable internal freshwater resources, total (billion cubic meters)",ER.H2O.INTR.K3,52.8
Sri Lanka,LKA,1993,"Renewable internal freshwater resources, total (billion cubic meters)",ER.H2O.INTR.K3,52.8
Sri Lanka,LKA,1992,"Renewable internal freshwater resources, total (billion cubic meters)",ER.H2O.INTR.K3,52.8
Sri Lanka,LKA,1991,"Renewable internal freshwater resources, total (billion cubic meters)",ER.H2O.INTR.K3,52.8
Sri Lanka,LKA,1990,"Renewable internal freshwater resources, total (billion cubic meters)",ER.H2O.INTR.K3,52.8
Sri Lanka,LKA,1989,"Renewable internal freshwater resources, total (billion cubic meters)",ER.H2O.INTR.K3,52.8
Sri Lanka,LKA,1988,"Renewable internal freshwater resources, total (billion cubic meters)",ER.H2O.INTR.K3,52.8
Sri Lanka,LKA,1987,"Renewable internal freshwater resources, total (billion cubic meters)",ER.H2O.INTR.K3,52.8
Sri Lanka,LKA,1986,"Renewable internal freshwater resources, total (billion cubic meters)",ER.H2O.INTR.K3,52.8
Sri Lanka,LKA,1985,"Renewable internal freshwater resources, total (billion cubic meters)",ER.H2O.INTR.K3,52.8
Sri Lanka,LKA,1984,"Renewable internal freshwater resources, total (billion cubic meters)",ER.H2O.INTR.K3,52.8
Sri Lanka,LKA,1983,"Renewable internal freshwater resources, total (billion cubic meters)",ER.H2O.INTR.K3,52.8
Sri Lanka,LKA,1982,"Renewable internal freshwater resources, total (billion cubic meters)",ER.H2O.INTR.K3,52.8
Sri Lanka,LKA,1981,"Renewable internal freshwater resources, total (billion cubic meters)",ER.H2O.INTR.K3,52.8
Sri Lanka,LKA,1980,"Renewable internal freshwater resources, total (billion cubic meters)",ER.H2O.INTR.K3,52.8
Sri Lanka,LKA,1979,"Renewable internal freshwater resources, total (billion cubic meters)",ER.H2O.INTR.K3,52.8
Sri Lanka,LKA,1978,"Renewable internal freshwater resources, total (billion cubic meters)",ER.H2O.INTR.K3,52.8
Sri Lanka,LKA,1977,"Renewable internal freshwater resources, total (billion cubic meters)",ER.H2O.INTR.K3,52.8
Sri Lanka,LKA,1976,"Renewable internal freshwater resources, total (billion cubic meters)",ER.H2O.INTR.K3,52.8
Sri Lanka,LKA,1975,"Renewable internal freshwater resources, total (billion cubic meters)",ER.H2O.INTR.K3,52.8
Sri Lanka,LKA,1974,"Renewable internal freshwater resources, total (billion cubic meters)",ER.H2O.INTR.K3,52.8
Sri Lanka,LKA,1973,"Renewable internal freshwater resources, total (billion cubic meters)",ER.H2O.INTR.K3,52.8
Sri Lanka,LKA,1972,"Renewable internal freshwater resources, total (billion cubic meters)",ER.H2O.INTR.K3,52.8
Sri Lanka,LKA,1971,"Renewable internal freshwater resources, total (billion cubic meters)",ER.H2O.INTR.K3,52.8
Sri Lanka,LKA,1970,"Renewable internal freshwater resources, total (billion cubic meters)",ER.H2O.INTR.K3,52.8
Sri Lanka,LKA,1969,"Renewable internal freshwater resources, total (billion cubic meters)",ER.H2O.INTR.K3,52.8
Sri Lanka,LKA,1968,"Renewable internal freshwater resources, total (billion cubic meters)",ER.H2O.INTR.K3,52.8
Sri Lanka,LKA,1967,"Renewable internal freshwater resources, total (billion cubic meters)",ER.H2O.INTR.K3,52.8
Sri Lanka,LKA,1966,"Renewable internal freshwater resources, total (billion cubic meters)",ER.H2O.INTR.K3,52.8
Sri Lanka,LKA,1965,"Renewable internal freshwater resources, total (billion cubic meters)",ER.H2O.INTR.K3,52.8
Sri Lanka,LKA,1964,"Renewable internal freshwater resources, total (billion cubic meters)",ER.H2O.INTR.K3,52.8
Sri Lanka,LKA,1963,"Renewable internal freshwater resources, total (billion cubic meters)",ER.H2O.INTR.K3,52.8
Sri Lanka,LKA,1962,"Renewable internal freshwater resources, total (billion cubic meters)",ER.H2O.INTR.K3,52.8
Sri Lanka,LKA,1961,"Renewable internal freshwater resources, total (billion cubic meters)",ER.H2O.INTR.K3,52.8
Sri Lanka,LKA,2021,Renewable internal freshwater resources per capita (cubic meters),ER.H2O.INTR.PC,2383.10164289583
Sri Lanka,LKA,2020,Renewable internal freshwater resources per capita (cubic meters),ER.H2O.INTR.PC,2408.86901774716
Sri Lanka,LKA,2019,Renewable internal freshwater resources per capita (cubic meters),ER.H2O.INTR.PC,2421.68508920791
Sri Lanka,LKA,2018,Renewable internal freshwater resources per capita (cubic meters),ER.H2O.INTR.PC,2436.54822335025
Sri Lanka,LKA,2017,Renewable internal freshwater resources per capita (cubic meters),ER.H2O.INTR.PC,2462.22719641858
Sri Lanka,LKA,2016,Renewable internal freshwater resources per capita (cubic meters),ER.H2O.INTR.PC,2489.50917063511
Sri Lanka,LKA,2015,Renewable internal freshwater resources per capita (cubic meters),ER.H2O.INTR.PC,2517.88268955651
Sri Lanka,LKA,2014,Renewable internal freshwater resources per capita (cubic meters),ER.H2O.INTR.PC,2541.14929252094
Sri Lanka,LKA,2013,Renewable internal freshwater resources per capita (cubic meters),ER.H2O.INTR.PC,2564.97449599223
Sri Lanka,LKA,2012,Renewable internal freshwater resources per capita (cubic meters),ER.H2O.INTR.PC,2494.15927417698
Sri Lanka,LKA,2011,Renewable internal freshwater resources per capita (cubic meters),ER.H2O.INTR.PC,2513.20288287218
Sri Lanka,LKA,2010,Renewable internal freshwater resources per capita (cubic meters),ER.H2O.INTR.PC,2528.84596641166
Sri Lanka,LKA,2009,Renewable internal freshwater resources per capita (cubic meters),ER.H2O.INTR.PC,2543.78943204842
Sri Lanka,LKA,2008,Renewable internal freshwater resources per capita (cubic meters),ER.H2O.INTR.PC,2559.45671265513
Sri Lanka,LKA,2007,Renewable internal freshwater resources per capita (cubic meters),ER.H2O.INTR.PC,2576.54673931422
Sri Lanka,LKA,2006,Renewable internal freshwater resources per capita (cubic meters),ER.H2O.INTR.PC,2594.28723211221
Sri Lanka,LKA,2005,Renewable internal freshwater resources per capita (cubic meters),ER.H2O.INTR.PC,2611.72494341757
Sri Lanka,LKA,2004,Renewable internal freshwater resources per capita (cubic meters),ER.H2O.INTR.PC,2628.48657169434
Sri Lanka,LKA,2003,Renewable internal freshwater resources per capita (cubic meters),ER.H2O.INTR.PC,2646.41477709895
Sri Lanka,LKA,2002,Renewable internal freshwater resources per capita (cubic meters),ER.H2O.INTR.PC,2665.89221151512
Sri Lanka,LKA,2001,Renewable internal freshwater resources per capita (cubic meters),ER.H2O.INTR.PC,2693.82779767027
Sri Lanka,LKA,2000,Renewable internal freshwater resources per capita (cubic meters),ER.H2O.INTR.PC,2736.73623678242
Sri Lanka,LKA,1999,Renewable internal freshwater resources per capita (cubic meters),ER.H2O.INTR.PC,2787.05461692752
Sri Lanka,LKA,1998,Renewable internal freshwater resources per capita (cubic meters),ER.H2O.INTR.PC,2839.31982587871
Sri Lanka,LKA,1997,Renewable internal freshwater resources per capita (cubic meters),ER.H2O.INTR.PC,2893.43606492695
Sri Lanka,LKA,1996,Renewable internal freshwater resources per capita (cubic meters),ER.H2O.INTR.PC,2948.89399161732
Sri Lanka,LKA,1995,Renewable internal freshwater resources per capita (cubic meters),ER.H2O.INTR.PC,3006.13730258844
Sri Lanka,LKA,1994,Renewable internal freshwater resources per capita (cubic meters),ER.H2O.INTR.PC,3056.30318249725
Sri Lanka,LKA,1993,Renewable internal freshwater resources per capita (cubic meters),ER.H2O.INTR.PC,3101.15436947365
Sri Lanka,LKA,1992,Renewable internal freshwater resources per capita (cubic meters),ER.H2O.INTR.PC,3154.25677705211
Sri Lanka,LKA,1991,Renewable internal freshwater resources per capita (cubic meters),ER.H2O.INTR.PC,3204.78698060145
Sri Lanka,LKA,1990,Renewable internal freshwater resources per capita (cubic meters),ER.H2O.INTR.PC,3228.87238114294
Sri Lanka,LKA,1989,Renewable internal freshwater resources per capita (cubic meters),ER.H2O.INTR.PC,3249.51932654697
Sri Lanka,LKA,1988,Renewable internal freshwater resources per capita (cubic meters),ER.H2O.INTR.PC,3283.86370945618
Sri Lanka,LKA,1987,Renewable internal freshwater resources per capita (cubic meters),ER.H2O.INTR.PC,3317.29638334275
Sri Lanka,LKA,1986,Renewable internal freshwater resources per capita (cubic meters),ER.H2O.INTR.PC,3356.37535871262
Sri Lanka,LKA,1985,Renewable internal freshwater resources per capita (cubic meters),ER.H2O.INTR.PC,3396.77540508155
Sri Lanka,LKA,1984,Renewable internal freshwater resources per capita (cubic meters),ER.H2O.INTR.PC,3419.27721142401
Sri Lanka,LKA,1983,Renewable internal freshwater resources per capita (cubic meters),ER.H2O.INTR.PC,3431.06808759673
Sri Lanka,LKA,1982,Renewable internal freshwater resources per capita (cubic meters),ER.H2O.INTR.PC,3454.0129252042
Sri Lanka,LKA,1981,Renewable internal freshwater resources per capita (cubic meters),ER.H2O.INTR.PC,3496.8244462997
Sri Lanka,LKA,1980,Renewable internal freshwater resources per capita (cubic meters),ER.H2O.INTR.PC,3556.0407096618
Sri Lanka,LKA,1979,Renewable internal freshwater resources per capita (cubic meters),ER.H2O.INTR.PC,3621.49505467017
Sri Lanka,LKA,1978,Renewable internal freshwater resources per capita (cubic meters),ER.H2O.INTR.PC,3689.69445975606
Sri Lanka,LKA,1977,Renewable internal freshwater resources per capita (cubic meters),ER.H2O.INTR.PC,3758.17536600037
Sri Lanka,LKA,1976,Renewable internal freshwater resources per capita (cubic meters),ER.H2O.INTR.PC,3826.98269232581
Sri Lanka,LKA,1975,Renewable internal freshwater resources per capita (cubic meters),ER.H2O.INTR.PC,3896.97116772741
Sri Lanka,LKA,1974,Renewable internal freshwater resources per capita (cubic meters),ER.H2O.INTR.PC,3968.22623218497
Sri Lanka,LKA,1973,Renewable internal freshwater resources per capita (cubic meters),ER.H2O.INTR.PC,4042.59548105202
Sri Lanka,LKA,1972,Renewable internal freshwater resources per capita (cubic meters),ER.H2O.INTR.PC,4122.03567668719
Sri Lanka,LKA,1971,Renewable internal freshwater resources per capita (cubic meters),ER.H2O.INTR.PC,4206.53111757493
Sri Lanka,LKA,1970,Renewable internal freshwater resources per capita (cubic meters),ER.H2O.INTR.PC,4297.18623826107
Sri Lanka,LKA,1969,Renewable internal freshwater resources per capita (cubic meters),ER.H2O.INTR.PC,4394.92459458069
Sri Lanka,LKA,1968,Renewable internal freshwater resources per capita (cubic meters),ER.H2O.INTR.PC,4498.94377070111
Sri Lanka,LKA,1967,Renewable internal freshwater resources per capita (cubic meters),ER.H2O.INTR.PC,4608.40433301726
Sri Lanka,LKA,1966,Renewable internal freshwater resources per capita (cubic meters),ER.H2O.INTR.PC,4721.06043601139
Sri Lanka,LKA,1965,Renewable internal freshwater resources per capita (cubic meters),ER.H2O.INTR.PC,4836.50904807334
Sri Lanka,LKA,1964,Renewable internal freshwater resources per capita (cubic meters),ER.H2O.INTR.PC,4956.16562491757
Sri Lanka,LKA,1963,Renewable internal freshwater resources per capita (cubic meters),ER.H2O.INTR.PC,5079.34553402392
Sri Lanka,LKA,1962,Renewable internal freshwater resources per capita (cubic meters),ER.H2O.INTR.PC,5205.17354817556
Sri Lanka,LKA,1961,Renewable internal freshwater resources per capita (cubic meters),ER.H2O.INTR.PC,5333.6716712939
Sri Lanka,LKA,2022,Terrestrial protected areas (% of total land area),ER.LND.PTLD.ZS,29.8619995
Sri Lanka,LKA,2021,Terrestrial protected areas (% of total land area),ER.LND.PTLD.ZS,29.86199951
Sri Lanka,LKA,2020,Terrestrial protected areas (% of total land area),ER.LND.PTLD.ZS,29.862
Sri Lanka,LKA,2019,Terrestrial protected areas (% of total land area),ER.LND.PTLD.ZS,29.862
Sri Lanka,LKA,2018,Terrestrial protected areas (% of total land area),ER.LND.PTLD.ZS,29.8619988979122
Sri Lanka,LKA,2017,Terrestrial protected areas (% of total land area),ER.LND.PTLD.ZS,29.8619988979122
Sri Lanka,LKA,2016,Terrestrial protected areas (% of total land area),ER.LND.PTLD.ZS,29.86
Sri Lanka,LKA,2022,Marine protected areas (% of territorial waters),ER.MRN.PTMR.ZS,0.0746256
Sri Lanka,LKA,2021,Marine protected areas (% of territorial waters),ER.MRN.PTMR.ZS,0.074625649
Sri Lanka,LKA,2020,Marine protected areas (% of territorial waters),ER.MRN.PTMR.ZS,0.074626
Sri Lanka,LKA,2019,Marine protected areas (% of territorial waters),ER.MRN.PTMR.ZS,0.074626
Sri Lanka,LKA,2018,Marine protected areas (% of territorial waters),ER.MRN.PTMR.ZS,0.0746256541871951
Sri Lanka,LKA,2017,Marine protected areas (% of territorial waters),ER.MRN.PTMR.ZS,0.0746256541871951
Sri Lanka,LKA,2016,Marine protected areas (% of territorial waters),ER.MRN.PTMR.ZS,0.07470721
Sri Lanka,LKA,2022,Terrestrial and marine protected areas (% of total territorial area),ER.PTD.TOTL.ZS,3.37864224349665
Sri Lanka,LKA,2021,Terrestrial and marine protected areas (% of total territorial area),ER.PTD.TOTL.ZS,3.37864224349665
Sri Lanka,LKA,2020,Terrestrial and marine protected areas (% of total territorial area),ER.PTD.TOTL.ZS,3.37864224354659
Sri Lanka,LKA,2019,Terrestrial and marine protected areas (% of total territorial area),ER.PTD.TOTL.ZS,3.37864224354659
Sri Lanka,LKA,2018,Terrestrial and marine protected areas (% of total territorial area),ER.PTD.TOTL.ZS,3.37864252327298
Sri Lanka,LKA,2017,Terrestrial and marine protected areas (% of total territorial area),ER.PTD.TOTL.ZS,3.37864252327298
Sri Lanka,LKA,2016,Terrestrial and marine protected areas (% of total territorial area),ER.PTD.TOTL.ZS,3.37879848480939
Sri Lanka,LKA,2021,Adjusted savings: education expenditure (current US$),NY.ADJ.AEDU.CD,1421132078.26655
Sri Lanka,LKA,2020,Adjusted savings: education expenditure (current US$),NY.ADJ.AEDU.CD,1358759997.34986
Sri Lanka,LKA,2019,Adjusted savings: education expenditure (current US$),NY.ADJ.AEDU.CD,1415616482.17584
Sri Lanka,LKA,2018,Adjusted savings: education expenditure (current US$),NY.ADJ.AEDU.CD,1506400528.69932
Sri Lanka,LKA,2017,Adjusted savings: education expenditure (current US$),NY.ADJ.AEDU.CD,2113527359.90865
Sri Lanka,LKA,2016,Adjusted savings: education expenditure (current US$),NY.ADJ.AEDU.CD,2155731366.02102
Sri Lanka,LKA,2015,Adjusted savings: education expenditure (current US$),NY.ADJ.AEDU.CD,1531901090.28439
Sri Lanka,LKA,2014,Adjusted savings: education expenditure (current US$),NY.ADJ.AEDU.CD,1279984235.10461
Sri Lanka,LKA,2013,Adjusted savings: education expenditure (current US$),NY.ADJ.AEDU.CD,977241331.302099
Sri Lanka,LKA,2012,Adjusted savings: education expenditure (current US$),NY.ADJ.AEDU.CD,990037050.89982
Sri Lanka,LKA,2011,Adjusted savings: education expenditure (current US$),NY.ADJ.AEDU.CD,1127308873.33809
Sri Lanka,LKA,2010,Adjusted savings: education expenditure (current US$),NY.ADJ.AEDU.CD,986323276.114961
Sri Lanka,LKA,2009,Adjusted savings: education expenditure (current US$),NY.ADJ.AEDU.CD,723506110.759252
Sri Lanka,LKA,2008,Adjusted savings: education expenditure (current US$),NY.ADJ.AEDU.CD,722623460.587056
Sri Lanka,LKA,2007,Adjusted savings: education expenditure (current US$),NY.ADJ.AEDU.CD,606783496.014978
Sri Lanka,LKA,2006,Adjusted savings: education expenditure (current US$),NY.ADJ.AEDU.CD,550716571.611738
Sri Lanka,LKA,2005,Adjusted savings: education expenditure (current US$),NY.ADJ.AEDU.CD,494846776.48123
Sri Lanka,LKA,2004,Adjusted savings: education expenditure (current US$),NY.ADJ.AEDU.CD,435933796.548347
Sri Lanka,LKA,2003,Adjusted savings: education expenditure (current US$),NY.ADJ.AEDU.CD,413330933.767849
Sri Lanka,LKA,2002,Adjusted savings: education expenditure (current US$),NY.ADJ.AEDU.CD,372486882.709599
Sri Lanka,LKA,2001,Adjusted savings: education expenditure (current US$),NY.ADJ.AEDU.CD,365888495.696551
Sri Lanka,LKA,2000,Adjusted savings: education expenditure (current US$),NY.ADJ.AEDU.CD,391375979.487904
Sri Lanka,LKA,1999,Adjusted savings: education expenditure (current US$),NY.ADJ.AEDU.CD,387679209.049727
Sri Lanka,LKA,1998,Adjusted savings: education expenditure (current US$),NY.ADJ.AEDU.CD,404179984.484097
Sri Lanka,LKA,1997,Adjusted savings: education expenditure (current US$),NY.ADJ.AEDU.CD,425904931.501882
Sri Lanka,LKA,1996,Adjusted savings: education expenditure (current US$),NY.ADJ.AEDU.CD,383650153.790484
Sri Lanka,LKA,1995,Adjusted savings: education expenditure (current US$),NY.ADJ.AEDU.CD,308628292.682928
Sri Lanka,LKA,1994,Adjusted savings: education expenditure (current US$),NY.ADJ.AEDU.CD,302786887.899636
Sri Lanka,LKA,1993,Adjusted savings: education expenditure (current US$),NY.ADJ.AEDU.CD,258496481.78808
Sri Lanka,LKA,1992,Adjusted savings: education expenditure (current US$),NY.ADJ.AEDU.CD,193617613.506731
Sri Lanka,LKA,1991,Adjusted savings: education expenditure (current US$),NY.ADJ.AEDU.CD,187442639.593909
Sri Lanka,LKA,1990,Adjusted savings: education expenditure (current US$),NY.ADJ.AEDU.CD,151497254.118822
Sri Lanka,LKA,1989,Adjusted savings: education expenditure (current US$),NY.ADJ.AEDU.CD,180348404.993065
Sri Lanka,LKA,1988,Adjusted savings: education expenditure (current US$),NY.ADJ.AEDU.CD,167068217.541654
Sri Lanka,LKA,1987,Adjusted savings: education expenditure (current US$),NY.ADJ.AEDU.CD,139726324.728261
Sri Lanka,LKA,1986,Adjusted savings: education expenditure (current US$),NY.ADJ.AEDU.CD,133947323.340471
Sri Lanka,LKA,1985,Adjusted savings: education expenditure (current US$),NY.ADJ.AEDU.CD,130974521.354934
Sri Lanka,LKA,1984,Adjusted savings: education expenditure (current US$),NY.ADJ.AEDU.CD,105677122.64151
Sri Lanka,LKA,1983,Adjusted savings: education expenditure (current US$),NY.ADJ.AEDU.CD,107971058.223544
Sri Lanka,LKA,1982,Adjusted savings: education expenditure (current US$),NY.ADJ.AEDU.CD,105991158.097069
Sri Lanka,LKA,1981,Adjusted savings: education expenditure (current US$),NY.ADJ.AEDU.CD,87833766.2337662
Sri Lanka,LKA,1980,Adjusted savings: education expenditure (current US$),NY.ADJ.AEDU.CD,93544464.6098003
Sri Lanka,LKA,1979,Adjusted savings: education expenditure (current US$),NY.ADJ.AEDU.CD,77244251.7662171
Sri Lanka,LKA,1978,Adjusted savings: education expenditure (current US$),NY.ADJ.AEDU.CD,61432369.970852
Sri Lanka,LKA,1977,Adjusted savings: education expenditure (current US$),NY.ADJ.AEDU.CD,86545506.5857948
Sri Lanka,LKA,1976,Adjusted savings: education expenditure (current US$),NY.ADJ.AEDU.CD,75065341.1586208
Sri Lanka,LKA,1975,Adjusted savings: education expenditure (current US$),NY.ADJ.AEDU.CD,97710556.3480742
Sri Lanka,LKA,1974,Adjusted savings: education expenditure (current US$),NY.ADJ.AEDU.CD,90450526.3157893
Sri Lanka,LKA,1973,Adjusted savings: education expenditure (current US$),NY.ADJ.AEDU.CD,91787500.0
Sri Lanka,LKA,1972,Adjusted savings: education expenditure (current US$),NY.ADJ.AEDU.CD,74768717.6592965
Sri Lanka,LKA,1971,Adjusted savings: education expenditure (current US$),NY.ADJ.AEDU.CD,68604516.373356
Sri Lanka,LKA,1970,Adjusted savings: education expenditure (current US$),NY.ADJ.AEDU.CD,83545210.0840336
Sri Lanka,LKA,2021,Adjusted savings: education expenditure (% of GNI),NY.ADJ.AEDU.GN.ZS,1.63568884113916
Sri Lanka,LKA,2020,Adjusted savings: education expenditure (% of GNI),NY.ADJ.AEDU.GN.ZS,1.63568884113916
Sri Lanka,LKA,2019,Adjusted savings: education expenditure (% of GNI),NY.ADJ.AEDU.GN.ZS,1.63568884113916
Sri Lanka,LKA,2018,Adjusted savings: education expenditure (% of GNI),NY.ADJ.AEDU.GN.ZS,1.63568884113916
Sri Lanka,LKA,2017,Adjusted savings: education expenditure (% of GNI),NY.ADJ.AEDU.GN.ZS,2.29577460369932
Sri Lanka,LKA,2016,Adjusted savings: education expenditure (% of GNI),NY.ADJ.AEDU.GN.ZS,2.51202211780375
Sri Lanka,LKA,2015,Adjusted savings: education expenditure (% of GNI),NY.ADJ.AEDU.GN.ZS,1.84302852419592
Sri Lanka,LKA,2014,Adjusted savings: education expenditure (% of GNI),NY.ADJ.AEDU.GN.ZS,1.58570039503291
Sri Lanka,LKA,2013,Adjusted savings: education expenditure (% of GNI),NY.ADJ.AEDU.GN.ZS,1.29867806087484
Sri Lanka,LKA,2012,Adjusted savings: education expenditure (% of GNI),NY.ADJ.AEDU.GN.ZS,1.43
Sri Lanka,LKA,2011,Adjusted savings: education expenditure (% of GNI),NY.ADJ.AEDU.GN.ZS,1.68
Sri Lanka,LKA,2010,Adjusted savings: education expenditure (% of GNI),NY.ADJ.AEDU.GN.ZS,1.7
Sri Lanka,LKA,2009,Adjusted savings: education expenditure (% of GNI),NY.ADJ.AEDU.GN.ZS,1.74
Sri Lanka,LKA,2008,Adjusted savings: education expenditure (% of GNI),NY.ADJ.AEDU.GN.ZS,1.81818181818183
Sri Lanka,LKA,2007,Adjusted savings: education expenditure (% of GNI),NY.ADJ.AEDU.GN.ZS,1.89636363636365
Sri Lanka,LKA,2006,Adjusted savings: education expenditure (% of GNI),NY.ADJ.AEDU.GN.ZS,1.97454545454545
Sri Lanka,LKA,2005,Adjusted savings: education expenditure (% of GNI),NY.ADJ.AEDU.GN.ZS,2.05272727272727
Sri Lanka,LKA,2004,Adjusted savings: education expenditure (% of GNI),NY.ADJ.AEDU.GN.ZS,2.13090909090909
Sri Lanka,LKA,2003,Adjusted savings: education expenditure (% of GNI),NY.ADJ.AEDU.GN.ZS,2.20909090909092
Sri Lanka,LKA,2002,Adjusted savings: education expenditure (% of GNI),NY.ADJ.AEDU.GN.ZS,2.28727272727274
Sri Lanka,LKA,2001,Adjusted savings: education expenditure (% of GNI),NY.ADJ.AEDU.GN.ZS,2.36545454545456
Sri Lanka,LKA,2000,Adjusted savings: education expenditure (% of GNI),NY.ADJ.AEDU.GN.ZS,2.44363636363636
Sri Lanka,LKA,1999,Adjusted savings: education expenditure (% of GNI),NY.ADJ.AEDU.GN.ZS,2.52181818181818
Sri Lanka,LKA,1998,Adjusted savings: education expenditure (% of GNI),NY.ADJ.AEDU.GN.ZS,2.6
Sri Lanka,LKA,1997,Adjusted savings: education expenditure (% of GNI),NY.ADJ.AEDU.GN.ZS,2.8550669
Sri Lanka,LKA,1996,Adjusted savings: education expenditure (% of GNI),NY.ADJ.AEDU.GN.ZS,2.8
Sri Lanka,LKA,1995,Adjusted savings: education expenditure (% of GNI),NY.ADJ.AEDU.GN.ZS,2.4
Sri Lanka,LKA,1994,Adjusted savings: education expenditure (% of GNI),NY.ADJ.AEDU.GN.ZS,2.6
Sri Lanka,LKA,1993,Adjusted savings: education expenditure (% of GNI),NY.ADJ.AEDU.GN.ZS,2.5
Sri Lanka,LKA,1992,Adjusted savings: education expenditure (% of GNI),NY.ADJ.AEDU.GN.ZS,2.0
Sri Lanka,LKA,1991,Adjusted savings: education expenditure (% of GNI),NY.ADJ.AEDU.GN.ZS,2.1
Sri Lanka,LKA,1990,Adjusted savings: education expenditure (% of GNI),NY.ADJ.AEDU.GN.ZS,1.9
Sri Lanka,LKA,1989,Adjusted savings: education expenditure (% of GNI),NY.ADJ.AEDU.GN.ZS,2.6
Sri Lanka,LKA,1988,Adjusted savings: education expenditure (% of GNI),NY.ADJ.AEDU.GN.ZS,2.4
Sri Lanka,LKA,1987,Adjusted savings: education expenditure (% of GNI),NY.ADJ.AEDU.GN.ZS,2.1
Sri Lanka,LKA,1986,Adjusted savings: education expenditure (% of GNI),NY.ADJ.AEDU.GN.ZS,2.1
Sri Lanka,LKA,1985,Adjusted savings: education expenditure (% of GNI),NY.ADJ.AEDU.GN.ZS,2.2
Sri Lanka,LKA,1984,Adjusted savings: education expenditure (% of GNI),NY.ADJ.AEDU.GN.ZS,1.8
Sri Lanka,LKA,1983,Adjusted savings: education expenditure (% of GNI),NY.ADJ.AEDU.GN.ZS,2.1
Sri Lanka,LKA,1982,Adjusted savings: education expenditure (% of GNI),NY.ADJ.AEDU.GN.ZS,2.2
Sri Lanka,LKA,1981,Adjusted savings: education expenditure (% of GNI),NY.ADJ.AEDU.GN.ZS,2.0
Sri Lanka,LKA,1980,Adjusted savings: education expenditure (% of GNI),NY.ADJ.AEDU.GN.ZS,2.3
Sri Lanka,LKA,1979,Adjusted savings: education expenditure (% of GNI),NY.ADJ.AEDU.GN.ZS,2.3
Sri Lanka,LKA,1978,Adjusted savings: education expenditure (% of GNI),NY.ADJ.AEDU.GN.ZS,2.4560361
Sri Lanka,LKA,1977,Adjusted savings: education expenditure (% of GNI),NY.ADJ.AEDU.GN.ZS,2.4560361
Sri Lanka,LKA,1976,Adjusted savings: education expenditure (% of GNI),NY.ADJ.AEDU.GN.ZS,2.4560361
Sri Lanka,LKA,1975,Adjusted savings: education expenditure (% of GNI),NY.ADJ.AEDU.GN.ZS,2.9
Sri Lanka,LKA,1974,Adjusted savings: education expenditure (% of GNI),NY.ADJ.AEDU.GN.ZS,2.8
Sri Lanka,LKA,1973,Adjusted savings: education expenditure (% of GNI),NY.ADJ.AEDU.GN.ZS,3.5
Sri Lanka,LKA,1972,Adjusted savings: education expenditure (% of GNI),NY.ADJ.AEDU.GN.ZS,3.1788153
Sri Lanka,LKA,1971,Adjusted savings: education expenditure (% of GNI),NY.ADJ.AEDU.GN.ZS,3.1788153
Sri Lanka,LKA,1970,Adjusted savings: education expenditure (% of GNI),NY.ADJ.AEDU.GN.ZS,3.9
Sri Lanka,LKA,2021,Adjusted savings: carbon dioxide damage (current US$),NY.ADJ.DCO2.CD,1103824379.37714
Sri Lanka,LKA,2020,Adjusted savings: carbon dioxide damage (current US$),NY.ADJ.DCO2.CD,984612723.278782
Sri Lanka,LKA,2019,Adjusted savings: carbon dioxide damage (current US$),NY.ADJ.DCO2.CD,969722764.056195
Sri Lanka,LKA,2018,Adjusted savings: carbon dioxide damage (current US$),NY.ADJ.DCO2.CD,849787013.923297
Sri Lanka,LKA,2017,Adjusted savings: carbon dioxide damage (current US$),NY.ADJ.DCO2.CD,874063311.131503
Sri Lanka,LKA,2016,Adjusted savings: carbon dioxide damage (current US$),NY.ADJ.DCO2.CD,787540396.396224
Sri Lanka,LKA,2015,Adjusted savings: carbon dioxide damage (current US$),NY.ADJ.DCO2.CD,707974615.119014
Sri Lanka,LKA,2014,Adjusted savings: carbon dioxide damage (current US$),NY.ADJ.DCO2.CD,592605335.286155
Sri Lanka,LKA,2013,Adjusted savings: carbon dioxide damage (current US$),NY.ADJ.DCO2.CD,468071575.205281
Sri Lanka,LKA,2012,Adjusted savings: carbon dioxide damage (current US$),NY.ADJ.DCO2.CD,523530329.755802
Sri Lanka,LKA,2011,Adjusted savings: carbon dioxide damage (current US$),NY.ADJ.DCO2.CD,459953730.82837
Sri Lanka,LKA,2010,Adjusted savings: carbon dioxide damage (current US$),NY.ADJ.DCO2.CD,373517621.984098
Sri Lanka,LKA,2009,Adjusted savings: carbon dioxide damage (current US$),NY.ADJ.DCO2.CD,339418791.087483
Sri Lanka,LKA,2008,Adjusted savings: carbon dioxide damage (current US$),NY.ADJ.DCO2.CD,343791456.556661
Sri Lanka,LKA,2007,Adjusted savings: carbon dioxide damage (current US$),NY.ADJ.DCO2.CD,349986646.042514
Sri Lanka,LKA,2006,Adjusted savings: carbon dioxide damage (current US$),NY.ADJ.DCO2.CD,304094972.154401
Sri Lanka,LKA,2005,Adjusted savings: carbon dioxide damage (current US$),NY.ADJ.DCO2.CD,325262111.697661
Sri Lanka,LKA,2004,Adjusted savings: carbon dioxide damage (current US$),NY.ADJ.DCO2.CD,283943547.141217
Sri Lanka,LKA,2003,Adjusted savings: carbon dioxide damage (current US$),NY.ADJ.DCO2.CD,260769873.331571
Sri Lanka,LKA,2002,Adjusted savings: carbon dioxide damage (current US$),NY.ADJ.DCO2.CD,229539965.325555
Sri Lanka,LKA,2001,Adjusted savings: carbon dioxide damage (current US$),NY.ADJ.DCO2.CD,210564223.93624
Sri Lanka,LKA,2000,Adjusted savings: carbon dioxide damage (current US$),NY.ADJ.DCO2.CD,202878411.049864
Sri Lanka,LKA,1999,Adjusted savings: carbon dioxide damage (current US$),NY.ADJ.DCO2.CD,168634571.320498
Sri Lanka,LKA,1998,Adjusted savings: carbon dioxide damage (current US$),NY.ADJ.DCO2.CD,147395880.40333
Sri Lanka,LKA,1997,Adjusted savings: carbon dioxide damage (current US$),NY.ADJ.DCO2.CD,138077877.933458
Sri Lanka,LKA,1996,Adjusted savings: carbon dioxide damage (current US$),NY.ADJ.DCO2.CD,133068647.697578
Sri Lanka,LKA,1995,Adjusted savings: carbon dioxide damage (current US$),NY.ADJ.DCO2.CD,88971161.9305377
Sri Lanka,LKA,1994,Adjusted savings: carbon dioxide damage (current US$),NY.ADJ.DCO2.CD,84494067.1239477
Sri Lanka,LKA,1993,Adjusted savings: carbon dioxide damage (current US$),NY.ADJ.DCO2.CD,71372099.6173486
Sri Lanka,LKA,1992,Adjusted savings: carbon dioxide damage (current US$),NY.ADJ.DCO2.CD,70328690.8798581
Sri Lanka,LKA,1991,Adjusted savings: carbon dioxide damage (current US$),NY.ADJ.DCO2.CD,51108921.5013784
Sri Lanka,LKA,1990,Adjusted savings: carbon dioxide damage (current US$),NY.ADJ.DCO2.CD,46531580.1239834
Sri Lanka,LKA,2021,Adjusted savings: carbon dioxide damage (% of GNI),NY.ADJ.DCO2.GN.ZS,1.27047531157475
Sri Lanka,LKA,2020,Adjusted savings: carbon dioxide damage (% of GNI),NY.ADJ.DCO2.GN.ZS,1.1852866197503
Sri Lanka,LKA,2019,Adjusted savings: carbon dioxide damage (% of GNI),NY.ADJ.DCO2.GN.ZS,1.12047629010886
Sri Lanka,LKA,2018,Adjusted savings: carbon dioxide damage (% of GNI),NY.ADJ.DCO2.GN.ZS,0.922720823272327
Sri Lanka,LKA,2017,Adjusted savings: carbon dioxide damage (% of GNI),NY.ADJ.DCO2.GN.ZS,0.949432872166734
Sri Lanka,LKA,2016,Adjusted savings: carbon dioxide damage (% of GNI),NY.ADJ.DCO2.GN.ZS,0.917701957485899
Sri Lanka,LKA,2015,Adjusted savings: carbon dioxide damage (% of GNI),NY.ADJ.DCO2.GN.ZS,0.851763484174252
Sri Lanka,LKA,2014,Adjusted savings: carbon dioxide damage (% of GNI),NY.ADJ.DCO2.GN.ZS,0.734145381239845
Sri Lanka,LKA,2013,Adjusted savings: carbon dioxide damage (% of GNI),NY.ADJ.DCO2.GN.ZS,0.622030880364301
Sri Lanka,LKA,2012,Adjusted savings: carbon dioxide damage (% of GNI),NY.ADJ.DCO2.GN.ZS,0.756182176081561
Sri Lanka,LKA,2011,Adjusted savings: carbon dioxide damage (% of GNI),NY.ADJ.DCO2.GN.ZS,0.685457451872569
Sri Lanka,LKA,2010,Adjusted savings: carbon dioxide damage (% of GNI),NY.ADJ.DCO2.GN.ZS,0.643784824661237
Sri Lanka,LKA,2009,Adjusted savings: carbon dioxide damage (% of GNI),NY.ADJ.DCO2.GN.ZS,0.816287088263088
Sri Lanka,LKA,2008,Adjusted savings: carbon dioxide damage (% of GNI),NY.ADJ.DCO2.GN.ZS,0.865008416762114
Sri Lanka,LKA,2007,Adjusted savings: carbon dioxide damage (% of GNI),NY.ADJ.DCO2.GN.ZS,1.0938035611165
Sri Lanka,LKA,2006,Adjusted savings: carbon dioxide damage (% of GNI),NY.ADJ.DCO2.GN.ZS,1.09030556908849
Sri Lanka,LKA,2005,Adjusted savings: carbon dioxide damage (% of GNI),NY.ADJ.DCO2.GN.ZS,1.3492548384661
Sri Lanka,LKA,2004,Adjusted savings: carbon dioxide damage (% of GNI),NY.ADJ.DCO2.GN.ZS,1.38795819617324
Sri Lanka,LKA,2003,Adjusted savings: carbon dioxide damage (% of GNI),NY.ADJ.DCO2.GN.ZS,1.3937121794642
Sri Lanka,LKA,2002,Adjusted savings: carbon dioxide damage (% of GNI),NY.ADJ.DCO2.GN.ZS,1.40950064788615
Sri Lanka,LKA,2001,Adjusted savings: carbon dioxide damage (% of GNI),NY.ADJ.DCO2.GN.ZS,1.36128931758809
Sri Lanka,LKA,2000,Adjusted savings: carbon dioxide damage (% of GNI),NY.ADJ.DCO2.GN.ZS,1.26671305501909
Sri Lanka,LKA,1999,Adjusted savings: carbon dioxide damage (% of GNI),NY.ADJ.DCO2.GN.ZS,1.09695263019534
Sri Lanka,LKA,1998,Adjusted savings: carbon dioxide damage (% of GNI),NY.ADJ.DCO2.GN.ZS,0.948164935821402
Sri Lanka,LKA,1997,Adjusted savings: carbon dioxide damage (% of GNI),NY.ADJ.DCO2.GN.ZS,0.925609331453147
Sri Lanka,LKA,1996,Adjusted savings: carbon dioxide damage (% of GNI),NY.ADJ.DCO2.GN.ZS,0.971177021231419
Sri Lanka,LKA,1995,Adjusted savings: carbon dioxide damage (% of GNI),NY.ADJ.DCO2.GN.ZS,0.691870426969128
Sri Lanka,LKA,1994,Adjusted savings: carbon dioxide damage (% of GNI),NY.ADJ.DCO2.GN.ZS,0.725541901917107
Sri Lanka,LKA,1993,Adjusted savings: carbon dioxide damage (% of GNI),NY.ADJ.DCO2.GN.ZS,0.690261808629379
Sri Lanka,LKA,1992,Adjusted savings: carbon dioxide damage (% of GNI),NY.ADJ.DCO2.GN.ZS,0.726469969400933
Sri Lanka,LKA,1991,Adjusted savings: carbon dioxide damage (% of GNI),NY.ADJ.DCO2.GN.ZS,0.572595090345614
Sri Lanka,LKA,1990,Adjusted savings: carbon dioxide damage (% of GNI),NY.ADJ.DCO2.GN.ZS,0.583574948270859
Sri Lanka,LKA,2021,Adjusted savings: net forest depletion (current US$),NY.ADJ.DFOR.CD,48443461.4794406
Sri Lanka,LKA,2020,Adjusted savings: net forest depletion (current US$),NY.ADJ.DFOR.CD,47826248.1135501
Sri Lanka,LKA,2019,Adjusted savings: net forest depletion (current US$),NY.ADJ.DFOR.CD,42617946.0354593
Sri Lanka,LKA,2018,Adjusted savings: net forest depletion (current US$),NY.ADJ.DFOR.CD,39689498.5773739
Sri Lanka,LKA,2017,Adjusted savings: net forest depletion (current US$),NY.ADJ.DFOR.CD,55258328.4642491
Sri Lanka,LKA,2016,Adjusted savings: net forest depletion (current US$),NY.ADJ.DFOR.CD,70245689.2453305
Sri Lanka,LKA,2015,Adjusted savings: net forest depletion (current US$),NY.ADJ.DFOR.CD,65177888.2534843
Sri Lanka,LKA,2014,Adjusted savings: net forest depletion (current US$),NY.ADJ.DFOR.CD,57947143.8008305
Sri Lanka,LKA,2013,Adjusted savings: net forest depletion (current US$),NY.ADJ.DFOR.CD,56852870.638649
Sri Lanka,LKA,2012,Adjusted savings: net forest depletion (current US$),NY.ADJ.DFOR.CD,63226573.0558139
Sri Lanka,LKA,2011,Adjusted savings: net forest depletion (current US$),NY.ADJ.DFOR.CD,73445660.5320891
Sri Lanka,LKA,2010,Adjusted savings: net forest depletion (current US$),NY.ADJ.DFOR.CD,74046974.9217622
Sri Lanka,LKA,2009,Adjusted savings: net forest depletion (current US$),NY.ADJ.DFOR.CD,42452923.9805302
Sri Lanka,LKA,2008,Adjusted savings: net forest depletion (current US$),NY.ADJ.DFOR.CD,45693410.6515094
Sri Lanka,LKA,2007,Adjusted savings: net forest depletion (current US$),NY.ADJ.DFOR.CD,48917955.0754612
Sri Lanka,LKA,2006,Adjusted savings: net forest depletion (current US$),NY.ADJ.DFOR.CD,36955080.01401
Sri Lanka,LKA,2005,Adjusted savings: net forest depletion (current US$),NY.ADJ.DFOR.CD,24848306.5569626
Sri Lanka,LKA,2004,Adjusted savings: net forest depletion (current US$),NY.ADJ.DFOR.CD,24321368.6921318
Sri Lanka,LKA,2003,Adjusted savings: net forest depletion (current US$),NY.ADJ.DFOR.CD,28831326.9410003
Sri Lanka,LKA,2002,Adjusted savings: net forest depletion (current US$),NY.ADJ.DFOR.CD,25431168.7960022
Sri Lanka,LKA,2001,Adjusted savings: net forest depletion (current US$),NY.ADJ.DFOR.CD,22652100.6085192
Sri Lanka,LKA,2000,Adjusted savings: net forest depletion (current US$),NY.ADJ.DFOR.CD,22170731.8879344
Sri Lanka,LKA,1999,Adjusted savings: net forest depletion (current US$),NY.ADJ.DFOR.CD,23748182.4351281
Sri Lanka,LKA,1998,Adjusted savings: net forest depletion (current US$),NY.ADJ.DFOR.CD,21028268.8433687
Sri Lanka,LKA,1997,Adjusted savings: net forest depletion (current US$),NY.ADJ.DFOR.CD,22697916.0995855
Sri Lanka,LKA,1996,Adjusted savings: net forest depletion (current US$),NY.ADJ.DFOR.CD,39770759.7729041
Sri Lanka,LKA,1995,Adjusted savings: net forest depletion (current US$),NY.ADJ.DFOR.CD,40806463.8158921
Sri Lanka,LKA,1994,Adjusted savings: net forest depletion (current US$),NY.ADJ.DFOR.CD,32466810.6941272
Sri Lanka,LKA,1993,Adjusted savings: net forest depletion (current US$),NY.ADJ.DFOR.CD,36388017.2460207
Sri Lanka,LKA,1992,Adjusted savings: net forest depletion (current US$),NY.ADJ.DFOR.CD,38925052.3121604
Sri Lanka,LKA,1991,Adjusted savings: net forest depletion (current US$),NY.ADJ.DFOR.CD,38565898.4835597
Sri Lanka,LKA,1990,Adjusted savings: net forest depletion (current US$),NY.ADJ.DFOR.CD,26441286.0131968
Sri Lanka,LKA,1989,Adjusted savings: net forest depletion (current US$),NY.ADJ.DFOR.CD,22152915.6318659
Sri Lanka,LKA,1988,Adjusted savings: net forest depletion (current US$),NY.ADJ.DFOR.CD,22651039.9194464
Sri Lanka,LKA,1987,Adjusted savings: net forest depletion (current US$),NY.ADJ.DFOR.CD,21422225.8646266
Sri Lanka,LKA,1986,Adjusted savings: net forest depletion (current US$),NY.ADJ.DFOR.CD,22773530.1104433
Sri Lanka,LKA,1985,Adjusted savings: net forest depletion (current US$),NY.ADJ.DFOR.CD,12309482.0257047
Sri Lanka,LKA,1984,Adjusted savings: net forest depletion (current US$),NY.ADJ.DFOR.CD,17277922.6438779
Sri Lanka,LKA,1983,Adjusted savings: net forest depletion (current US$),NY.ADJ.DFOR.CD,21921399.252809
Sri Lanka,LKA,1982,Adjusted savings: net forest depletion (current US$),NY.ADJ.DFOR.CD,30115394.8933241
Sri Lanka,LKA,1981,Adjusted savings: net forest depletion (current US$),NY.ADJ.DFOR.CD,19769002.9265234
Sri Lanka,LKA,1980,Adjusted savings: net forest depletion (current US$),NY.ADJ.DFOR.CD,22610979.3886033
Sri Lanka,LKA,1979,Adjusted savings: net forest depletion (current US$),NY.ADJ.DFOR.CD,18460734.0217141
Sri Lanka,LKA,1978,Adjusted savings: net forest depletion (current US$),NY.ADJ.DFOR.CD,40133240.2263477
Sri Lanka,LKA,1977,Adjusted savings: net forest depletion (current US$),NY.ADJ.DFOR.CD,39568391.5054906
Sri Lanka,LKA,1976,Adjusted savings: net forest depletion (current US$),NY.ADJ.DFOR.CD,12367126.9430671
Sri Lanka,LKA,1975,Adjusted savings: net forest depletion (current US$),NY.ADJ.DFOR.CD,18942273.4119543
Sri Lanka,LKA,1974,Adjusted savings: net forest depletion (current US$),NY.ADJ.DFOR.CD,8804628.63912683
Sri Lanka,LKA,1973,Adjusted savings: net forest depletion (current US$),NY.ADJ.DFOR.CD,7532914.81211081
Sri Lanka,LKA,1972,Adjusted savings: net forest depletion (current US$),NY.ADJ.DFOR.CD,4757922.8439303
Sri Lanka,LKA,1971,Adjusted savings: net forest depletion (current US$),NY.ADJ.DFOR.CD,4609953.17772982
Sri Lanka,LKA,1970,Adjusted savings: net forest depletion (current US$),NY.ADJ.DFOR.CD,4948624.74332036
Sri Lanka,LKA,2021,Adjusted savings: net forest depletion (% of GNI),NY.ADJ.DFOR.GN.ZS,0.0557572590048974
Sri Lanka,LKA,2020,Adjusted savings: net forest depletion (% of GNI),NY.ADJ.DFOR.GN.ZS,0.0575737146408968
Sri Lanka,LKA,2019,Adjusted savings: net forest depletion (% of GNI),NY.ADJ.DFOR.GN.ZS,0.0492433506109834
Sri Lanka,LKA,2018,Adjusted savings: net forest depletion (% of GNI),NY.ADJ.DFOR.GN.ZS,0.0430958889728172
Sri Lanka,LKA,2017,Adjusted savings: net forest depletion (% of GNI),NY.ADJ.DFOR.GN.ZS,0.0600231960737815
Sri Lanka,LKA,2016,Adjusted savings: net forest depletion (% of GNI),NY.ADJ.DFOR.GN.ZS,0.0818556188614265
Sri Lanka,LKA,2015,Adjusted savings: net forest depletion (% of GNI),NY.ADJ.DFOR.GN.ZS,0.0784154459839994
Sri Lanka,LKA,2014,Adjusted savings: net forest depletion (% of GNI),NY.ADJ.DFOR.GN.ZS,0.071787453545079
Sri Lanka,LKA,2013,Adjusted savings: net forest depletion (% of GNI),NY.ADJ.DFOR.GN.ZS,0.0755530629243763
Sri Lanka,LKA,2012,Adjusted savings: net forest depletion (% of GNI),NY.ADJ.DFOR.GN.ZS,0.0913238543826606
Sri Lanka,LKA,2011,Adjusted savings: net forest depletion (% of GNI),NY.ADJ.DFOR.GN.ZS,0.109454216685567
Sri Lanka,LKA,2010,Adjusted savings: net forest depletion (% of GNI),NY.ADJ.DFOR.GN.ZS,0.127625354095693
Sri Lanka,LKA,2009,Adjusted savings: net forest depletion (% of GNI),NY.ADJ.DFOR.GN.ZS,0.102097392997282
Sri Lanka,LKA,2008,Adjusted savings: net forest depletion (% of GNI),NY.ADJ.DFOR.GN.ZS,0.114968490491296
Sri Lanka,LKA,2007,Adjusted savings: net forest depletion (% of GNI),NY.ADJ.DFOR.GN.ZS,0.152881928693864
Sri Lanka,LKA,2006,Adjusted savings: net forest depletion (% of GNI),NY.ADJ.DFOR.GN.ZS,0.132499163862952
Sri Lanka,LKA,2005,Adjusted savings: net forest depletion (% of GNI),NY.ADJ.DFOR.GN.ZS,0.103075939815685
Sri Lanka,LKA,2004,Adjusted savings: net forest depletion (% of GNI),NY.ADJ.DFOR.GN.ZS,0.118886459503187
Sri Lanka,LKA,2003,Adjusted savings: net forest depletion (% of GNI),NY.ADJ.DFOR.GN.ZS,0.154092077410699
Sri Lanka,LKA,2002,Adjusted savings: net forest depletion (% of GNI),NY.ADJ.DFOR.GN.ZS,0.156161254288019
Sri Lanka,LKA,2001,Adjusted savings: net forest depletion (% of GNI),NY.ADJ.DFOR.GN.ZS,0.146444927836579
Sri Lanka,LKA,2000,Adjusted savings: net forest depletion (% of GNI),NY.ADJ.DFOR.GN.ZS,0.138427521077499
Sri Lanka,LKA,1999,Adjusted savings: net forest depletion (% of GNI),NY.ADJ.DFOR.GN.ZS,0.15447977826007
Sri Lanka,LKA,1998,Adjusted savings: net forest depletion (% of GNI),NY.ADJ.DFOR.GN.ZS,0.135270179354737
Sri Lanka,LKA,1997,Adjusted savings: net forest depletion (% of GNI),NY.ADJ.DFOR.GN.ZS,0.152156183602719
Sri Lanka,LKA,1996,Adjusted savings: net forest depletion (% of GNI),NY.ADJ.DFOR.GN.ZS,0.290259566597087
Sri Lanka,LKA,1995,Adjusted savings: net forest depletion (% of GNI),NY.ADJ.DFOR.GN.ZS,0.317325130197172
Sri Lanka,LKA,1994,Adjusted savings: net forest depletion (% of GNI),NY.ADJ.DFOR.GN.ZS,0.278789178720021
Sri Lanka,LKA,1993,Adjusted savings: net forest depletion (% of GNI),NY.ADJ.DFOR.GN.ZS,0.351919850072198
Sri Lanka,LKA,1992,Adjusted savings: net forest depletion (% of GNI),NY.ADJ.DFOR.GN.ZS,0.402081728073849
Sri Lanka,LKA,1991,Adjusted savings: net forest depletion (% of GNI),NY.ADJ.DFOR.GN.ZS,0.432070242880357
Sri Lanka,LKA,1990,Adjusted savings: net forest depletion (% of GNI),NY.ADJ.DFOR.GN.ZS,0.331612897654707
Sri Lanka,LKA,1989,Adjusted savings: net forest depletion (% of GNI),NY.ADJ.DFOR.GN.ZS,0.319368394996708
Sri Lanka,LKA,1988,Adjusted savings: net forest depletion (% of GNI),NY.ADJ.DFOR.GN.ZS,0.325391008574792
Sri Lanka,LKA,1987,Adjusted savings: net forest depletion (% of GNI),NY.ADJ.DFOR.GN.ZS,0.321962768313027
Sri Lanka,LKA,1986,Adjusted savings: net forest depletion (% of GNI),NY.ADJ.DFOR.GN.ZS,0.357038961580214
Sri Lanka,LKA,1985,Adjusted savings: net forest depletion (% of GNI),NY.ADJ.DFOR.GN.ZS,0.206764339937252
Sri Lanka,LKA,1984,Adjusted savings: net forest depletion (% of GNI),NY.ADJ.DFOR.GN.ZS,0.294295113091622
Sri Lanka,LKA,1983,Adjusted savings: net forest depletion (% of GNI),NY.ADJ.DFOR.GN.ZS,0.426363686605605
Sri Lanka,LKA,1982,Adjusted savings: net forest depletion (% of GNI),NY.ADJ.DFOR.GN.ZS,0.625088639041348
Sri Lanka,LKA,1981,Adjusted savings: net forest depletion (% of GNI),NY.ADJ.DFOR.GN.ZS,0.450145855613408
Sri Lanka,LKA,1980,Adjusted savings: net forest depletion (% of GNI),NY.ADJ.DFOR.GN.ZS,0.555941528028578
Sri Lanka,LKA,1979,Adjusted savings: net forest depletion (% of GNI),NY.ADJ.DFOR.GN.ZS,0.549680879535844
Sri Lanka,LKA,1978,Adjusted savings: net forest depletion (% of GNI),NY.ADJ.DFOR.GN.ZS,1.60450731190495
Sri Lanka,LKA,1977,Adjusted savings: net forest depletion (% of GNI),NY.ADJ.DFOR.GN.ZS,1.12289362891509
Sri Lanka,LKA,1976,Adjusted savings: net forest depletion (% of GNI),NY.ADJ.DFOR.GN.ZS,0.404635611543707
Sri Lanka,LKA,1975,Adjusted savings: net forest depletion (% of GNI),NY.ADJ.DFOR.GN.ZS,0.562197115109867
Sri Lanka,LKA,1974,Adjusted savings: net forest depletion (% of GNI),NY.ADJ.DFOR.GN.ZS,0.272557398986097
Sri Lanka,LKA,1973,Adjusted savings: net forest depletion (% of GNI),NY.ADJ.DFOR.GN.ZS,0.287241746886971
Sri Lanka,LKA,1972,Adjusted savings: net forest depletion (% of GNI),NY.ADJ.DFOR.GN.ZS,0.202284570419199
Sri Lanka,LKA,1971,Adjusted savings: net forest depletion (% of GNI),NY.ADJ.DFOR.GN.ZS,0.213603862665556
Sri Lanka,LKA,1970,Adjusted savings: net forest depletion (% of GNI),NY.ADJ.DFOR.GN.ZS,0.231008294545396
Sri Lanka,LKA,2021,Adjusted savings: consumption of fixed capital (current US$),NY.ADJ.DKAP.CD,6815929734.28576
Sri Lanka,LKA,2020,Adjusted savings: consumption of fixed capital (current US$),NY.ADJ.DKAP.CD,6508541685.01556
Sri Lanka,LKA,2019,Adjusted savings: consumption of fixed capital (current US$),NY.ADJ.DKAP.CD,6445635021.23077
Sri Lanka,LKA,2018,Adjusted savings: consumption of fixed capital (current US$),NY.ADJ.DKAP.CD,6761918190.80926
Sri Lanka,LKA,2017,Adjusted savings: consumption of fixed capital (current US$),NY.ADJ.DKAP.CD,6884335675.81435
Sri Lanka,LKA,2016,Adjusted savings: consumption of fixed capital (current US$),NY.ADJ.DKAP.CD,6075504002.16558
Sri Lanka,LKA,2015,Adjusted savings: consumption of fixed capital (current US$),NY.ADJ.DKAP.CD,5932060430.78783
Sri Lanka,LKA,2014,Adjusted savings: consumption of fixed capital (current US$),NY.ADJ.DKAP.CD,6037055717.56879
Sri Lanka,LKA,2013,Adjusted savings: consumption of fixed capital (current US$),NY.ADJ.DKAP.CD,5310539606.02222
Sri Lanka,LKA,2012,Adjusted savings: consumption of fixed capital (current US$),NY.ADJ.DKAP.CD,4568200059.69896
Sri Lanka,LKA,2011,Adjusted savings: consumption of fixed capital (current US$),NY.ADJ.DKAP.CD,4341590281.86867
Sri Lanka,LKA,2010,Adjusted savings: consumption of fixed capital (current US$),NY.ADJ.DKAP.CD,3535877089.36192
Sri Lanka,LKA,2009,Adjusted savings: consumption of fixed capital (current US$),NY.ADJ.DKAP.CD,2440855793.32295
Sri Lanka,LKA,2008,Adjusted savings: consumption of fixed capital (current US$),NY.ADJ.DKAP.CD,2489089026.30046
Sri Lanka,LKA,2007,Adjusted savings: consumption of fixed capital (current US$),NY.ADJ.DKAP.CD,1941184465.51447
Sri Lanka,LKA,2006,Adjusted savings: consumption of fixed capital (current US$),NY.ADJ.DKAP.CD,1705476519.04903
Sri Lanka,LKA,2005,Adjusted savings: consumption of fixed capital (current US$),NY.ADJ.DKAP.CD,1398626669.4337
Sri Lanka,LKA,2004,Adjusted savings: consumption of fixed capital (current US$),NY.ADJ.DKAP.CD,1153777660.71567
Sri Lanka,LKA,2003,Adjusted savings: consumption of fixed capital (current US$),NY.ADJ.DKAP.CD,956173961.770118
Sri Lanka,LKA,2002,Adjusted savings: consumption of fixed capital (current US$),NY.ADJ.DKAP.CD,838559488.142144
Sri Lanka,LKA,2001,Adjusted savings: consumption of fixed capital (current US$),NY.ADJ.DKAP.CD,820709426.549111
Sri Lanka,LKA,2000,Adjusted savings: consumption of fixed capital (current US$),NY.ADJ.DKAP.CD,981251568.970626
Sri Lanka,LKA,1999,Adjusted savings: consumption of fixed capital (current US$),NY.ADJ.DKAP.CD,950747245.174232
Sri Lanka,LKA,1998,Adjusted savings: consumption of fixed capital (current US$),NY.ADJ.DKAP.CD,957529038.402869
Sri Lanka,LKA,1997,Adjusted savings: consumption of fixed capital (current US$),NY.ADJ.DKAP.CD,725424650.716557
Sri Lanka,LKA,1996,Adjusted savings: consumption of fixed capital (current US$),NY.ADJ.DKAP.CD,671427660.786172
Sri Lanka,LKA,1995,Adjusted savings: consumption of fixed capital (current US$),NY.ADJ.DKAP.CD,620119893.296991
Sri Lanka,LKA,1994,Adjusted savings: consumption of fixed capital (current US$),NY.ADJ.DKAP.CD,554070041.719351
Sri Lanka,LKA,1993,Adjusted savings: consumption of fixed capital (current US$),NY.ADJ.DKAP.CD,467107981.019636
Sri Lanka,LKA,1992,Adjusted savings: consumption of fixed capital (current US$),NY.ADJ.DKAP.CD,420244132.833287
Sri Lanka,LKA,1991,Adjusted savings: consumption of fixed capital (current US$),NY.ADJ.DKAP.CD,392934561.934424
Sri Lanka,LKA,1990,Adjusted savings: consumption of fixed capital (current US$),NY.ADJ.DKAP.CD,310676714.305627
Sri Lanka,LKA,1989,Adjusted savings: consumption of fixed capital (current US$),NY.ADJ.DKAP.CD,266703964.317358
Sri Lanka,LKA,1988,Adjusted savings: consumption of fixed capital (current US$),NY.ADJ.DKAP.CD,290170326.896141
Sri Lanka,LKA,1987,Adjusted savings: consumption of fixed capital (current US$),NY.ADJ.DKAP.CD,295764399.454628
Sri Lanka,LKA,1986,Adjusted savings: consumption of fixed capital (current US$),NY.ADJ.DKAP.CD,271628737.244786
Sri Lanka,LKA,1985,Adjusted savings: consumption of fixed capital (current US$),NY.ADJ.DKAP.CD,271521625.407733
Sri Lanka,LKA,1984,Adjusted savings: consumption of fixed capital (current US$),NY.ADJ.DKAP.CD,267047509.682445
Sri Lanka,LKA,1983,Adjusted savings: consumption of fixed capital (current US$),NY.ADJ.DKAP.CD,260440184.907002
Sri Lanka,LKA,1982,Adjusted savings: consumption of fixed capital (current US$),NY.ADJ.DKAP.CD,257818300.640033
Sri Lanka,LKA,1981,Adjusted savings: consumption of fixed capital (current US$),NY.ADJ.DKAP.CD,239070361.600235
Sri Lanka,LKA,1980,Adjusted savings: consumption of fixed capital (current US$),NY.ADJ.DKAP.CD,250335840.355842
Sri Lanka,LKA,1979,Adjusted savings: consumption of fixed capital (current US$),NY.ADJ.DKAP.CD,166607214.002719
Sri Lanka,LKA,1978,Adjusted savings: consumption of fixed capital (current US$),NY.ADJ.DKAP.CD,190112957.692186
Sri Lanka,LKA,1977,Adjusted savings: consumption of fixed capital (current US$),NY.ADJ.DKAP.CD,167563878.162486
Sri Lanka,LKA,1976,Adjusted savings: consumption of fixed capital (current US$),NY.ADJ.DKAP.CD,169732549.149403
Sri Lanka,LKA,1975,Adjusted savings: consumption of fixed capital (current US$),NY.ADJ.DKAP.CD,161996507.282231
Sri Lanka,LKA,1974,Adjusted savings: consumption of fixed capital (current US$),NY.ADJ.DKAP.CD,138945817.590133
Sri Lanka,LKA,1973,Adjusted savings: consumption of fixed capital (current US$),NY.ADJ.DKAP.CD,135702699.64066
Sri Lanka,LKA,1972,Adjusted savings: consumption of fixed capital (current US$),NY.ADJ.DKAP.CD,127414673.632394
Sri Lanka,LKA,1971,Adjusted savings: consumption of fixed capital (current US$),NY.ADJ.DKAP.CD,120578519.697637
Sri Lanka,LKA,1970,Adjusted savings: consumption of fixed capital (current US$),NY.ADJ.DKAP.CD,127089826.417748
Sri Lanka,LKA,2021,Adjusted savings: consumption of fixed capital (% of GNI),NY.ADJ.DKAP.GN.ZS,7.84497118801142
Sri Lanka,LKA,2020,Adjusted savings: consumption of fixed capital (% of GNI),NY.ADJ.DKAP.GN.ZS,7.83504741605065
Sri Lanka,LKA,2019,Adjusted savings: consumption of fixed capital (% of GNI),NY.ADJ.DKAP.GN.ZS,7.44767626757072
Sri Lanka,LKA,2018,Adjusted savings: consumption of fixed capital (% of GNI),NY.ADJ.DKAP.GN.ZS,7.34226649465699
Sri Lanka,LKA,2017,Adjusted savings: consumption of fixed capital (% of GNI),NY.ADJ.DKAP.GN.ZS,7.47796470851406
Sri Lanka,LKA,2016,Adjusted savings: consumption of fixed capital (% of GNI),NY.ADJ.DKAP.GN.ZS,7.07963926804797
Sri Lanka,LKA,2015,Adjusted savings: consumption of fixed capital (% of GNI),NY.ADJ.DKAP.GN.ZS,7.13685540831244
Sri Lanka,LKA,2014,Adjusted savings: consumption of fixed capital (% of GNI),NY.ADJ.DKAP.GN.ZS,7.47896839167096
Sri Lanka,LKA,2013,Adjusted savings: consumption of fixed capital (% of GNI),NY.ADJ.DKAP.GN.ZS,7.05729593790172
Sri Lanka,LKA,2012,Adjusted savings: consumption of fixed capital (% of GNI),NY.ADJ.DKAP.GN.ZS,6.59826425630461
Sri Lanka,LKA,2011,Adjusted savings: consumption of fixed capital (% of GNI),NY.ADJ.DKAP.GN.ZS,6.47016256684063
Sri Lanka,LKA,2010,Adjusted savings: consumption of fixed capital (% of GNI),NY.ADJ.DKAP.GN.ZS,6.09434168033834
Sri Lanka,LKA,2009,Adjusted savings: consumption of fixed capital (% of GNI),NY.ADJ.DKAP.GN.ZS,5.87014956366438
Sri Lanka,LKA,2008,Adjusted savings: consumption of fixed capital (% of GNI),NY.ADJ.DKAP.GN.ZS,6.262758764819
Sri Lanka,LKA,2007,Adjusted savings: consumption of fixed capital (% of GNI),NY.ADJ.DKAP.GN.ZS,6.06672998862313
Sri Lanka,LKA,2006,Adjusted savings: consumption of fixed capital (% of GNI),NY.ADJ.DKAP.GN.ZS,6.11483489350386
Sri Lanka,LKA,2005,Adjusted savings: consumption of fixed capital (% of GNI),NY.ADJ.DKAP.GN.ZS,5.80179410104567
Sri Lanka,LKA,2004,Adjusted savings: consumption of fixed capital (% of GNI),NY.ADJ.DKAP.GN.ZS,5.63983642831459
Sri Lanka,LKA,2003,Adjusted savings: consumption of fixed capital (% of GNI),NY.ADJ.DKAP.GN.ZS,5.1103729091861
Sri Lanka,LKA,2002,Adjusted savings: consumption of fixed capital (% of GNI),NY.ADJ.DKAP.GN.ZS,5.14921286213091
Sri Lanka,LKA,2001,Adjusted savings: consumption of fixed capital (% of GNI),NY.ADJ.DKAP.GN.ZS,5.30585374058346
Sri Lanka,LKA,2000,Adjusted savings: consumption of fixed capital (% of GNI),NY.ADJ.DKAP.GN.ZS,6.12664583797218
Sri Lanka,LKA,1999,Adjusted savings: consumption of fixed capital (% of GNI),NY.ADJ.DKAP.GN.ZS,6.18452481646079
Sri Lanka,LKA,1998,Adjusted savings: consumption of fixed capital (% of GNI),NY.ADJ.DKAP.GN.ZS,6.15957146671972
Sri Lanka,LKA,1997,Adjusted savings: consumption of fixed capital (% of GNI),NY.ADJ.DKAP.GN.ZS,4.86290661486682
Sri Lanka,LKA,1996,Adjusted savings: consumption of fixed capital (% of GNI),NY.ADJ.DKAP.GN.ZS,4.90029114188228
Sri Lanka,LKA,1995,Adjusted savings: consumption of fixed capital (% of GNI),NY.ADJ.DKAP.GN.ZS,4.82226606956539
Sri Lanka,LKA,1994,Adjusted savings: consumption of fixed capital (% of GNI),NY.ADJ.DKAP.GN.ZS,4.75774270961105
Sri Lanka,LKA,1993,Adjusted savings: consumption of fixed capital (% of GNI),NY.ADJ.DKAP.GN.ZS,4.51754679394998
Sri Lanka,LKA,1992,Adjusted savings: consumption of fixed capital (% of GNI),NY.ADJ.DKAP.GN.ZS,4.34097007211256
Sri Lanka,LKA,1991,Adjusted savings: consumption of fixed capital (% of GNI),NY.ADJ.DKAP.GN.ZS,4.40221382845435
Sri Lanka,LKA,1990,Adjusted savings: consumption of fixed capital (% of GNI),NY.ADJ.DKAP.GN.ZS,3.89634624478224
Sri Lanka,LKA,1989,Adjusted savings: consumption of fixed capital (% of GNI),NY.ADJ.DKAP.GN.ZS,3.84494837784562
Sri Lanka,LKA,1988,Adjusted savings: consumption of fixed capital (% of GNI),NY.ADJ.DKAP.GN.ZS,4.16840973584403
Sri Lanka,LKA,1987,Adjusted savings: consumption of fixed capital (% of GNI),NY.ADJ.DKAP.GN.ZS,4.4451554856441
Sri Lanka,LKA,1986,Adjusted savings: consumption of fixed capital (% of GNI),NY.ADJ.DKAP.GN.ZS,4.25854234327729
Sri Lanka,LKA,1985,Adjusted savings: consumption of fixed capital (% of GNI),NY.ADJ.DKAP.GN.ZS,4.56079220383813
Sri Lanka,LKA,1984,Adjusted savings: consumption of fixed capital (% of GNI),NY.ADJ.DKAP.GN.ZS,4.54862419995139
Sri Lanka,LKA,1983,Adjusted savings: consumption of fixed capital (% of GNI),NY.ADJ.DKAP.GN.ZS,5.06547214877108
Sri Lanka,LKA,1982,Adjusted savings: consumption of fixed capital (% of GNI),NY.ADJ.DKAP.GN.ZS,5.35139224432873
Sri Lanka,LKA,1981,Adjusted savings: consumption of fixed capital (% of GNI),NY.ADJ.DKAP.GN.ZS,5.44370056873021
Sri Lanka,LKA,1980,Adjusted savings: consumption of fixed capital (% of GNI),NY.ADJ.DKAP.GN.ZS,6.15506684676792
Sri Lanka,LKA,1979,Adjusted savings: consumption of fixed capital (% of GNI),NY.ADJ.DKAP.GN.ZS,4.96084282576797
Sri Lanka,LKA,1978,Adjusted savings: consumption of fixed capital (% of GNI),NY.ADJ.DKAP.GN.ZS,7.60062304923813
Sri Lanka,LKA,1977,Adjusted savings: consumption of fixed capital (% of GNI),NY.ADJ.DKAP.GN.ZS,4.75522011550182
Sri Lanka,LKA,1976,Adjusted savings: consumption of fixed capital (% of GNI),NY.ADJ.DKAP.GN.ZS,5.55341868326518
Sri Lanka,LKA,1975,Adjusted savings: consumption of fixed capital (% of GNI),NY.ADJ.DKAP.GN.ZS,4.80797457999254
Sri Lanka,LKA,1974,Adjusted savings: consumption of fixed capital (% of GNI),NY.ADJ.DKAP.GN.ZS,4.30122747870024
Sri Lanka,LKA,1973,Adjusted savings: consumption of fixed capital (% of GNI),NY.ADJ.DKAP.GN.ZS,5.17455480040648
Sri Lanka,LKA,1972,Adjusted savings: consumption of fixed capital (% of GNI),NY.ADJ.DKAP.GN.ZS,5.41707450210365
Sri Lanka,LKA,1971,Adjusted savings: consumption of fixed capital (% of GNI),NY.ADJ.DKAP.GN.ZS,5.58704970938418
Sri Lanka,LKA,1970,Adjusted savings: consumption of fixed capital (% of GNI),NY.ADJ.DKAP.GN.ZS,5.93271981159266
Sri Lanka,LKA,2021,Adjusted savings: mineral depletion (current US$),NY.ADJ.DMIN.CD,0.0
Sri Lanka,LKA,2020,Adjusted savings: mineral depletion (current US$),NY.ADJ.DMIN.CD,0.0
Sri Lanka,LKA,2019,Adjusted savings: mineral depletion (current US$),NY.ADJ.DMIN.CD,0.0
Sri Lanka,LKA,2018,Adjusted savings: mineral depletion (current US$),NY.ADJ.DMIN.CD,63549.1326711705
Sri Lanka,LKA,2017,Adjusted savings: mineral depletion (current US$),NY.ADJ.DMIN.CD,433349.451446978
Sri Lanka,LKA,2016,Adjusted savings: mineral depletion (current US$),NY.ADJ.DMIN.CD,556958.772969753
Sri Lanka,LKA,2015,Adjusted savings: mineral depletion (current US$),NY.ADJ.DMIN.CD,869961.649019183
Sri Lanka,LKA,2014,Adjusted savings: mineral depletion (current US$),NY.ADJ.DMIN.CD,966253.889123629
Sri Lanka,LKA,2013,Adjusted savings: mineral depletion (current US$),NY.ADJ.DMIN.CD,1009122.31168895
Sri Lanka,LKA,2012,Adjusted savings: mineral depletion (current US$),NY.ADJ.DMIN.CD,1798265.84276617
Sri Lanka,LKA,2011,Adjusted savings: mineral depletion (current US$),NY.ADJ.DMIN.CD,2571383.24700394
Sri Lanka,LKA,2010,Adjusted savings: mineral depletion (current US$),NY.ADJ.DMIN.CD,1034247.4583674
Sri Lanka,LKA,2009,Adjusted savings: mineral depletion (current US$),NY.ADJ.DMIN.CD,2496616.02024242
Sri Lanka,LKA,2008,Adjusted savings: mineral depletion (current US$),NY.ADJ.DMIN.CD,1701195.2887263
Sri Lanka,LKA,2007,Adjusted savings: mineral depletion (current US$),NY.ADJ.DMIN.CD,187532.827836475
Sri Lanka,LKA,2006,Adjusted savings: mineral depletion (current US$),NY.ADJ.DMIN.CD,78688.725619866
Sri Lanka,LKA,2005,Adjusted savings: mineral depletion (current US$),NY.ADJ.DMIN.CD,0.0
Sri Lanka,LKA,2004,Adjusted savings: mineral depletion (current US$),NY.ADJ.DMIN.CD,0.0
Sri Lanka,LKA,2003,Adjusted savings: mineral depletion (current US$),NY.ADJ.DMIN.CD,0.0
Sri Lanka,LKA,2002,Adjusted savings: mineral depletion (current US$),NY.ADJ.DMIN.CD,0.0
Sri Lanka,LKA,2001,Adjusted savings: mineral depletion (current US$),NY.ADJ.DMIN.CD,0.0
Sri Lanka,LKA,2000,Adjusted savings: mineral depletion (current US$),NY.ADJ.DMIN.CD,0.0
Sri Lanka,LKA,1999,Adjusted savings: mineral depletion (current US$),NY.ADJ.DMIN.CD,0.0
Sri Lanka,LKA,1998,Adjusted savings: mineral depletion (current US$),NY.ADJ.DMIN.CD,0.0
Sri Lanka,LKA,1997,Adjusted savings: mineral depletion (current US$),NY.ADJ.DMIN.CD,0.0
Sri Lanka,LKA,1996,Adjusted savings: mineral depletion (current US$),NY.ADJ.DMIN.CD,0.0
Sri Lanka,LKA,1995,Adjusted savings: mineral depletion (current US$),NY.ADJ.DMIN.CD,0.0
Sri Lanka,LKA,1994,Adjusted savings: mineral depletion (current US$),NY.ADJ.DMIN.CD,0.0
Sri Lanka,LKA,1993,Adjusted savings: mineral depletion (current US$),NY.ADJ.DMIN.CD,0.0
Sri Lanka,LKA,1992,Adjusted savings: mineral depletion (current US$),NY.ADJ.DMIN.CD,0.0
Sri Lanka,LKA,1991,Adjusted savings: mineral depletion (current US$),NY.ADJ.DMIN.CD,0.0
Sri Lanka,LKA,1990,Adjusted savings: mineral depletion (current US$),NY.ADJ.DMIN.CD,0.0
Sri Lanka,LKA,1989,Adjusted savings: mineral depletion (current US$),NY.ADJ.DMIN.CD,0.0
Sri Lanka,LKA,1988,Adjusted savings: mineral depletion (current US$),NY.ADJ.DMIN.CD,0.0
Sri Lanka,LKA,1987,Adjusted savings: mineral depletion (current US$),NY.ADJ.DMIN.CD,0.0
Sri Lanka,LKA,1986,Adjusted savings: mineral depletion (current US$),NY.ADJ.DMIN.CD,0.0
Sri Lanka,LKA,1985,Adjusted savings: mineral depletion (current US$),NY.ADJ.DMIN.CD,3964.74883431229
Sri Lanka,LKA,1984,Adjusted savings: mineral depletion (current US$),NY.ADJ.DMIN.CD,0.0
Sri Lanka,LKA,1983,Adjusted savings: mineral depletion (current US$),NY.ADJ.DMIN.CD,12477.4297039171
Sri Lanka,LKA,1982,Adjusted savings: mineral depletion (current US$),NY.ADJ.DMIN.CD,18895.5564774318
Sri Lanka,LKA,1981,Adjusted savings: mineral depletion (current US$),NY.ADJ.DMIN.CD,29849.3849224993
Sri Lanka,LKA,1980,Adjusted savings: mineral depletion (current US$),NY.ADJ.DMIN.CD,19648.6117690399
Sri Lanka,LKA,1979,Adjusted savings: mineral depletion (current US$),NY.ADJ.DMIN.CD,0.0
Sri Lanka,LKA,1978,Adjusted savings: mineral depletion (current US$),NY.ADJ.DMIN.CD,0.0
Sri Lanka,LKA,1977,Adjusted savings: mineral depletion (current US$),NY.ADJ.DMIN.CD,0.0
Sri Lanka,LKA,1976,Adjusted savings: mineral depletion (current US$),NY.ADJ.DMIN.CD,0.0
Sri Lanka,LKA,1975,Adjusted savings: mineral depletion (current US$),NY.ADJ.DMIN.CD,0.0
Sri Lanka,LKA,1974,Adjusted savings: mineral depletion (current US$),NY.ADJ.DMIN.CD,0.0
Sri Lanka,LKA,1973,Adjusted savings: mineral depletion (current US$),NY.ADJ.DMIN.CD,0.0
Sri Lanka,LKA,1972,Adjusted savings: mineral depletion (current US$),NY.ADJ.DMIN.CD,0.0
Sri Lanka,LKA,1971,Adjusted savings: mineral depletion (current US$),NY.ADJ.DMIN.CD,0.0
Sri Lanka,LKA,1970,Adjusted savings: mineral depletion (current US$),NY.ADJ.DMIN.CD,0.0
Sri Lanka,LKA,2021,Adjusted savings: mineral depletion (% of GNI),NY.ADJ.DMIN.GN.ZS,0.0
Sri Lanka,LKA,2020,Adjusted savings: mineral depletion (% of GNI),NY.ADJ.DMIN.GN.ZS,0.0
Sri Lanka,LKA,2019,Adjusted savings: mineral depletion (% of GNI),NY.ADJ.DMIN.GN.ZS,0.0
Sri Lanka,LKA,2018,Adjusted savings: mineral depletion (% of GNI),NY.ADJ.DMIN.GN.ZS,6.90032997160833e-05
Sri Lanka,LKA,2017,Adjusted savings: mineral depletion (% of GNI),NY.ADJ.DMIN.GN.ZS,0.0004707167193719
Sri Lanka,LKA,2016,Adjusted savings: mineral depletion (% of GNI),NY.ADJ.DMIN.GN.ZS,0.0006490107155546
Sri Lanka,LKA,2015,Adjusted savings: mineral depletion (% of GNI),NY.ADJ.DMIN.GN.ZS,0.0010466499072738
Sri Lanka,LKA,2014,Adjusted savings: mineral depletion (% of GNI),NY.ADJ.DMIN.GN.ZS,0.0011970375350444
Sri Lanka,LKA,2013,Adjusted savings: mineral depletion (% of GNI),NY.ADJ.DMIN.GN.ZS,0.0013410454152441
Sri Lanka,LKA,2012,Adjusted savings: mineral depletion (% of GNI),NY.ADJ.DMIN.GN.ZS,0.0025973978982083
Sri Lanka,LKA,2011,Adjusted savings: mineral depletion (% of GNI),NY.ADJ.DMIN.GN.ZS,0.0038320676410315
Sri Lanka,LKA,2010,Adjusted savings: mineral depletion (% of GNI),NY.ADJ.DMIN.GN.ZS,0.0017826008184153
Sri Lanka,LKA,2009,Adjusted savings: mineral depletion (% of GNI),NY.ADJ.DMIN.GN.ZS,0.0060042504280483
Sri Lanka,LKA,2008,Adjusted savings: mineral depletion (% of GNI),NY.ADJ.DMIN.GN.ZS,0.0042803514026875
Sri Lanka,LKA,2007,Adjusted savings: mineral depletion (% of GNI),NY.ADJ.DMIN.GN.ZS,0.0005860911472858
Sri Lanka,LKA,2006,Adjusted savings: mineral depletion (% of GNI),NY.ADJ.DMIN.GN.ZS,0.0002821314511055
Sri Lanka,LKA,2005,Adjusted savings: mineral depletion (% of GNI),NY.ADJ.DMIN.GN.ZS,0.0
Sri Lanka,LKA,2004,Adjusted savings: mineral depletion (% of GNI),NY.ADJ.DMIN.GN.ZS,0.0
Sri Lanka,LKA,2003,Adjusted savings: mineral depletion (% of GNI),NY.ADJ.DMIN.GN.ZS,0.0
Sri Lanka,LKA,2002,Adjusted savings: mineral depletion (% of GNI),NY.ADJ.DMIN.GN.ZS,0.0
Sri Lanka,LKA,2001,Adjusted savings: mineral depletion (% of GNI),NY.ADJ.DMIN.GN.ZS,0.0
Sri Lanka,LKA,2000,Adjusted savings: mineral depletion (% of GNI),NY.ADJ.DMIN.GN.ZS,0.0
Sri Lanka,LKA,1999,Adjusted savings: mineral depletion (% of GNI),NY.ADJ.DMIN.GN.ZS,0.0
Sri Lanka,LKA,1998,Adjusted savings: mineral depletion (% of GNI),NY.ADJ.DMIN.GN.ZS,0.0
Sri Lanka,LKA,1997,Adjusted savings: mineral depletion (% of GNI),NY.ADJ.DMIN.GN.ZS,0.0
Sri Lanka,LKA,1996,Adjusted savings: mineral depletion (% of GNI),NY.ADJ.DMIN.GN.ZS,0.0
Sri Lanka,LKA,1995,Adjusted savings: mineral depletion (% of GNI),NY.ADJ.DMIN.GN.ZS,0.0
Sri Lanka,LKA,1994,Adjusted savings: mineral depletion (% of GNI),NY.ADJ.DMIN.GN.ZS,0.0
Sri Lanka,LKA,1993,Adjusted savings: mineral depletion (% of GNI),NY.ADJ.DMIN.GN.ZS,0.0
Sri Lanka,LKA,1992,Adjusted savings: mineral depletion (% of GNI),NY.ADJ.DMIN.GN.ZS,0.0
Sri Lanka,LKA,1991,Adjusted savings: mineral depletion (% of GNI),NY.ADJ.DMIN.GN.ZS,0.0
Sri Lanka,LKA,1990,Adjusted savings: mineral depletion (% of GNI),NY.ADJ.DMIN.GN.ZS,0.0
Sri Lanka,LKA,1989,Adjusted savings: mineral depletion (% of GNI),NY.ADJ.DMIN.GN.ZS,0.0
Sri Lanka,LKA,1988,Adjusted savings: mineral depletion (% of GNI),NY.ADJ.DMIN.GN.ZS,0.0
Sri Lanka,LKA,1987,Adjusted savings: mineral depletion (% of GNI),NY.ADJ.DMIN.GN.ZS,0.0
Sri Lanka,LKA,1986,Adjusted savings: mineral depletion (% of GNI),NY.ADJ.DMIN.GN.ZS,0.0
Sri Lanka,LKA,1985,Adjusted savings: mineral depletion (% of GNI),NY.ADJ.DMIN.GN.ZS,6.6596520798497e-05
Sri Lanka,LKA,1984,Adjusted savings: mineral depletion (% of GNI),NY.ADJ.DMIN.GN.ZS,0.0
Sri Lanka,LKA,1983,Adjusted savings: mineral depletion (% of GNI),NY.ADJ.DMIN.GN.ZS,0.0002426817223924
Sri Lanka,LKA,1982,Adjusted savings: mineral depletion (% of GNI),NY.ADJ.DMIN.GN.ZS,0.0003922046423181
Sri Lanka,LKA,1981,Adjusted savings: mineral depletion (% of GNI),NY.ADJ.DMIN.GN.ZS,0.0006796790392218
Sri Lanka,LKA,1980,Adjusted savings: mineral depletion (% of GNI),NY.ADJ.DMIN.GN.ZS,0.0004831050907961
Sri Lanka,LKA,1979,Adjusted savings: mineral depletion (% of GNI),NY.ADJ.DMIN.GN.ZS,0.0
Sri Lanka,LKA,1978,Adjusted savings: mineral depletion (% of GNI),NY.ADJ.DMIN.GN.ZS,0.0
Sri Lanka,LKA,1977,Adjusted savings: mineral depletion (% of GNI),NY.ADJ.DMIN.GN.ZS,0.0
Sri Lanka,LKA,1976,Adjusted savings: mineral depletion (% of GNI),NY.ADJ.DMIN.GN.ZS,0.0
Sri Lanka,LKA,1975,Adjusted savings: mineral depletion (% of GNI),NY.ADJ.DMIN.GN.ZS,0.0
Sri Lanka,LKA,1974,Adjusted savings: mineral depletion (% of GNI),NY.ADJ.DMIN.GN.ZS,0.0
Sri Lanka,LKA,1973,Adjusted savings: mineral depletion (% of GNI),NY.ADJ.DMIN.GN.ZS,0.0
Sri Lanka,LKA,1972,Adjusted savings: mineral depletion (% of GNI),NY.ADJ.DMIN.GN.ZS,0.0
Sri Lanka,LKA,1971,Adjusted savings: mineral depletion (% of GNI),NY.ADJ.DMIN.GN.ZS,0.0
Sri Lanka,LKA,1970,Adjusted savings: mineral depletion (% of GNI),NY.ADJ.DMIN.GN.ZS,0.0
Sri Lanka,LKA,2021,Adjusted savings: energy depletion (current US$),NY.ADJ.DNGY.CD,0.0
Sri Lanka,LKA,2020,Adjusted savings: energy depletion (current US$),NY.ADJ.DNGY.CD,0.0
Sri Lanka,LKA,2019,Adjusted savings: energy depletion (current US$),NY.ADJ.DNGY.CD,0.0
Sri Lanka,LKA,2018,Adjusted savings: energy depletion (current US$),NY.ADJ.DNGY.CD,0.0
Sri Lanka,LKA,2017,Adjusted savings: energy depletion (current US$),NY.ADJ.DNGY.CD,0.0
Sri Lanka,LKA,2016,Adjusted savings: energy depletion (current US$),NY.ADJ.DNGY.CD,0.0
Sri Lanka,LKA,2015,Adjusted savings: energy depletion (current US$),NY.ADJ.DNGY.CD,0.0
Sri Lanka,LKA,2014,Adjusted savings: energy depletion (current US$),NY.ADJ.DNGY.CD,0.0
Sri Lanka,LKA,2013,Adjusted savings: energy depletion (current US$),NY.ADJ.DNGY.CD,0.0
Sri Lanka,LKA,2012,Adjusted savings: energy depletion (current US$),NY.ADJ.DNGY.CD,0.0
Sri Lanka,LKA,2011,Adjusted savings: energy depletion (current US$),NY.ADJ.DNGY.CD,0.0
Sri Lanka,LKA,2010,Adjusted savings: energy depletion (current US$),NY.ADJ.DNGY.CD,0.0
Sri Lanka,LKA,2009,Adjusted savings: energy depletion (current US$),NY.ADJ.DNGY.CD,0.0
Sri Lanka,LKA,2008,Adjusted savings: energy depletion (current US$),NY.ADJ.DNGY.CD,0.0
Sri Lanka,LKA,2007,Adjusted savings: energy depletion (current US$),NY.ADJ.DNGY.CD,0.0
Sri Lanka,LKA,2006,Adjusted savings: energy depletion (current US$),NY.ADJ.DNGY.CD,0.0
Sri Lanka,LKA,2005,Adjusted savings: energy depletion (current US$),NY.ADJ.DNGY.CD,0.0
Sri Lanka,LKA,2004,Adjusted savings: energy depletion (current US$),NY.ADJ.DNGY.CD,0.0
Sri Lanka,LKA,2003,Adjusted savings: energy depletion (current US$),NY.ADJ.DNGY.CD,0.0
Sri Lanka,LKA,2002,Adjusted savings: energy depletion (current US$),NY.ADJ.DNGY.CD,0.0
Sri Lanka,LKA,2001,Adjusted savings: energy depletion (current US$),NY.ADJ.DNGY.CD,0.0
Sri Lanka,LKA,2000,Adjusted savings: energy depletion (current US$),NY.ADJ.DNGY.CD,0.0
Sri Lanka,LKA,1999,Adjusted savings: energy depletion (current US$),NY.ADJ.DNGY.CD,0.0
Sri Lanka,LKA,1998,Adjusted savings: energy depletion (current US$),NY.ADJ.DNGY.CD,0.0
Sri Lanka,LKA,1997,Adjusted savings: energy depletion (current US$),NY.ADJ.DNGY.CD,0.0
Sri Lanka,LKA,1996,Adjusted savings: energy depletion (current US$),NY.ADJ.DNGY.CD,0.0
Sri Lanka,LKA,1995,Adjusted savings: energy depletion (current US$),NY.ADJ.DNGY.CD,0.0
Sri Lanka,LKA,1994,Adjusted savings: energy depletion (current US$),NY.ADJ.DNGY.CD,0.0
Sri Lanka,LKA,1993,Adjusted savings: energy depletion (current US$),NY.ADJ.DNGY.CD,0.0
Sri Lanka,LKA,1992,Adjusted savings: energy depletion (current US$),NY.ADJ.DNGY.CD,0.0
Sri Lanka,LKA,1991,Adjusted savings: energy depletion (current US$),NY.ADJ.DNGY.CD,0.0
Sri Lanka,LKA,1990,Adjusted savings: energy depletion (current US$),NY.ADJ.DNGY.CD,0.0
Sri Lanka,LKA,1989,Adjusted savings: energy depletion (current US$),NY.ADJ.DNGY.CD,0.0
Sri Lanka,LKA,1988,Adjusted savings: energy depletion (current US$),NY.ADJ.DNGY.CD,0.0
Sri Lanka,LKA,1987,Adjusted savings: energy depletion (current US$),NY.ADJ.DNGY.CD,0.0
Sri Lanka,LKA,1986,Adjusted savings: energy depletion (current US$),NY.ADJ.DNGY.CD,0.0
Sri Lanka,LKA,1985,Adjusted savings: energy depletion (current US$),NY.ADJ.DNGY.CD,0.0
Sri Lanka,LKA,1984,Adjusted savings: energy depletion (current US$),NY.ADJ.DNGY.CD,0.0
Sri Lanka,LKA,1983,Adjusted savings: energy depletion (current US$),NY.ADJ.DNGY.CD,0.0
Sri Lanka,LKA,1982,Adjusted savings: energy depletion (current US$),NY.ADJ.DNGY.CD,0.0
Sri Lanka,LKA,1981,Adjusted savings: energy depletion (current US$),NY.ADJ.DNGY.CD,0.0
Sri Lanka,LKA,1980,Adjusted savings: energy depletion (current US$),NY.ADJ.DNGY.CD,0.0
Sri Lanka,LKA,1979,Adjusted savings: energy depletion (current US$),NY.ADJ.DNGY.CD,0.0
Sri Lanka,LKA,1978,Adjusted savings: energy depletion (current US$),NY.ADJ.DNGY.CD,0.0
Sri Lanka,LKA,1977,Adjusted savings: energy depletion (current US$),NY.ADJ.DNGY.CD,0.0
Sri Lanka,LKA,1976,Adjusted savings: energy depletion (current US$),NY.ADJ.DNGY.CD,0.0
Sri Lanka,LKA,1975,Adjusted savings: energy depletion (current US$),NY.ADJ.DNGY.CD,0.0
Sri Lanka,LKA,1974,Adjusted savings: energy depletion (current US$),NY.ADJ.DNGY.CD,0.0
Sri Lanka,LKA,1973,Adjusted savings: energy depletion (current US$),NY.ADJ.DNGY.CD,0.0
Sri Lanka,LKA,1972,Adjusted savings: energy depletion (current US$),NY.ADJ.DNGY.CD,0.0
Sri Lanka,LKA,1971,Adjusted savings: energy depletion (current US$),NY.ADJ.DNGY.CD,0.0
Sri Lanka,LKA,2021,Adjusted savings: energy depletion (% of GNI),NY.ADJ.DNGY.GN.ZS,0.0
Sri Lanka,LKA,2020,Adjusted savings: energy depletion (% of GNI),NY.ADJ.DNGY.GN.ZS,0.0
Sri Lanka,LKA,2019,Adjusted savings: energy depletion (% of GNI),NY.ADJ.DNGY.GN.ZS,0.0
Sri Lanka,LKA,2018,Adjusted savings: energy depletion (% of GNI),NY.ADJ.DNGY.GN.ZS,0.0
Sri Lanka,LKA,2017,Adjusted savings: energy depletion (% of GNI),NY.ADJ.DNGY.GN.ZS,0.0
Sri Lanka,LKA,2016,Adjusted savings: energy depletion (% of GNI),NY.ADJ.DNGY.GN.ZS,0.0
Sri Lanka,LKA,2015,Adjusted savings: energy depletion (% of GNI),NY.ADJ.DNGY.GN.ZS,0.0
Sri Lanka,LKA,2014,Adjusted savings: energy depletion (% of GNI),NY.ADJ.DNGY.GN.ZS,0.0
Sri Lanka,LKA,2013,Adjusted savings: energy depletion (% of GNI),NY.ADJ.DNGY.GN.ZS,0.0
Sri Lanka,LKA,2012,Adjusted savings: energy depletion (% of GNI),NY.ADJ.DNGY.GN.ZS,0.0
Sri Lanka,LKA,2011,Adjusted savings: energy depletion (% of GNI),NY.ADJ.DNGY.GN.ZS,0.0
Sri Lanka,LKA,2010,Adjusted savings: energy depletion (% of GNI),NY.ADJ.DNGY.GN.ZS,0.0
Sri Lanka,LKA,2009,Adjusted savings: energy depletion (% of GNI),NY.ADJ.DNGY.GN.ZS,0.0
Sri Lanka,LKA,2008,Adjusted savings: energy depletion (% of GNI),NY.ADJ.DNGY.GN.ZS,0.0
Sri Lanka,LKA,2007,Adjusted savings: energy depletion (% of GNI),NY.ADJ.DNGY.GN.ZS,0.0
Sri Lanka,LKA,2006,Adjusted savings: energy depletion (% of GNI),NY.ADJ.DNGY.GN.ZS,0.0
Sri Lanka,LKA,2005,Adjusted savings: energy depletion (% of GNI),NY.ADJ.DNGY.GN.ZS,0.0
Sri Lanka,LKA,2004,Adjusted savings: energy depletion (% of GNI),NY.ADJ.DNGY.GN.ZS,0.0
Sri Lanka,LKA,2003,Adjusted savings: energy depletion (% of GNI),NY.ADJ.DNGY.GN.ZS,0.0
Sri Lanka,LKA,2002,Adjusted savings: energy depletion (% of GNI),NY.ADJ.DNGY.GN.ZS,0.0
Sri Lanka,LKA,2001,Adjusted savings: energy depletion (% of GNI),NY.ADJ.DNGY.GN.ZS,0.0
Sri Lanka,LKA,2000,Adjusted savings: energy depletion (% of GNI),NY.ADJ.DNGY.GN.ZS,0.0
Sri Lanka,LKA,1999,Adjusted savings: energy depletion (% of GNI),NY.ADJ.DNGY.GN.ZS,0.0
Sri Lanka,LKA,1998,Adjusted savings: energy depletion (% of GNI),NY.ADJ.DNGY.GN.ZS,0.0
Sri Lanka,LKA,1997,Adjusted savings: energy depletion (% of GNI),NY.ADJ.DNGY.GN.ZS,0.0
Sri Lanka,LKA,1996,Adjusted savings: energy depletion (% of GNI),NY.ADJ.DNGY.GN.ZS,0.0
Sri Lanka,LKA,1995,Adjusted savings: energy depletion (% of GNI),NY.ADJ.DNGY.GN.ZS,0.0
Sri Lanka,LKA,1994,Adjusted savings: energy depletion (% of GNI),NY.ADJ.DNGY.GN.ZS,0.0
Sri Lanka,LKA,1993,Adjusted savings: energy depletion (% of GNI),NY.ADJ.DNGY.GN.ZS,0.0
Sri Lanka,LKA,1992,Adjusted savings: energy depletion (% of GNI),NY.ADJ.DNGY.GN.ZS,0.0
Sri Lanka,LKA,1991,Adjusted savings: energy depletion (% of GNI),NY.ADJ.DNGY.GN.ZS,0.0
Sri Lanka,LKA,1990,Adjusted savings: energy depletion (% of GNI),NY.ADJ.DNGY.GN.ZS,0.0
Sri Lanka,LKA,1989,Adjusted savings: energy depletion (% of GNI),NY.ADJ.DNGY.GN.ZS,0.0
Sri Lanka,LKA,1988,Adjusted savings: energy depletion (% of GNI),NY.ADJ.DNGY.GN.ZS,0.0
Sri Lanka,LKA,1987,Adjusted savings: energy depletion (% of GNI),NY.ADJ.DNGY.GN.ZS,0.0
Sri Lanka,LKA,1986,Adjusted savings: energy depletion (% of GNI),NY.ADJ.DNGY.GN.ZS,0.0
Sri Lanka,LKA,1985,Adjusted savings: energy depletion (% of GNI),NY.ADJ.DNGY.GN.ZS,0.0
Sri Lanka,LKA,1984,Adjusted savings: energy depletion (% of GNI),NY.ADJ.DNGY.GN.ZS,0.0
Sri Lanka,LKA,1983,Adjusted savings: energy depletion (% of GNI),NY.ADJ.DNGY.GN.ZS,0.0
Sri Lanka,LKA,1982,Adjusted savings: energy depletion (% of GNI),NY.ADJ.DNGY.GN.ZS,0.0
Sri Lanka,LKA,1981,Adjusted savings: energy depletion (% of GNI),NY.ADJ.DNGY.GN.ZS,0.0
Sri Lanka,LKA,1980,Adjusted savings: energy depletion (% of GNI),NY.ADJ.DNGY.GN.ZS,0.0
Sri Lanka,LKA,1979,Adjusted savings: energy depletion (% of GNI),NY.ADJ.DNGY.GN.ZS,0.0
Sri Lanka,LKA,1978,Adjusted savings: energy depletion (% of GNI),NY.ADJ.DNGY.GN.ZS,0.0
Sri Lanka,LKA,1977,Adjusted savings: energy depletion (% of GNI),NY.ADJ.DNGY.GN.ZS,0.0
Sri Lanka,LKA,1976,Adjusted savings: energy depletion (% of GNI),NY.ADJ.DNGY.GN.ZS,0.0
Sri Lanka,LKA,1975,Adjusted savings: energy depletion (% of GNI),NY.ADJ.DNGY.GN.ZS,0.0
Sri Lanka,LKA,1974,Adjusted savings: energy depletion (% of GNI),NY.ADJ.DNGY.GN.ZS,0.0
Sri Lanka,LKA,1973,Adjusted savings: energy depletion (% of GNI),NY.ADJ.DNGY.GN.ZS,0.0
Sri Lanka,LKA,1972,Adjusted savings: energy depletion (% of GNI),NY.ADJ.DNGY.GN.ZS,0.0
Sri Lanka,LKA,1971,Adjusted savings: energy depletion (% of GNI),NY.ADJ.DNGY.GN.ZS,0.0
Sri Lanka,LKA,2021,Adjusted savings: particulate emission damage (current US$),NY.ADJ.DPEM.CD,279244878.75626
Sri Lanka,LKA,2020,Adjusted savings: particulate emission damage (current US$),NY.ADJ.DPEM.CD,273160166.113903
Sri Lanka,LKA,2019,Adjusted savings: particulate emission damage (current US$),NY.ADJ.DPEM.CD,272396846.545248
Sri Lanka,LKA,2018,Adjusted savings: particulate emission damage (current US$),NY.ADJ.DPEM.CD,277326126.511525
Sri Lanka,LKA,2017,Adjusted savings: particulate emission damage (current US$),NY.ADJ.DPEM.CD,279538530.06241
Sri Lanka,LKA,2016,Adjusted savings: particulate emission damage (current US$),NY.ADJ.DPEM.CD,264182001.096382
Sri Lanka,LKA,2015,Adjusted savings: particulate emission damage (current US$),NY.ADJ.DPEM.CD,252950520.159593
Sri Lanka,LKA,2014,Adjusted savings: particulate emission damage (current US$),NY.ADJ.DPEM.CD,233862769.861278
Sri Lanka,LKA,2013,Adjusted savings: particulate emission damage (current US$),NY.ADJ.DPEM.CD,227240200.153279
Sri Lanka,LKA,2012,Adjusted savings: particulate emission damage (current US$),NY.ADJ.DPEM.CD,216520450.850183
Sri Lanka,LKA,2011,Adjusted savings: particulate emission damage (current US$),NY.ADJ.DPEM.CD,217041677.230067
Sri Lanka,LKA,2010,Adjusted savings: particulate emission damage (current US$),NY.ADJ.DPEM.CD,196496046.711993
Sri Lanka,LKA,2009,Adjusted savings: particulate emission damage (current US$),NY.ADJ.DPEM.CD,143847124.856529
Sri Lanka,LKA,2008,Adjusted savings: particulate emission damage (current US$),NY.ADJ.DPEM.CD,137121729.225167
Sri Lanka,LKA,2007,Adjusted savings: particulate emission damage (current US$),NY.ADJ.DPEM.CD,106237580.024739
Sri Lanka,LKA,2006,Adjusted savings: particulate emission damage (current US$),NY.ADJ.DPEM.CD,95054515.2181844
Sri Lanka,LKA,2005,Adjusted savings: particulate emission damage (current US$),NY.ADJ.DPEM.CD,87428387.3599451
Sri Lanka,LKA,2004,Adjusted savings: particulate emission damage (current US$),NY.ADJ.DPEM.CD,66140699.2950139
Sri Lanka,LKA,2003,Adjusted savings: particulate emission damage (current US$),NY.ADJ.DPEM.CD,62471608.1908476
Sri Lanka,LKA,2002,Adjusted savings: particulate emission damage (current US$),NY.ADJ.DPEM.CD,53467412.97145
Sri Lanka,LKA,2001,Adjusted savings: particulate emission damage (current US$),NY.ADJ.DPEM.CD,53042284.3907086
Sri Lanka,LKA,2000,Adjusted savings: particulate emission damage (current US$),NY.ADJ.DPEM.CD,56091097.4364657
Sri Lanka,LKA,1999,Adjusted savings: particulate emission damage (current US$),NY.ADJ.DPEM.CD,57849961.1557599
Sri Lanka,LKA,1998,Adjusted savings: particulate emission damage (current US$),NY.ADJ.DPEM.CD,56144456.8449987
Sri Lanka,LKA,1997,Adjusted savings: particulate emission damage (current US$),NY.ADJ.DPEM.CD,60092510.1345508
Sri Lanka,LKA,1996,Adjusted savings: particulate emission damage (current US$),NY.ADJ.DPEM.CD,55103581.1341699
Sri Lanka,LKA,1995,Adjusted savings: particulate emission damage (current US$),NY.ADJ.DPEM.CD,51215696.8370261
Sri Lanka,LKA,1994,Adjusted savings: particulate emission damage (current US$),NY.ADJ.DPEM.CD,44396392.6300481
Sri Lanka,LKA,1993,Adjusted savings: particulate emission damage (current US$),NY.ADJ.DPEM.CD,40943448.2667552
Sri Lanka,LKA,1992,Adjusted savings: particulate emission damage (current US$),NY.ADJ.DPEM.CD,39007032.9568522
Sri Lanka,LKA,1991,Adjusted savings: particulate emission damage (current US$),NY.ADJ.DPEM.CD,39185563.2895042
Sri Lanka,LKA,1990,Adjusted savings: particulate emission damage (current US$),NY.ADJ.DPEM.CD,40463796.957364
Sri Lanka,LKA,2021,Adjusted savings: particulate emission damage (% of GNI),NY.ADJ.DPEM.GN.ZS,0.321404139074823
Sri Lanka,LKA,2020,Adjusted savings: particulate emission damage (% of GNI),NY.ADJ.DPEM.GN.ZS,0.328832933283055
Sri Lanka,LKA,2019,Adjusted savings: particulate emission damage (% of GNI),NY.ADJ.DPEM.GN.ZS,0.314743779735261
Sri Lanka,LKA,2018,Adjusted savings: particulate emission damage (% of GNI),NY.ADJ.DPEM.GN.ZS,0.301127915085717
Sri Lanka,LKA,2017,Adjusted savings: particulate emission damage (% of GNI),NY.ADJ.DPEM.GN.ZS,0.303642843828838
Sri Lanka,LKA,2016,Adjusted savings: particulate emission damage (% of GNI),NY.ADJ.DPEM.GN.ZS,0.307844957094387
Sri Lanka,LKA,2015,Adjusted savings: particulate emission damage (% of GNI),NY.ADJ.DPEM.GN.ZS,0.304324493807742
Sri Lanka,LKA,2014,Adjusted savings: particulate emission damage (% of GNI),NY.ADJ.DPEM.GN.ZS,0.289719417147517
Sri Lanka,LKA,2013,Adjusted savings: particulate emission damage (% of GNI),NY.ADJ.DPEM.GN.ZS,0.301984630648662
Sri Lanka,LKA,2012,Adjusted savings: particulate emission damage (% of GNI),NY.ADJ.DPEM.GN.ZS,0.312740057995155
Sri Lanka,LKA,2011,Adjusted savings: particulate emission damage (% of GNI),NY.ADJ.DPEM.GN.ZS,0.323451741018238
Sri Lanka,LKA,2010,Adjusted savings: particulate emission damage (% of GNI),NY.ADJ.DPEM.GN.ZS,0.338675247253775
Sri Lanka,LKA,2009,Adjusted savings: particulate emission damage (% of GNI),NY.ADJ.DPEM.GN.ZS,0.3459459340125
Sri Lanka,LKA,2008,Adjusted savings: particulate emission damage (% of GNI),NY.ADJ.DPEM.GN.ZS,0.34500988212078
Sri Lanka,LKA,2007,Adjusted savings: particulate emission damage (% of GNI),NY.ADJ.DPEM.GN.ZS,0.332021363298937
Sri Lanka,LKA,2006,Adjusted savings: particulate emission damage (% of GNI),NY.ADJ.DPEM.GN.ZS,0.340809539122442
Sri Lanka,LKA,2005,Adjusted savings: particulate emission damage (% of GNI),NY.ADJ.DPEM.GN.ZS,0.362671120989167
Sri Lanka,LKA,2004,Adjusted savings: particulate emission damage (% of GNI),NY.ADJ.DPEM.GN.ZS,0.323305553555995
Sri Lanka,LKA,2003,Adjusted savings: particulate emission damage (% of GNI),NY.ADJ.DPEM.GN.ZS,0.333886119949113
Sri Lanka,LKA,2002,Adjusted savings: particulate emission damage (% of GNI),NY.ADJ.DPEM.GN.ZS,0.328319093004869
Sri Lanka,LKA,2001,Adjusted savings: particulate emission damage (% of GNI),NY.ADJ.DPEM.GN.ZS,0.342916255058625
Sri Lanka,LKA,2000,Adjusted savings: particulate emission damage (% of GNI),NY.ADJ.DPEM.GN.ZS,0.350216294703017
Sri Lanka,LKA,1999,Adjusted savings: particulate emission damage (% of GNI),NY.ADJ.DPEM.GN.ZS,0.376308763675171
Sri Lanka,LKA,1998,Adjusted savings: particulate emission damage (% of GNI),NY.ADJ.DPEM.GN.ZS,0.36116481122469
Sri Lanka,LKA,1997,Adjusted savings: particulate emission damage (% of GNI),NY.ADJ.DPEM.GN.ZS,0.402832002949729
Sri Lanka,LKA,1996,Adjusted savings: particulate emission damage (% of GNI),NY.ADJ.DPEM.GN.ZS,0.402163339832611
Sri Lanka,LKA,1995,Adjusted savings: particulate emission damage (% of GNI),NY.ADJ.DPEM.GN.ZS,0.398270914634334
Sri Lanka,LKA,1994,Adjusted savings: particulate emission damage (% of GNI),NY.ADJ.DPEM.GN.ZS,0.38122727717452
Sri Lanka,LKA,1993,Adjusted savings: particulate emission damage (% of GNI),NY.ADJ.DPEM.GN.ZS,0.395976842542884
Sri Lanka,LKA,1992,Adjusted savings: particulate emission damage (% of GNI),NY.ADJ.DPEM.GN.ZS,0.402928558516669
Sri Lanka,LKA,1991,Adjusted savings: particulate emission damage (% of GNI),NY.ADJ.DPEM.GN.ZS,0.439012612531695
Sri Lanka,LKA,1990,Adjusted savings: particulate emission damage (% of GNI),NY.ADJ.DPEM.GN.ZS,0.507475958334482
Sri Lanka,LKA,2020,Adjusted savings: gross savings (% of GNI),NY.ADJ.ICTR.GN.ZS,33.0926250023997
Sri Lanka,LKA,2019,Adjusted savings: gross savings (% of GNI),NY.ADJ.ICTR.GN.ZS,32.9476329390481
Sri Lanka,LKA,2018,Adjusted savings: gross savings (% of GNI),NY.ADJ.ICTR.GN.ZS,36.0383077662093
Sri Lanka,LKA,2017,Adjusted savings: gross savings (% of GNI),NY.ADJ.ICTR.GN.ZS,38.2230870414385
Sri Lanka,LKA,2016,Adjusted savings: gross savings (% of GNI),NY.ADJ.ICTR.GN.ZS,35.348675548628
Sri Lanka,LKA,2015,Adjusted savings: gross savings (% of GNI),NY.ADJ.ICTR.GN.ZS,32.8231886824024
Sri Lanka,LKA,2009,Adjusted savings: gross savings (% of GNI),NY.ADJ.ICTR.GN.ZS,24.2092297475593
Sri Lanka,LKA,2008,Adjusted savings: gross savings (% of GNI),NY.ADJ.ICTR.GN.ZS,18.4730275521698
Sri Lanka,LKA,2007,Adjusted savings: gross savings (% of GNI),NY.ADJ.ICTR.GN.ZS,23.8872842435122
Sri Lanka,LKA,2006,Adjusted savings: gross savings (% of GNI),NY.ADJ.ICTR.GN.ZS,23.0033112685698
Sri Lanka,LKA,2005,Adjusted savings: gross savings (% of GNI),NY.ADJ.ICTR.GN.ZS,24.462293409963
Sri Lanka,LKA,2004,Adjusted savings: gross savings (% of GNI),NY.ADJ.ICTR.GN.ZS,22.3404165626061
Sri Lanka,LKA,2003,Adjusted savings: gross savings (% of GNI),NY.ADJ.ICTR.GN.ZS,21.8544372354899
Sri Lanka,LKA,2002,Adjusted savings: gross savings (% of GNI),NY.ADJ.ICTR.GN.ZS,21.6401768792984
Sri Lanka,LKA,2001,Adjusted savings: gross savings (% of GNI),NY.ADJ.ICTR.GN.ZS,23.3722178119038
Sri Lanka,LKA,2000,Adjusted savings: gross savings (% of GNI),NY.ADJ.ICTR.GN.ZS,22.5338687541313
Sri Lanka,LKA,1999,Adjusted savings: gross savings (% of GNI),NY.ADJ.ICTR.GN.ZS,23.8175531171248
Sri Lanka,LKA,1998,Adjusted savings: gross savings (% of GNI),NY.ADJ.ICTR.GN.ZS,23.010856758975
Sri Lanka,LKA,1997,Adjusted savings: gross savings (% of GNI),NY.ADJ.ICTR.GN.ZS,22.4622214486706
Sri Lanka,LKA,1996,Adjusted savings: gross savings (% of GNI),NY.ADJ.ICTR.GN.ZS,21.9094460271365
Sri Lanka,LKA,1995,Adjusted savings: gross savings (% of GNI),NY.ADJ.ICTR.GN.ZS,21.107259741447
Sri Lanka,LKA,1994,Adjusted savings: gross savings (% of GNI),NY.ADJ.ICTR.GN.ZS,24.5299046232358
Sri Lanka,LKA,1993,Adjusted savings: gross savings (% of GNI),NY.ADJ.ICTR.GN.ZS,25.6152159007453
Sri Lanka,LKA,1992,Adjusted savings: gross savings (% of GNI),NY.ADJ.ICTR.GN.ZS,24.5095925269679
Sri Lanka,LKA,1991,Adjusted savings: gross savings (% of GNI),NY.ADJ.ICTR.GN.ZS,23.8098339268513
Sri Lanka,LKA,1990,Adjusted savings: gross savings (% of GNI),NY.ADJ.ICTR.GN.ZS,23.8758967650743
Sri Lanka,LKA,1989,Adjusted savings: gross savings (% of GNI),NY.ADJ.ICTR.GN.ZS,23.7530988636116
Sri Lanka,LKA,1988,Adjusted savings: gross savings (% of GNI),NY.ADJ.ICTR.GN.ZS,24.765021001542
Sri Lanka,LKA,1987,Adjusted savings: gross savings (% of GNI),NY.ADJ.ICTR.GN.ZS,24.2676620415345
Sri Lanka,LKA,1986,Adjusted savings: gross savings (% of GNI),NY.ADJ.ICTR.GN.ZS,23.7834785082264
Sri Lanka,LKA,1985,Adjusted savings: gross savings (% of GNI),NY.ADJ.ICTR.GN.ZS,23.803378466212
Sri Lanka,LKA,1984,Adjusted savings: gross savings (% of GNI),NY.ADJ.ICTR.GN.ZS,24.8548672914544
Sri Lanka,LKA,1983,Adjusted savings: gross savings (% of GNI),NY.ADJ.ICTR.GN.ZS,26.8294023544869
Sri Lanka,LKA,1982,Adjusted savings: gross savings (% of GNI),NY.ADJ.ICTR.GN.ZS,27.9946134324817
Sri Lanka,LKA,1981,Adjusted savings: gross savings (% of GNI),NY.ADJ.ICTR.GN.ZS,26.9211363001967
Sri Lanka,LKA,1980,Adjusted savings: gross savings (% of GNI),NY.ADJ.ICTR.GN.ZS,25.4670237759382
Sri Lanka,LKA,1979,Adjusted savings: gross savings (% of GNI),NY.ADJ.ICTR.GN.ZS,22.7176255660281
Sri Lanka,LKA,1978,Adjusted savings: gross savings (% of GNI),NY.ADJ.ICTR.GN.ZS,12.186266724733
Sri Lanka,LKA,1977,Adjusted savings: gross savings (% of GNI),NY.ADJ.ICTR.GN.ZS,5.97714519551395
Sri Lanka,LKA,1976,Adjusted savings: gross savings (% of GNI),NY.ADJ.ICTR.GN.ZS,3.41756034079393
Sri Lanka,LKA,1975,Adjusted savings: gross savings (% of GNI),NY.ADJ.ICTR.GN.ZS,8.48192912176098
Sri Lanka,LKA,2020,Adjusted savings: net national savings (current US$),NY.ADJ.NNAT.CD,20981365887.6528
Sri Lanka,LKA,2019,Adjusted savings: net national savings (current US$),NY.ADJ.NNAT.CD,22069086766.9996
Sri Lanka,LKA,2018,Adjusted savings: net national savings (current US$),NY.ADJ.NNAT.CD,26427845355.3173
Sri Lanka,LKA,2017,Adjusted savings: net national savings (current US$),NY.ADJ.NNAT.CD,28304458603.9357
Sri Lanka,LKA,2016,Adjusted savings: net national savings (current US$),NY.ADJ.NNAT.CD,24259518960.9686
Sri Lanka,LKA,2015,Adjusted savings: net national savings (current US$),NY.ADJ.NNAT.CD,21350142676.2529
Sri Lanka,LKA,2009,Adjusted savings: net national savings (current US$),NY.ADJ.NNAT.CD,7625538263.65045
Sri Lanka,LKA,2008,Adjusted savings: net national savings (current US$),NY.ADJ.NNAT.CD,4852884677.19743
Sri Lanka,LKA,2007,Adjusted savings: net national savings (current US$),NY.ADJ.NNAT.CD,5702080552.6734
Sri Lanka,LKA,2006,Adjusted savings: net national savings (current US$),NY.ADJ.NNAT.CD,4710331579.15487
Sri Lanka,LKA,2005,Adjusted savings: net national savings (current US$),NY.ADJ.NNAT.CD,4498448504.69565
Sri Lanka,LKA,2004,Adjusted savings: net national savings (current US$),NY.ADJ.NNAT.CD,3416545235.81561
Sri Lanka,LKA,2003,Adjusted savings: net national savings (current US$),NY.ADJ.NNAT.CD,3132890418.66917
Sri Lanka,LKA,2002,Adjusted savings: net national savings (current US$),NY.ADJ.NNAT.CD,2685586072.17565
Sri Lanka,LKA,2001,Adjusted savings: net national savings (current US$),NY.ADJ.NNAT.CD,2794505092.25125
Sri Lanka,LKA,2000,Adjusted savings: net national savings (current US$),NY.ADJ.NNAT.CD,2627802170.17746
Sri Lanka,LKA,1999,Adjusted savings: net national savings (current US$),NY.ADJ.NNAT.CD,2710726139.59199
Sri Lanka,LKA,1998,Adjusted savings: net national savings (current US$),NY.ADJ.NNAT.CD,2619597010.75417
Sri Lanka,LKA,1997,Adjusted savings: net national savings (current US$),NY.ADJ.NNAT.CD,2625379804.15494
Sri Lanka,LKA,1996,Adjusted savings: net national savings (current US$),NY.ADJ.NNAT.CD,2330558888.41926
Sri Lanka,LKA,1995,Adjusted savings: net national savings (current US$),NY.ADJ.NNAT.CD,2094170747.21045
Sri Lanka,LKA,1994,Adjusted savings: net national savings (current US$),NY.ADJ.NNAT.CD,2302596681.87467
Sri Lanka,LKA,1993,Adjusted savings: net national savings (current US$),NY.ADJ.NNAT.CD,2181469295.21426
Sri Lanka,LKA,1992,Adjusted savings: net national savings (current US$),NY.ADJ.NNAT.CD,1952500273.71367
Sri Lanka,LKA,1991,Adjusted savings: net national savings (current US$),NY.ADJ.NNAT.CD,1732293114.03777
Sri Lanka,LKA,1990,Adjusted savings: net national savings (current US$),NY.ADJ.NNAT.CD,1593077390.71185
Sri Lanka,LKA,1989,Adjusted savings: net national savings (current US$),NY.ADJ.NNAT.CD,1380924302.48839
Sri Lanka,LKA,1988,Adjusted savings: net national savings (current US$),NY.ADJ.NNAT.CD,1433766304.81604
Sri Lanka,LKA,1987,Adjusted savings: net national savings (current US$),NY.ADJ.NNAT.CD,1318917137.1221
Sri Lanka,LKA,1986,Adjusted savings: net national savings (current US$),NY.ADJ.NNAT.CD,1245387113.18499
Sri Lanka,LKA,1985,Adjusted savings: net national savings (current US$),NY.ADJ.NNAT.CD,1145585693.33884
Sri Lanka,LKA,1984,Adjusted savings: net national savings (current US$),NY.ADJ.NNAT.CD,1192169634.20503
Sri Lanka,LKA,1983,Adjusted savings: net national savings (current US$),NY.ADJ.NNAT.CD,1118987893.05453
Sri Lanka,LKA,1982,Adjusted savings: net national savings (current US$),NY.ADJ.NNAT.CD,1090900562.17292
Sri Lanka,LKA,1981,Adjusted savings: net national savings (current US$),NY.ADJ.NNAT.CD,943222034.669185
Sri Lanka,LKA,1980,Adjusted savings: net national savings (current US$),NY.ADJ.NNAT.CD,785446378.915987
Sri Lanka,LKA,1979,Adjusted savings: net national savings (current US$),NY.ADJ.NNAT.CD,596351911.542029
Sri Lanka,LKA,1978,Adjusted savings: net national savings (current US$),NY.ADJ.NNAT.CD,114699844.528953
Sri Lanka,LKA,1977,Adjusted savings: net national savings (current US$),NY.ADJ.NNAT.CD,43058049.9445993
Sri Lanka,LKA,1976,Adjusted savings: net national savings (current US$),NY.ADJ.NNAT.CD,-65279551.5278015
Sri Lanka,LKA,1975,Adjusted savings: net national savings (current US$),NY.ADJ.NNAT.CD,123787635.266803
Sri Lanka,LKA,2020,Adjusted savings: net national savings (% of GNI),NY.ADJ.NNAT.GN.ZS,25.2575775863491
Sri Lanka,LKA,2019,Adjusted savings: net national savings (% of GNI),NY.ADJ.NNAT.GN.ZS,25.4999566714774
Sri Lanka,LKA,2018,Adjusted savings: net national savings (% of GNI),NY.ADJ.NNAT.GN.ZS,28.6960412715523
Sri Lanka,LKA,2017,Adjusted savings: net national savings (% of GNI),NY.ADJ.NNAT.GN.ZS,30.7451223329244
Sri Lanka,LKA,2016,Adjusted savings: net national savings (% of GNI),NY.ADJ.NNAT.GN.ZS,28.26903628058
Sri Lanka,LKA,2015,Adjusted savings: net national savings (% of GNI),NY.ADJ.NNAT.GN.ZS,25.6863332740899
Sri Lanka,LKA,2009,Adjusted savings: net national savings (% of GNI),NY.ADJ.NNAT.GN.ZS,18.3390801838948
Sri Lanka,LKA,2008,Adjusted savings: net national savings (% of GNI),NY.ADJ.NNAT.GN.ZS,12.2102687873508
Sri Lanka,LKA,2007,Adjusted savings: net national savings (% of GNI),NY.ADJ.NNAT.GN.ZS,17.8205542548891
Sri Lanka,LKA,2006,Adjusted savings: net national savings (% of GNI),NY.ADJ.NNAT.GN.ZS,16.888476375066
Sri Lanka,LKA,2005,Adjusted savings: net national savings (% of GNI),NY.ADJ.NNAT.GN.ZS,18.6604993089174
Sri Lanka,LKA,2004,Adjusted savings: net national savings (% of GNI),NY.ADJ.NNAT.GN.ZS,16.7005801342916
Sri Lanka,LKA,2003,Adjusted savings: net national savings (% of GNI),NY.ADJ.NNAT.GN.ZS,16.7440643263038
Sri Lanka,LKA,2002,Adjusted savings: net national savings (% of GNI),NY.ADJ.NNAT.GN.ZS,16.4909640171675
Sri Lanka,LKA,2001,Adjusted savings: net national savings (% of GNI),NY.ADJ.NNAT.GN.ZS,18.0663640713204
Sri Lanka,LKA,2000,Adjusted savings: net national savings (% of GNI),NY.ADJ.NNAT.GN.ZS,16.4072229161592
Sri Lanka,LKA,1999,Adjusted savings: net national savings (% of GNI),NY.ADJ.NNAT.GN.ZS,17.633028300664
Sri Lanka,LKA,1998,Adjusted savings: net national savings (% of GNI),NY.ADJ.NNAT.GN.ZS,16.8512852922553
Sri Lanka,LKA,1997,Adjusted savings: net national savings (% of GNI),NY.ADJ.NNAT.GN.ZS,17.5993148338038
Sri Lanka,LKA,1996,Adjusted savings: net national savings (% of GNI),NY.ADJ.NNAT.GN.ZS,17.0091548852542
Sri Lanka,LKA,1995,Adjusted savings: net national savings (% of GNI),NY.ADJ.NNAT.GN.ZS,16.2849936718815
Sri Lanka,LKA,1994,Adjusted savings: net national savings (% of GNI),NY.ADJ.NNAT.GN.ZS,19.7721619136247
Sri Lanka,LKA,1993,Adjusted savings: net national savings (% of GNI),NY.ADJ.NNAT.GN.ZS,21.0976691067953
Sri Lanka,LKA,1992,Adjusted savings: net national savings (% of GNI),NY.ADJ.NNAT.GN.ZS,20.1686224548553
Sri Lanka,LKA,1991,Adjusted savings: net national savings (% of GNI),NY.ADJ.NNAT.GN.ZS,19.4076200983969
Sri Lanka,LKA,1990,Adjusted savings: net national savings (% of GNI),NY.ADJ.NNAT.GN.ZS,19.979550520292
Sri Lanka,LKA,1989,Adjusted savings: net national savings (% of GNI),NY.ADJ.NNAT.GN.ZS,19.908150485766
Sri Lanka,LKA,1988,Adjusted savings: net national savings (% of GNI),NY.ADJ.NNAT.GN.ZS,20.5966112656979
Sri Lanka,LKA,1987,Adjusted savings: net national savings (% of GNI),NY.ADJ.NNAT.GN.ZS,19.8225065558903
Sri Lanka,LKA,1986,Adjusted savings: net national savings (% of GNI),NY.ADJ.NNAT.GN.ZS,19.5249361649491
Sri Lanka,LKA,1985,Adjusted savings: net national savings (% of GNI),NY.ADJ.NNAT.GN.ZS,19.2425862623739
Sri Lanka,LKA,1984,Adjusted savings: net national savings (% of GNI),NY.ADJ.NNAT.GN.ZS,20.306243091503
Sri Lanka,LKA,1983,Adjusted savings: net national savings (% of GNI),NY.ADJ.NNAT.GN.ZS,21.7639302057159
Sri Lanka,LKA,1982,Adjusted savings: net national savings (% of GNI),NY.ADJ.NNAT.GN.ZS,22.643221188153
Sri Lanka,LKA,1981,Adjusted savings: net national savings (% of GNI),NY.ADJ.NNAT.GN.ZS,21.4774357314666
Sri Lanka,LKA,1980,Adjusted savings: net national savings (% of GNI),NY.ADJ.NNAT.GN.ZS,19.3119569291704
Sri Lanka,LKA,1979,Adjusted savings: net national savings (% of GNI),NY.ADJ.NNAT.GN.ZS,17.7567827402601
Sri Lanka,LKA,1978,Adjusted savings: net national savings (% of GNI),NY.ADJ.NNAT.GN.ZS,4.58564367549483
Sri Lanka,LKA,1977,Adjusted savings: net national savings (% of GNI),NY.ADJ.NNAT.GN.ZS,1.22192508001214
Sri Lanka,LKA,1976,Adjusted savings: net national savings (% of GNI),NY.ADJ.NNAT.GN.ZS,-2.13585834247125
Sri Lanka,LKA,1975,Adjusted savings: net national savings (% of GNI),NY.ADJ.NNAT.GN.ZS,3.67395454176845
Sri Lanka,LKA,2020,"Adjusted net savings, including particulate emission damage (current US$)",NY.ADJ.SVNG.CD,21034526747.4965
Sri Lanka,LKA,2019,"Adjusted net savings, including particulate emission damage (current US$)",NY.ADJ.SVNG.CD,22199965692.5386
Sri Lanka,LKA,2018,"Adjusted net savings, including particulate emission damage (current US$)",NY.ADJ.SVNG.CD,26767379695.8718
Sri Lanka,LKA,2017,"Adjusted net savings, including particulate emission damage (current US$)",NY.ADJ.SVNG.CD,29208692444.7347
Sri Lanka,LKA,2016,"Adjusted net savings, including particulate emission damage (current US$)",NY.ADJ.SVNG.CD,25292725281.4787
Sri Lanka,LKA,2015,"Adjusted net savings, including particulate emission damage (current US$)",NY.ADJ.SVNG.CD,21855070781.3561
Sri Lanka,LKA,2009,"Adjusted net savings, including particulate emission damage (current US$)",NY.ADJ.SVNG.CD,7820828918.46492
Sri Lanka,LKA,2008,"Adjusted net savings, including particulate emission damage (current US$)",NY.ADJ.SVNG.CD,5047200346.06242
Sri Lanka,LKA,2007,"Adjusted net savings, including particulate emission damage (current US$)",NY.ADJ.SVNG.CD,5803534334.71783
Sri Lanka,LKA,2006,"Adjusted net savings, including particulate emission damage (current US$)",NY.ADJ.SVNG.CD,4824864894.6544
Sri Lanka,LKA,2005,"Adjusted net savings, including particulate emission damage (current US$)",NY.ADJ.SVNG.CD,4555756475.56231
Sri Lanka,LKA,2004,"Adjusted net savings, including particulate emission damage (current US$)",NY.ADJ.SVNG.CD,3478073417.23559
Sri Lanka,LKA,2003,"Adjusted net savings, including particulate emission damage (current US$)",NY.ADJ.SVNG.CD,3194148543.9736
Sri Lanka,LKA,2002,"Adjusted net savings, including particulate emission damage (current US$)",NY.ADJ.SVNG.CD,2749634407.79224
Sri Lanka,LKA,2001,"Adjusted net savings, including particulate emission damage (current US$)",NY.ADJ.SVNG.CD,2874134979.01233
Sri Lanka,LKA,2000,"Adjusted net savings, including particulate emission damage (current US$)",NY.ADJ.SVNG.CD,2738037909.2911
Sri Lanka,LKA,1999,"Adjusted net savings, including particulate emission damage (current US$)",NY.ADJ.SVNG.CD,2848172633.73033
Sri Lanka,LKA,1998,"Adjusted net savings, including particulate emission damage (current US$)",NY.ADJ.SVNG.CD,2799208389.14657
Sri Lanka,LKA,1997,"Adjusted net savings, including particulate emission damage (current US$)",NY.ADJ.SVNG.CD,2830416431.48923
Sri Lanka,LKA,1996,"Adjusted net savings, including particulate emission damage (current US$)",NY.ADJ.SVNG.CD,2486266053.60509
Sri Lanka,LKA,1995,"Adjusted net savings, including particulate emission damage (current US$)",NY.ADJ.SVNG.CD,2221805717.30992
Sri Lanka,LKA,1994,"Adjusted net savings, including particulate emission damage (current US$)",NY.ADJ.SVNG.CD,2444026299.32618
Sri Lanka,LKA,1993,"Adjusted net savings, including particulate emission damage (current US$)",NY.ADJ.SVNG.CD,2291262211.87222
Sri Lanka,LKA,1992,"Adjusted net savings, including particulate emission damage (current US$)",NY.ADJ.SVNG.CD,1997857111.07153
Sri Lanka,LKA,1991,"Adjusted net savings, including particulate emission damage (current US$)",NY.ADJ.SVNG.CD,1790875370.35723
Sri Lanka,LKA,1990,"Adjusted net savings, including particulate emission damage (current US$)",NY.ADJ.SVNG.CD,1631137981.73613
Sri Lanka,LKA,2020,"Adjusted net savings, including particulate emission damage (% of GNI)",NY.ADJ.SVNG.GN.ZS,25.321573159814
Sri Lanka,LKA,2019,"Adjusted net savings, including particulate emission damage (% of GNI)",NY.ADJ.SVNG.GN.ZS,25.6511820921615
Sri Lanka,LKA,2018,"Adjusted net savings, including particulate emission damage (% of GNI)",NY.ADJ.SVNG.GN.ZS,29.0647164820609
Sri Lanka,LKA,2017,"Adjusted net savings, including particulate emission damage (% of GNI)",NY.ADJ.SVNG.GN.ZS,31.727327307835
Sri Lanka,LKA,2016,"Adjusted net savings, including particulate emission damage (% of GNI)",NY.ADJ.SVNG.GN.ZS,29.4730068542265
Sri Lanka,LKA,2015,"Adjusted net savings, including particulate emission damage (% of GNI)",NY.ADJ.SVNG.GN.ZS,26.2938117244126
Sri Lanka,LKA,2009,"Adjusted net savings, including particulate emission damage (% of GNI)",NY.ADJ.SVNG.GN.ZS,18.8087455181939
Sri Lanka,LKA,2008,"Adjusted net savings, including particulate emission damage (% of GNI)",NY.ADJ.SVNG.GN.ZS,12.6991834647558
Sri Lanka,LKA,2007,"Adjusted net savings, including particulate emission damage (% of GNI)",NY.ADJ.SVNG.GN.ZS,18.1376249469962
Sri Lanka,LKA,2006,"Adjusted net savings, including particulate emission damage (% of GNI)",NY.ADJ.SVNG.GN.ZS,17.2991254260864
Sri Lanka,LKA,2005,"Adjusted net savings, including particulate emission damage (% of GNI)",NY.ADJ.SVNG.GN.ZS,18.8982246823737
Sri Lanka,LKA,2004,"Adjusted net savings, including particulate emission damage (% of GNI)",NY.ADJ.SVNG.GN.ZS,17.0013390159683
Sri Lanka,LKA,2003,"Adjusted net savings, including particulate emission damage (% of GNI)",NY.ADJ.SVNG.GN.ZS,17.0714648585707
Sri Lanka,LKA,2002,"Adjusted net savings, including particulate emission damage (% of GNI)",NY.ADJ.SVNG.GN.ZS,16.8842557492612
Sri Lanka,LKA,2001,"Adjusted net savings, including particulate emission damage (% of GNI)",NY.ADJ.SVNG.GN.ZS,18.5811681162916
Sri Lanka,LKA,2000,"Adjusted net savings, including particulate emission damage (% of GNI)",NY.ADJ.SVNG.GN.ZS,17.0955024089959
Sri Lanka,LKA,1999,"Adjusted net savings, including particulate emission damage (% of GNI)",NY.ADJ.SVNG.GN.ZS,18.5271053103516
Sri Lanka,LKA,1998,"Adjusted net savings, including particulate emission damage (% of GNI)",NY.ADJ.SVNG.GN.ZS,18.0066853658545
Sri Lanka,LKA,1997,"Adjusted net savings, including particulate emission damage (% of GNI)",NY.ADJ.SVNG.GN.ZS,18.9737842157982
Sri Lanka,LKA,1996,"Adjusted net savings, including particulate emission damage (% of GNI)",NY.ADJ.SVNG.GN.ZS,18.145554957593
Sri Lanka,LKA,1995,"Adjusted net savings, including particulate emission damage (% of GNI)",NY.ADJ.SVNG.GN.ZS,17.2775272000809
Sri Lanka,LKA,1994,"Adjusted net savings, including particulate emission damage (% of GNI)",NY.ADJ.SVNG.GN.ZS,20.986603555813
Sri Lanka,LKA,1993,"Adjusted net savings, including particulate emission damage (% of GNI)",NY.ADJ.SVNG.GN.ZS,22.1595106055509
Sri Lanka,LKA,1992,"Adjusted net savings, including particulate emission damage (% of GNI)",NY.ADJ.SVNG.GN.ZS,20.6371421988639
Sri Lanka,LKA,1991,"Adjusted net savings, including particulate emission damage (% of GNI)",NY.ADJ.SVNG.GN.ZS,20.0639421526392
Sri Lanka,LKA,1990,"Adjusted net savings, including particulate emission damage (% of GNI)",NY.ADJ.SVNG.GN.ZS,20.456886716032
Sri Lanka,LKA,2020,"Adjusted net savings, excluding particulate emission damage (current US$)",NY.ADJ.SVNX.CD,21307686913.6104
Sri Lanka,LKA,2019,"Adjusted net savings, excluding particulate emission damage (current US$)",NY.ADJ.SVNX.CD,22472362539.0838
Sri Lanka,LKA,2018,"Adjusted net savings, excluding particulate emission damage (current US$)",NY.ADJ.SVNX.CD,27044705822.3833
Sri Lanka,LKA,2017,"Adjusted net savings, excluding particulate emission damage (current US$)",NY.ADJ.SVNX.CD,29488230974.7971
Sri Lanka,LKA,2016,"Adjusted net savings, excluding particulate emission damage (current US$)",NY.ADJ.SVNX.CD,25556907282.5751
Sri Lanka,LKA,2015,"Adjusted net savings, excluding particulate emission damage (current US$)",NY.ADJ.SVNX.CD,22108021301.5157
Sri Lanka,LKA,2009,"Adjusted net savings, excluding particulate emission damage (current US$)",NY.ADJ.SVNX.CD,7964676043.32145
Sri Lanka,LKA,2008,"Adjusted net savings, excluding particulate emission damage (current US$)",NY.ADJ.SVNX.CD,5184322075.28759
Sri Lanka,LKA,2007,"Adjusted net savings, excluding particulate emission damage (current US$)",NY.ADJ.SVNX.CD,5909771914.74257
Sri Lanka,LKA,2006,"Adjusted net savings, excluding particulate emission damage (current US$)",NY.ADJ.SVNX.CD,4919919409.87258
Sri Lanka,LKA,2005,"Adjusted net savings, excluding particulate emission damage (current US$)",NY.ADJ.SVNX.CD,4643184862.92226
Sri Lanka,LKA,2004,"Adjusted net savings, excluding particulate emission damage (current US$)",NY.ADJ.SVNX.CD,3544214116.53061
Sri Lanka,LKA,2003,"Adjusted net savings, excluding particulate emission damage (current US$)",NY.ADJ.SVNX.CD,3256620152.16445
Sri Lanka,LKA,2002,"Adjusted net savings, excluding particulate emission damage (current US$)",NY.ADJ.SVNX.CD,2803101820.76369
Sri Lanka,LKA,2001,"Adjusted net savings, excluding particulate emission damage (current US$)",NY.ADJ.SVNX.CD,2927177263.40304
Sri Lanka,LKA,2000,"Adjusted net savings, excluding particulate emission damage (current US$)",NY.ADJ.SVNX.CD,2794129006.72757
Sri Lanka,LKA,1999,"Adjusted net savings, excluding particulate emission damage (current US$)",NY.ADJ.SVNX.CD,2906022594.88609
Sri Lanka,LKA,1998,"Adjusted net savings, excluding particulate emission damage (current US$)",NY.ADJ.SVNX.CD,2855352845.99157
Sri Lanka,LKA,1997,"Adjusted net savings, excluding particulate emission damage (current US$)",NY.ADJ.SVNX.CD,2890508941.62378
Sri Lanka,LKA,1996,"Adjusted net savings, excluding particulate emission damage (current US$)",NY.ADJ.SVNX.CD,2541369634.73926
Sri Lanka,LKA,1995,"Adjusted net savings, excluding particulate emission damage (current US$)",NY.ADJ.SVNX.CD,2273021414.14695
Sri Lanka,LKA,1994,"Adjusted net savings, excluding particulate emission damage (current US$)",NY.ADJ.SVNX.CD,2488422691.95623
Sri Lanka,LKA,1993,"Adjusted net savings, excluding particulate emission damage (current US$)",NY.ADJ.SVNX.CD,2332205660.13897
Sri Lanka,LKA,1992,"Adjusted net savings, excluding particulate emission damage (current US$)",NY.ADJ.SVNX.CD,2036864144.02838
Sri Lanka,LKA,1991,"Adjusted net savings, excluding particulate emission damage (current US$)",NY.ADJ.SVNX.CD,1830060933.64674
Sri Lanka,LKA,1990,"Adjusted net savings, excluding particulate emission damage (current US$)",NY.ADJ.SVNX.CD,1671601778.69349
Sri Lanka,LKA,2020,"Adjusted net savings, excluding particulate emission damage (% of GNI)",NY.ADJ.SVNX.GN.ZS,25.650406093097
Sri Lanka,LKA,2019,"Adjusted net savings, excluding particulate emission damage (% of GNI)",NY.ADJ.SVNX.GN.ZS,25.9659258718968
Sri Lanka,LKA,2018,"Adjusted net savings, excluding particulate emission damage (% of GNI)",NY.ADJ.SVNX.GN.ZS,29.3658443971466
Sri Lanka,LKA,2017,"Adjusted net savings, excluding particulate emission damage (% of GNI)",NY.ADJ.SVNX.GN.ZS,32.0309701516639
Sri Lanka,LKA,2016,"Adjusted net savings, excluding particulate emission damage (% of GNI)",NY.ADJ.SVNX.GN.ZS,29.7808518113209
Sri Lanka,LKA,2015,"Adjusted net savings, excluding particulate emission damage (% of GNI)",NY.ADJ.SVNX.GN.ZS,26.5981362182203
Sri Lanka,LKA,2009,"Adjusted net savings, excluding particulate emission damage (% of GNI)",NY.ADJ.SVNX.GN.ZS,19.1546914522064
Sri Lanka,LKA,2008,"Adjusted net savings, excluding particulate emission damage (% of GNI)",NY.ADJ.SVNX.GN.ZS,13.0441933468765
Sri Lanka,LKA,2007,"Adjusted net savings, excluding particulate emission damage (% of GNI)",NY.ADJ.SVNX.GN.ZS,18.4696463102951
Sri Lanka,LKA,2006,"Adjusted net savings, excluding particulate emission damage (% of GNI)",NY.ADJ.SVNX.GN.ZS,17.6399349652089
Sri Lanka,LKA,2005,"Adjusted net savings, excluding particulate emission damage (% of GNI)",NY.ADJ.SVNX.GN.ZS,19.2608958033628
Sri Lanka,LKA,2004,"Adjusted net savings, excluding particulate emission damage (% of GNI)",NY.ADJ.SVNX.GN.ZS,17.3246445695243
Sri Lanka,LKA,2003,"Adjusted net savings, excluding particulate emission damage (% of GNI)",NY.ADJ.SVNX.GN.ZS,17.4053509785199
Sri Lanka,LKA,2002,"Adjusted net savings, excluding particulate emission damage (% of GNI)",NY.ADJ.SVNX.GN.ZS,17.212574842266
Sri Lanka,LKA,2001,"Adjusted net savings, excluding particulate emission damage (% of GNI)",NY.ADJ.SVNX.GN.ZS,18.9240843713503
Sri Lanka,LKA,2000,"Adjusted net savings, excluding particulate emission damage (% of GNI)",NY.ADJ.SVNX.GN.ZS,17.445718703699
Sri Lanka,LKA,1999,"Adjusted net savings, excluding particulate emission damage (% of GNI)",NY.ADJ.SVNX.GN.ZS,18.9034140740268
Sri Lanka,LKA,1998,"Adjusted net savings, excluding particulate emission damage (% of GNI)",NY.ADJ.SVNX.GN.ZS,18.3678501770792
Sri Lanka,LKA,1997,"Adjusted net savings, excluding particulate emission damage (% of GNI)",NY.ADJ.SVNX.GN.ZS,19.3766162187479
Sri Lanka,LKA,1996,"Adjusted net savings, excluding particulate emission damage (% of GNI)",NY.ADJ.SVNX.GN.ZS,18.5477182974257
Sri Lanka,LKA,1995,"Adjusted net savings, excluding particulate emission damage (% of GNI)",NY.ADJ.SVNX.GN.ZS,17.6757981147152
Sri Lanka,LKA,1994,"Adjusted net savings, excluding particulate emission damage (% of GNI)",NY.ADJ.SVNX.GN.ZS,21.3678308329876
Sri Lanka,LKA,1993,"Adjusted net savings, excluding particulate emission damage (% of GNI)",NY.ADJ.SVNX.GN.ZS,22.5554874480938
Sri Lanka,LKA,1992,"Adjusted net savings, excluding particulate emission damage (% of GNI)",NY.ADJ.SVNX.GN.ZS,21.0400707573805
Sri Lanka,LKA,1991,"Adjusted net savings, excluding particulate emission damage (% of GNI)",NY.ADJ.SVNX.GN.ZS,20.5029547651709
Sri Lanka,LKA,1990,"Adjusted net savings, excluding particulate emission damage (% of GNI)",NY.ADJ.SVNX.GN.ZS,20.9643626743665
Sri Lanka,LKA,2021,Coal rents (% of GDP),NY.GDP.COAL.RT.ZS,0.0
Sri Lanka,LKA,2020,Coal rents (% of GDP),NY.GDP.COAL.RT.ZS,0.0
Sri Lanka,LKA,2019,Coal rents (% of GDP),NY.GDP.COAL.RT.ZS,0.0
Sri Lanka,LKA,2018,Coal rents (% of GDP),NY.GDP.COAL.RT.ZS,0.0
Sri Lanka,LKA,2017,Coal rents (% of GDP),NY.GDP.COAL.RT.ZS,0.0
Sri Lanka,LKA,2016,Coal rents (% of GDP),NY.GDP.COAL.RT.ZS,0.0
Sri Lanka,LKA,2015,Coal rents (% of GDP),NY.GDP.COAL.RT.ZS,0.0
Sri Lanka,LKA,2014,Coal rents (% of GDP),NY.GDP.COAL.RT.ZS,0.0
Sri Lanka,LKA,2013,Coal rents (% of GDP),NY.GDP.COAL.RT.ZS,0.0
Sri Lanka,LKA,2012,Coal rents (% of GDP),NY.GDP.COAL.RT.ZS,0.0
Sri Lanka,LKA,2011,Coal rents (% of GDP),NY.GDP.COAL.RT.ZS,0.0
Sri Lanka,LKA,2010,Coal rents (% of GDP),NY.GDP.COAL.RT.ZS,0.0
Sri Lanka,LKA,2009,Coal rents (% of GDP),NY.GDP.COAL.RT.ZS,0.0
Sri Lanka,LKA,2008,Coal rents (% of GDP),NY.GDP.COAL.RT.ZS,0.0
Sri Lanka,LKA,2007,Coal rents (% of GDP),NY.GDP.COAL.RT.ZS,0.0
Sri Lanka,LKA,2006,Coal rents (% of GDP),NY.GDP.COAL.RT.ZS,0.0
Sri Lanka,LKA,2005,Coal rents (% of GDP),NY.GDP.COAL.RT.ZS,0.0
Sri Lanka,LKA,2004,Coal rents (% of GDP),NY.GDP.COAL.RT.ZS,0.0
Sri Lanka,LKA,2003,Coal rents (% of GDP),NY.GDP.COAL.RT.ZS,0.0
Sri Lanka,LKA,2002,Coal rents (% of GDP),NY.GDP.COAL.RT.ZS,0.0
Sri Lanka,LKA,2001,Coal rents (% of GDP),NY.GDP.COAL.RT.ZS,0.0
Sri Lanka,LKA,2000,Coal rents (% of GDP),NY.GDP.COAL.RT.ZS,0.0
Sri Lanka,LKA,1999,Coal rents (% of GDP),NY.GDP.COAL.RT.ZS,0.0
Sri Lanka,LKA,1998,Coal rents (% of GDP),NY.GDP.COAL.RT.ZS,0.0
Sri Lanka,LKA,1997,Coal rents (% of GDP),NY.GDP.COAL.RT.ZS,0.0
Sri Lanka,LKA,1996,Coal rents (% of GDP),NY.GDP.COAL.RT.ZS,0.0
Sri Lanka,LKA,1995,Coal rents (% of GDP),NY.GDP.COAL.RT.ZS,0.0
Sri Lanka,LKA,1994,Coal rents (% of GDP),NY.GDP.COAL.RT.ZS,0.0
Sri Lanka,LKA,1993,Coal rents (% of GDP),NY.GDP.COAL.RT.ZS,0.0
Sri Lanka,LKA,1992,Coal rents (% of GDP),NY.GDP.COAL.RT.ZS,0.0
Sri Lanka,LKA,1991,Coal rents (% of GDP),NY.GDP.COAL.RT.ZS,0.0
Sri Lanka,LKA,1990,Coal rents (% of GDP),NY.GDP.COAL.RT.ZS,0.0
Sri Lanka,LKA,1989,Coal rents (% of GDP),NY.GDP.COAL.RT.ZS,0.0
Sri Lanka,LKA,1988,Coal rents (% of GDP),NY.GDP.COAL.RT.ZS,0.0
Sri Lanka,LKA,1987,Coal rents (% of GDP),NY.GDP.COAL.RT.ZS,0.0
Sri Lanka,LKA,1986,Coal rents (% of GDP),NY.GDP.COAL.RT.ZS,0.0
Sri Lanka,LKA,1985,Coal rents (% of GDP),NY.GDP.COAL.RT.ZS,0.0
Sri Lanka,LKA,1984,Coal rents (% of GDP),NY.GDP.COAL.RT.ZS,0.0
Sri Lanka,LKA,1983,Coal rents (% of GDP),NY.GDP.COAL.RT.ZS,0.0
Sri Lanka,LKA,1982,Coal rents (% of GDP),NY.GDP.COAL.RT.ZS,0.0
Sri Lanka,LKA,1981,Coal rents (% of GDP),NY.GDP.COAL.RT.ZS,0.0
Sri Lanka,LKA,1980,Coal rents (% of GDP),NY.GDP.COAL.RT.ZS,0.0
Sri Lanka,LKA,1979,Coal rents (% of GDP),NY.GDP.COAL.RT.ZS,0.0
Sri Lanka,LKA,1978,Coal rents (% of GDP),NY.GDP.COAL.RT.ZS,0.0
Sri Lanka,LKA,1977,Coal rents (% of GDP),NY.GDP.COAL.RT.ZS,0.0
Sri Lanka,LKA,1976,Coal rents (% of GDP),NY.GDP.COAL.RT.ZS,0.0
Sri Lanka,LKA,1975,Coal rents (% of GDP),NY.GDP.COAL.RT.ZS,0.0
Sri Lanka,LKA,1974,Coal rents (% of GDP),NY.GDP.COAL.RT.ZS,0.0
Sri Lanka,LKA,1973,Coal rents (% of GDP),NY.GDP.COAL.RT.ZS,0.0
Sri Lanka,LKA,1972,Coal rents (% of GDP),NY.GDP.COAL.RT.ZS,0.0
Sri Lanka,LKA,1971,Coal rents (% of GDP),NY.GDP.COAL.RT.ZS,0.0
Sri Lanka,LKA,2021,Forest rents (% of GDP),NY.GDP.FRST.RT.ZS,0.0832444969793704
Sri Lanka,LKA,2020,Forest rents (% of GDP),NY.GDP.FRST.RT.ZS,0.0850400982115445
Sri Lanka,LKA,2019,Forest rents (% of GDP),NY.GDP.FRST.RT.ZS,0.0722571812304566
Sri Lanka,LKA,2018,Forest rents (% of GDP),NY.GDP.FRST.RT.ZS,0.06304340976071
Sri Lanka,LKA,2017,Forest rents (% of GDP),NY.GDP.FRST.RT.ZS,0.0871648448031587
Sri Lanka,LKA,2016,Forest rents (% of GDP),NY.GDP.FRST.RT.ZS,0.118449762933188
Sri Lanka,LKA,2015,Forest rents (% of GDP),NY.GDP.FRST.RT.ZS,0.113006674989995
Sri Lanka,LKA,2014,Forest rents (% of GDP),NY.GDP.FRST.RT.ZS,0.102351700174992
Sri Lanka,LKA,2013,Forest rents (% of GDP),NY.GDP.FRST.RT.ZS,0.106321227860955
Sri Lanka,LKA,2012,Forest rents (% of GDP),NY.GDP.FRST.RT.ZS,0.127718975347721
Sri Lanka,LKA,2011,Forest rents (% of GDP),NY.GDP.FRST.RT.ZS,0.15250009604207
Sri Lanka,LKA,2010,Forest rents (% of GDP),NY.GDP.FRST.RT.ZS,0.175688137587163
Sri Lanka,LKA,2009,Forest rents (% of GDP),NY.GDP.FRST.RT.ZS,0.136566998387137
Sri Lanka,LKA,2008,Forest rents (% of GDP),NY.GDP.FRST.RT.ZS,0.147832338718912
Sri Lanka,LKA,2007,Forest rents (% of GDP),NY.GDP.FRST.RT.ZS,0.194017494974032
Sri Lanka,LKA,2006,Forest rents (% of GDP),NY.GDP.FRST.RT.ZS,0.162930010162095
Sri Lanka,LKA,2005,Forest rents (% of GDP),NY.GDP.FRST.RT.ZS,0.124198914028397
Sri Lanka,LKA,2004,Forest rents (% of GDP),NY.GDP.FRST.RT.ZS,0.147494466742975
Sri Lanka,LKA,2003,Forest rents (% of GDP),NY.GDP.FRST.RT.ZS,0.196684504988527
Sri Lanka,LKA,2002,Forest rents (% of GDP),NY.GDP.FRST.RT.ZS,0.203787939938968
Sri Lanka,LKA,2001,Forest rents (% of GDP),NY.GDP.FRST.RT.ZS,0.196220474071304
Sri Lanka,LKA,2000,Forest rents (% of GDP),NY.GDP.FRST.RT.ZS,0.190956032913517
Sri Lanka,LKA,1999,Forest rents (% of GDP),NY.GDP.FRST.RT.ZS,0.214152119083607
Sri Lanka,LKA,1998,Forest rents (% of GDP),NY.GDP.FRST.RT.ZS,0.188090082261484
Sri Lanka,LKA,1997,Forest rents (% of GDP),NY.GDP.FRST.RT.ZS,0.211594304589763
Sri Lanka,LKA,1996,Forest rents (% of GDP),NY.GDP.FRST.RT.ZS,0.353077482876767
Sri Lanka,LKA,1995,Forest rents (% of GDP),NY.GDP.FRST.RT.ZS,0.387053556444352
Sri Lanka,LKA,1994,Forest rents (% of GDP),NY.GDP.FRST.RT.ZS,0.344406420288195
Sri Lanka,LKA,1993,Forest rents (% of GDP),NY.GDP.FRST.RT.ZS,0.442217811746733
Sri Lanka,LKA,1992,Forest rents (% of GDP),NY.GDP.FRST.RT.ZS,0.508323376361394
Sri Lanka,LKA,1991,Forest rents (% of GDP),NY.GDP.FRST.RT.ZS,0.541072206279577
Sri Lanka,LKA,1990,Forest rents (% of GDP),NY.GDP.FRST.RT.ZS,0.467031774164659
Sri Lanka,LKA,1989,Forest rents (% of GDP),NY.GDP.FRST.RT.ZS,0.449054392882218
Sri Lanka,LKA,1988,Forest rents (% of GDP),NY.GDP.FRST.RT.ZS,0.462214619069643
Sri Lanka,LKA,1987,Forest rents (% of GDP),NY.GDP.FRST.RT.ZS,0.458943840762112
Sri Lanka,LKA,1986,Forest rents (% of GDP),NY.GDP.FRST.RT.ZS,0.512449670512743
Sri Lanka,LKA,1985,Forest rents (% of GDP),NY.GDP.FRST.RT.ZS,0.297599791776144
Sri Lanka,LKA,1984,Forest rents (% of GDP),NY.GDP.FRST.RT.ZS,0.415370333932422
Sri Lanka,LKA,1983,Forest rents (% of GDP),NY.GDP.FRST.RT.ZS,0.617860231789107
Sri Lanka,LKA,1982,Forest rents (% of GDP),NY.GDP.FRST.RT.ZS,0.928515620566916
Sri Lanka,LKA,1981,Forest rents (% of GDP),NY.GDP.FRST.RT.ZS,0.662140701225061
Sri Lanka,LKA,1980,Forest rents (% of GDP),NY.GDP.FRST.RT.ZS,0.833886120992733
Sri Lanka,LKA,1979,Forest rents (% of GDP),NY.GDP.FRST.RT.ZS,0.824141817580273
Sri Lanka,LKA,1978,Forest rents (% of GDP),NY.GDP.FRST.RT.ZS,2.22462277222911
Sri Lanka,LKA,1977,Forest rents (% of GDP),NY.GDP.FRST.RT.ZS,1.47834425174834
Sri Lanka,LKA,1976,Forest rents (% of GDP),NY.GDP.FRST.RT.ZS,0.531682871698104
Sri Lanka,LKA,1975,Forest rents (% of GDP),NY.GDP.FRST.RT.ZS,0.776306878827124
Sri Lanka,LKA,1974,Forest rents (% of GDP),NY.GDP.FRST.RT.ZS,0.384839956370907
Sri Lanka,LKA,1973,Forest rents (% of GDP),NY.GDP.FRST.RT.ZS,0.412492035623906
Sri Lanka,LKA,1972,Forest rents (% of GDP),NY.GDP.FRST.RT.ZS,0.293823821135509
Sri Lanka,LKA,1971,Forest rents (% of GDP),NY.GDP.FRST.RT.ZS,0.311770020850896
Sri Lanka,LKA,1970,Forest rents (% of GDP),NY.GDP.FRST.RT.ZS,0.349013656833095
Sri Lanka,LKA,2021,Mineral rents (% of GDP),NY.GDP.MINR.RT.ZS,0.0
Sri Lanka,LKA,2020,Mineral rents (% of GDP),NY.GDP.MINR.RT.ZS,0.0
Sri Lanka,LKA,2019,Mineral rents (% of GDP),NY.GDP.MINR.RT.ZS,0.0
Sri Lanka,LKA,2018,Mineral rents (% of GDP),NY.GDP.MINR.RT.ZS,0.001790737403743
Sri Lanka,LKA,2017,Mineral rents (% of GDP),NY.GDP.MINR.RT.ZS,0.0017116929537371
Sri Lanka,LKA,2016,Mineral rents (% of GDP),NY.GDP.MINR.RT.ZS,0.0023590121476439
Sri Lanka,LKA,2015,Mineral rents (% of GDP),NY.GDP.MINR.RT.ZS,0.0038090077768292
Sri Lanka,LKA,2014,Mineral rents (% of GDP),NY.GDP.MINR.RT.ZS,0.0043645299455326
Sri Lanka,LKA,2013,Mineral rents (% of GDP),NY.GDP.MINR.RT.ZS,0.0048853989012782
Sri Lanka,LKA,2012,Mineral rents (% of GDP),NY.GDP.MINR.RT.ZS,0.009515695222227
Sri Lanka,LKA,2011,Mineral rents (% of GDP),NY.GDP.MINR.RT.ZS,0.0093689054797361
Sri Lanka,LKA,2010,Mineral rents (% of GDP),NY.GDP.MINR.RT.ZS,0.0055596035145508
Sri Lanka,LKA,2009,Mineral rents (% of GDP),NY.GDP.MINR.RT.ZS,0.0174579216668107
Sri Lanka,LKA,2008,Mineral rents (% of GDP),NY.GDP.MINR.RT.ZS,0.0206586692721846
Sri Lanka,LKA,2007,Mineral rents (% of GDP),NY.GDP.MINR.RT.ZS,0.0024802988062235
Sri Lanka,LKA,2006,Mineral rents (% of GDP),NY.GDP.MINR.RT.ZS,0.0012442718661852
Sri Lanka,LKA,2005,Mineral rents (% of GDP),NY.GDP.MINR.RT.ZS,0.0
Sri Lanka,LKA,2004,Mineral rents (% of GDP),NY.GDP.MINR.RT.ZS,0.0
Sri Lanka,LKA,2003,Mineral rents (% of GDP),NY.GDP.MINR.RT.ZS,0.0
Sri Lanka,LKA,2002,Mineral rents (% of GDP),NY.GDP.MINR.RT.ZS,0.0
Sri Lanka,LKA,2001,Mineral rents (% of GDP),NY.GDP.MINR.RT.ZS,0.0
Sri Lanka,LKA,2000,Mineral rents (% of GDP),NY.GDP.MINR.RT.ZS,0.0
Sri Lanka,LKA,1999,Mineral rents (% of GDP),NY.GDP.MINR.RT.ZS,0.0
Sri Lanka,LKA,1998,Mineral rents (% of GDP),NY.GDP.MINR.RT.ZS,0.0
Sri Lanka,LKA,1997,Mineral rents (% of GDP),NY.GDP.MINR.RT.ZS,0.0
Sri Lanka,LKA,1996,Mineral rents (% of GDP),NY.GDP.MINR.RT.ZS,0.0
Sri Lanka,LKA,1995,Mineral rents (% of GDP),NY.GDP.MINR.RT.ZS,0.0
Sri Lanka,LKA,1994,Mineral rents (% of GDP),NY.GDP.MINR.RT.ZS,0.0
Sri Lanka,LKA,1993,Mineral rents (% of GDP),NY.GDP.MINR.RT.ZS,0.0
Sri Lanka,LKA,1992,Mineral rents (% of GDP),NY.GDP.MINR.RT.ZS,0.0
Sri Lanka,LKA,1991,Mineral rents (% of GDP),NY.GDP.MINR.RT.ZS,0.0
Sri Lanka,LKA,1990,Mineral rents (% of GDP),NY.GDP.MINR.RT.ZS,0.0
Sri Lanka,LKA,1989,Mineral rents (% of GDP),NY.GDP.MINR.RT.ZS,0.0
Sri Lanka,LKA,1988,Mineral rents (% of GDP),NY.GDP.MINR.RT.ZS,0.0
Sri Lanka,LKA,1987,Mineral rents (% of GDP),NY.GDP.MINR.RT.ZS,0.0
Sri Lanka,LKA,1986,Mineral rents (% of GDP),NY.GDP.MINR.RT.ZS,0.0
Sri Lanka,LKA,1985,Mineral rents (% of GDP),NY.GDP.MINR.RT.ZS,0.0002956911128218
Sri Lanka,LKA,1984,Mineral rents (% of GDP),NY.GDP.MINR.RT.ZS,0.0
Sri Lanka,LKA,1983,Mineral rents (% of GDP),NY.GDP.MINR.RT.ZS,0.0011131075725297
Sri Lanka,LKA,1982,Mineral rents (% of GDP),NY.GDP.MINR.RT.ZS,0.0018490716913861
Sri Lanka,LKA,1981,Mineral rents (% of GDP),NY.GDP.MINR.RT.ZS,0.0031742633064875
Sri Lanka,LKA,1980,Mineral rents (% of GDP),NY.GDP.MINR.RT.ZS,0.0022610054448155
Sri Lanka,LKA,1979,Mineral rents (% of GDP),NY.GDP.MINR.RT.ZS,0.0
Sri Lanka,LKA,1978,Mineral rents (% of GDP),NY.GDP.MINR.RT.ZS,0.0
Sri Lanka,LKA,1977,Mineral rents (% of GDP),NY.GDP.MINR.RT.ZS,0.0
Sri Lanka,LKA,1976,Mineral rents (% of GDP),NY.GDP.MINR.RT.ZS,0.0
Sri Lanka,LKA,1975,Mineral rents (% of GDP),NY.GDP.MINR.RT.ZS,0.0
Sri Lanka,LKA,1974,Mineral rents (% of GDP),NY.GDP.MINR.RT.ZS,0.0
Sri Lanka,LKA,1973,Mineral rents (% of GDP),NY.GDP.MINR.RT.ZS,0.0
Sri Lanka,LKA,1972,Mineral rents (% of GDP),NY.GDP.MINR.RT.ZS,0.0
Sri Lanka,LKA,1971,Mineral rents (% of GDP),NY.GDP.MINR.RT.ZS,0.0
Sri Lanka,LKA,1970,Mineral rents (% of GDP),NY.GDP.MINR.RT.ZS,0.0
Sri Lanka,LKA,2021,Natural gas rents (% of GDP),NY.GDP.NGAS.RT.ZS,0.0
Sri Lanka,LKA,2020,Natural gas rents (% of GDP),NY.GDP.NGAS.RT.ZS,0.0
Sri Lanka,LKA,2019,Natural gas rents (% of GDP),NY.GDP.NGAS.RT.ZS,0.0
Sri Lanka,LKA,2018,Natural gas rents (% of GDP),NY.GDP.NGAS.RT.ZS,0.0
Sri Lanka,LKA,2017,Natural gas rents (% of GDP),NY.GDP.NGAS.RT.ZS,0.0
Sri Lanka,LKA,2016,Natural gas rents (% of GDP),NY.GDP.NGAS.RT.ZS,0.0
Sri Lanka,LKA,2015,Natural gas rents (% of GDP),NY.GDP.NGAS.RT.ZS,0.0
Sri Lanka,LKA,2014,Natural gas rents (% of GDP),NY.GDP.NGAS.RT.ZS,0.0
Sri Lanka,LKA,2013,Natural gas rents (% of GDP),NY.GDP.NGAS.RT.ZS,0.0
Sri Lanka,LKA,2012,Natural gas rents (% of GDP),NY.GDP.NGAS.RT.ZS,0.0
Sri Lanka,LKA,2011,Natural gas rents (% of GDP),NY.GDP.NGAS.RT.ZS,0.0
Sri Lanka,LKA,2010,Natural gas rents (% of GDP),NY.GDP.NGAS.RT.ZS,0.0
Sri Lanka,LKA,2009,Natural gas rents (% of GDP),NY.GDP.NGAS.RT.ZS,0.0
Sri Lanka,LKA,2008,Natural gas rents (% of GDP),NY.GDP.NGAS.RT.ZS,0.0
Sri Lanka,LKA,2007,Natural gas rents (% of GDP),NY.GDP.NGAS.RT.ZS,0.0
Sri Lanka,LKA,2006,Natural gas rents (% of GDP),NY.GDP.NGAS.RT.ZS,0.0
Sri Lanka,LKA,2005,Natural gas rents (% of GDP),NY.GDP.NGAS.RT.ZS,0.0
Sri Lanka,LKA,2004,Natural gas rents (% of GDP),NY.GDP.NGAS.RT.ZS,0.0
Sri Lanka,LKA,2003,Natural gas rents (% of GDP),NY.GDP.NGAS.RT.ZS,0.0
Sri Lanka,LKA,2002,Natural gas rents (% of GDP),NY.GDP.NGAS.RT.ZS,0.0
Sri Lanka,LKA,2001,Natural gas rents (% of GDP),NY.GDP.NGAS.RT.ZS,0.0
Sri Lanka,LKA,2000,Natural gas rents (% of GDP),NY.GDP.NGAS.RT.ZS,0.0
Sri Lanka,LKA,1999,Natural gas rents (% of GDP),NY.GDP.NGAS.RT.ZS,0.0
Sri Lanka,LKA,1998,Natural gas rents (% of GDP),NY.GDP.NGAS.RT.ZS,0.0
Sri Lanka,LKA,1997,Natural gas rents (% of GDP),NY.GDP.NGAS.RT.ZS,0.0
Sri Lanka,LKA,1996,Natural gas rents (% of GDP),NY.GDP.NGAS.RT.ZS,0.0
Sri Lanka,LKA,1995,Natural gas rents (% of GDP),NY.GDP.NGAS.RT.ZS,0.0
Sri Lanka,LKA,1994,Natural gas rents (% of GDP),NY.GDP.NGAS.RT.ZS,0.0
Sri Lanka,LKA,1993,Natural gas rents (% of GDP),NY.GDP.NGAS.RT.ZS,0.0
Sri Lanka,LKA,1992,Natural gas rents (% of GDP),NY.GDP.NGAS.RT.ZS,0.0
Sri Lanka,LKA,1991,Natural gas rents (% of GDP),NY.GDP.NGAS.RT.ZS,0.0
Sri Lanka,LKA,1990,Natural gas rents (% of GDP),NY.GDP.NGAS.RT.ZS,0.0
Sri Lanka,LKA,1989,Natural gas rents (% of GDP),NY.GDP.NGAS.RT.ZS,0.0
Sri Lanka,LKA,1988,Natural gas rents (% of GDP),NY.GDP.NGAS.RT.ZS,0.0
Sri Lanka,LKA,1987,Natural gas rents (% of GDP),NY.GDP.NGAS.RT.ZS,0.0
Sri Lanka,LKA,1986,Natural gas rents (% of GDP),NY.GDP.NGAS.RT.ZS,0.0
Sri Lanka,LKA,1985,Natural gas rents (% of GDP),NY.GDP.NGAS.RT.ZS,0.0
Sri Lanka,LKA,1984,Natural gas rents (% of GDP),NY.GDP.NGAS.RT.ZS,0.0
Sri Lanka,LKA,1983,Natural gas rents (% of GDP),NY.GDP.NGAS.RT.ZS,0.0
Sri Lanka,LKA,1982,Natural gas rents (% of GDP),NY.GDP.NGAS.RT.ZS,0.0
Sri Lanka,LKA,1981,Natural gas rents (% of GDP),NY.GDP.NGAS.RT.ZS,0.0
Sri Lanka,LKA,1980,Natural gas rents (% of GDP),NY.GDP.NGAS.RT.ZS,0.0
Sri Lanka,LKA,1979,Natural gas rents (% of GDP),NY.GDP.NGAS.RT.ZS,0.0
Sri Lanka,LKA,1978,Natural gas rents (% of GDP),NY.GDP.NGAS.RT.ZS,0.0
Sri Lanka,LKA,1977,Natural gas rents (% of GDP),NY.GDP.NGAS.RT.ZS,0.0
Sri Lanka,LKA,1976,Natural gas rents (% of GDP),NY.GDP.NGAS.RT.ZS,0.0
Sri Lanka,LKA,1975,Natural gas rents (% of GDP),NY.GDP.NGAS.RT.ZS,0.0
Sri Lanka,LKA,1974,Natural gas rents (% of GDP),NY.GDP.NGAS.RT.ZS,0.0
Sri Lanka,LKA,1973,Natural gas rents (% of GDP),NY.GDP.NGAS.RT.ZS,0.0
Sri Lanka,LKA,1972,Natural gas rents (% of GDP),NY.GDP.NGAS.RT.ZS,0.0
Sri Lanka,LKA,1971,Natural gas rents (% of GDP),NY.GDP.NGAS.RT.ZS,0.0
Sri Lanka,LKA,2021,Oil rents (% of GDP),NY.GDP.PETR.RT.ZS,0.0
Sri Lanka,LKA,2020,Oil rents (% of GDP),NY.GDP.PETR.RT.ZS,0.0
Sri Lanka,LKA,2019,Oil rents (% of GDP),NY.GDP.PETR.RT.ZS,0.0
Sri Lanka,LKA,2018,Oil rents (% of GDP),NY.GDP.PETR.RT.ZS,0.0
Sri Lanka,LKA,2017,Oil rents (% of GDP),NY.GDP.PETR.RT.ZS,0.0
Sri Lanka,LKA,2016,Oil rents (% of GDP),NY.GDP.PETR.RT.ZS,0.0
Sri Lanka,LKA,2015,Oil rents (% of GDP),NY.GDP.PETR.RT.ZS,0.0
Sri Lanka,LKA,2014,Oil rents (% of GDP),NY.GDP.PETR.RT.ZS,0.0
Sri Lanka,LKA,2013,Oil rents (% of GDP),NY.GDP.PETR.RT.ZS,0.0
Sri Lanka,LKA,2012,Oil rents (% of GDP),NY.GDP.PETR.RT.ZS,0.0
Sri Lanka,LKA,2011,Oil rents (% of GDP),NY.GDP.PETR.RT.ZS,0.0
Sri Lanka,LKA,2010,Oil rents (% of GDP),NY.GDP.PETR.RT.ZS,0.0
Sri Lanka,LKA,2009,Oil rents (% of GDP),NY.GDP.PETR.RT.ZS,0.0
Sri Lanka,LKA,2008,Oil rents (% of GDP),NY.GDP.PETR.RT.ZS,0.0
Sri Lanka,LKA,2007,Oil rents (% of GDP),NY.GDP.PETR.RT.ZS,0.0
Sri Lanka,LKA,2006,Oil rents (% of GDP),NY.GDP.PETR.RT.ZS,0.0
Sri Lanka,LKA,2005,Oil rents (% of GDP),NY.GDP.PETR.RT.ZS,0.0
Sri Lanka,LKA,2004,Oil rents (% of GDP),NY.GDP.PETR.RT.ZS,0.0
Sri Lanka,LKA,2003,Oil rents (% of GDP),NY.GDP.PETR.RT.ZS,0.0
Sri Lanka,LKA,2002,Oil rents (% of GDP),NY.GDP.PETR.RT.ZS,0.0
Sri Lanka,LKA,2001,Oil rents (% of GDP),NY.GDP.PETR.RT.ZS,0.0
Sri Lanka,LKA,2000,Oil rents (% of GDP),NY.GDP.PETR.RT.ZS,0.0
Sri Lanka,LKA,1999,Oil rents (% of GDP),NY.GDP.PETR.RT.ZS,0.0
Sri Lanka,LKA,1998,Oil rents (% of GDP),NY.GDP.PETR.RT.ZS,0.0
Sri Lanka,LKA,1997,Oil rents (% of GDP),NY.GDP.PETR.RT.ZS,0.0
Sri Lanka,LKA,1996,Oil rents (% of GDP),NY.GDP.PETR.RT.ZS,0.0
Sri Lanka,LKA,1995,Oil rents (% of GDP),NY.GDP.PETR.RT.ZS,0.0
Sri Lanka,LKA,1994,Oil rents (% of GDP),NY.GDP.PETR.RT.ZS,0.0
Sri Lanka,LKA,1993,Oil rents (% of GDP),NY.GDP.PETR.RT.ZS,0.0
Sri Lanka,LKA,1992,Oil rents (% of GDP),NY.GDP.PETR.RT.ZS,0.0
Sri Lanka,LKA,1991,Oil rents (% of GDP),NY.GDP.PETR.RT.ZS,0.0
Sri Lanka,LKA,1990,Oil rents (% of GDP),NY.GDP.PETR.RT.ZS,0.0
Sri Lanka,LKA,1989,Oil rents (% of GDP),NY.GDP.PETR.RT.ZS,0.0
Sri Lanka,LKA,1988,Oil rents (% of GDP),NY.GDP.PETR.RT.ZS,0.0
Sri Lanka,LKA,1987,Oil rents (% of GDP),NY.GDP.PETR.RT.ZS,0.0
Sri Lanka,LKA,1986,Oil rents (% of GDP),NY.GDP.PETR.RT.ZS,0.0
Sri Lanka,LKA,1985,Oil rents (% of GDP),NY.GDP.PETR.RT.ZS,0.0
Sri Lanka,LKA,1984,Oil rents (% of GDP),NY.GDP.PETR.RT.ZS,0.0
Sri Lanka,LKA,1983,Oil rents (% of GDP),NY.GDP.PETR.RT.ZS,0.0
Sri Lanka,LKA,1982,Oil rents (% of GDP),NY.GDP.PETR.RT.ZS,0.0
Sri Lanka,LKA,1981,Oil rents (% of GDP),NY.GDP.PETR.RT.ZS,0.0
Sri Lanka,LKA,1980,Oil rents (% of GDP),NY.GDP.PETR.RT.ZS,0.0
Sri Lanka,LKA,1979,Oil rents (% of GDP),NY.GDP.PETR.RT.ZS,0.0
Sri Lanka,LKA,1978,Oil rents (% of GDP),NY.GDP.PETR.RT.ZS,0.0
Sri Lanka,LKA,1977,Oil rents (% of GDP),NY.GDP.PETR.RT.ZS,0.0
Sri Lanka,LKA,1976,Oil rents (% of GDP),NY.GDP.PETR.RT.ZS,0.0
Sri Lanka,LKA,1975,Oil rents (% of GDP),NY.GDP.PETR.RT.ZS,0.0
Sri Lanka,LKA,1974,Oil rents (% of GDP),NY.GDP.PETR.RT.ZS,0.0
Sri Lanka,LKA,1973,Oil rents (% of GDP),NY.GDP.PETR.RT.ZS,0.0
Sri Lanka,LKA,1972,Oil rents (% of GDP),NY.GDP.PETR.RT.ZS,0.0
Sri Lanka,LKA,1971,Oil rents (% of GDP),NY.GDP.PETR.RT.ZS,0.0
Sri Lanka,LKA,2021,Total natural resources rents (% of GDP),NY.GDP.TOTL.RT.ZS,0.0832444969793704
Sri Lanka,LKA,2020,Total natural resources rents (% of GDP),NY.GDP.TOTL.RT.ZS,0.0850400982115445
Sri Lanka,LKA,2019,Total natural resources rents (% of GDP),NY.GDP.TOTL.RT.ZS,0.0722571812304566
Sri Lanka,LKA,2018,Total natural resources rents (% of GDP),NY.GDP.TOTL.RT.ZS,0.064834147164453
Sri Lanka,LKA,2017,Total natural resources rents (% of GDP),NY.GDP.TOTL.RT.ZS,0.0888765377568958
Sri Lanka,LKA,2016,Total natural resources rents (% of GDP),NY.GDP.TOTL.RT.ZS,0.120808775080832
Sri Lanka,LKA,2015,Total natural resources rents (% of GDP),NY.GDP.TOTL.RT.ZS,0.116815682766825
Sri Lanka,LKA,2014,Total natural resources rents (% of GDP),NY.GDP.TOTL.RT.ZS,0.106716230120525
Sri Lanka,LKA,2013,Total natural resources rents (% of GDP),NY.GDP.TOTL.RT.ZS,0.111206626762233
Sri Lanka,LKA,2012,Total natural resources rents (% of GDP),NY.GDP.TOTL.RT.ZS,0.137234670569948
Sri Lanka,LKA,2011,Total natural resources rents (% of GDP),NY.GDP.TOTL.RT.ZS,0.161869001521806
Sri Lanka,LKA,2010,Total natural resources rents (% of GDP),NY.GDP.TOTL.RT.ZS,0.181247741101714
Sri Lanka,LKA,2009,Total natural resources rents (% of GDP),NY.GDP.TOTL.RT.ZS,0.154024920053947
Sri Lanka,LKA,2008,Total natural resources rents (% of GDP),NY.GDP.TOTL.RT.ZS,0.168491007991096
Sri Lanka,LKA,2007,Total natural resources rents (% of GDP),NY.GDP.TOTL.RT.ZS,0.196497793780255
Sri Lanka,LKA,2006,Total natural resources rents (% of GDP),NY.GDP.TOTL.RT.ZS,0.16417428202828
Sri Lanka,LKA,2005,Total natural resources rents (% of GDP),NY.GDP.TOTL.RT.ZS,0.124198914028397
Sri Lanka,LKA,2004,Total natural resources rents (% of GDP),NY.GDP.TOTL.RT.ZS,0.147494466742975
Sri Lanka,LKA,2003,Total natural resources rents (% of GDP),NY.GDP.TOTL.RT.ZS,0.196684504988527
Sri Lanka,LKA,2002,Total natural resources rents (% of GDP),NY.GDP.TOTL.RT.ZS,0.203787939938968
Sri Lanka,LKA,2001,Total natural resources rents (% of GDP),NY.GDP.TOTL.RT.ZS,0.196220474071304
Sri Lanka,LKA,2000,Total natural resources rents (% of GDP),NY.GDP.TOTL.RT.ZS,0.190956032913517
Sri Lanka,LKA,1999,Total natural resources rents (% of GDP),NY.GDP.TOTL.RT.ZS,0.214152119083607
Sri Lanka,LKA,1998,Total natural resources rents (% of GDP),NY.GDP.TOTL.RT.ZS,0.188090082261484
Sri Lanka,LKA,1997,Total natural resources rents (% of GDP),NY.GDP.TOTL.RT.ZS,0.211594304589763
Sri Lanka,LKA,1996,Total natural resources rents (% of GDP),NY.GDP.TOTL.RT.ZS,0.353077482876767
Sri Lanka,LKA,1995,Total natural resources rents (% of GDP),NY.GDP.TOTL.RT.ZS,0.387053556444352
Sri Lanka,LKA,1994,Total natural resources rents (% of GDP),NY.GDP.TOTL.RT.ZS,0.344406420288195
Sri Lanka,LKA,1993,Total natural resources rents (% of GDP),NY.GDP.TOTL.RT.ZS,0.442217811746733
Sri Lanka,LKA,1992,Total natural resources rents (% of GDP),NY.GDP.TOTL.RT.ZS,0.508323376361394
Sri Lanka,LKA,1991,Total natural resources rents (% of GDP),NY.GDP.TOTL.RT.ZS,0.541072206279577
Sri Lanka,LKA,1990,Total natural resources rents (% of GDP),NY.GDP.TOTL.RT.ZS,0.467031774164659
Sri Lanka,LKA,1989,Total natural resources rents (% of GDP),NY.GDP.TOTL.RT.ZS,0.449054392882218
Sri Lanka,LKA,1988,Total natural resources rents (% of GDP),NY.GDP.TOTL.RT.ZS,0.462214619069643
Sri Lanka,LKA,1987,Total natural resources rents (% of GDP),NY.GDP.TOTL.RT.ZS,0.458943840762112
Sri Lanka,LKA,1986,Total natural resources rents (% of GDP),NY.GDP.TOTL.RT.ZS,0.512449670512743
Sri Lanka,LKA,1985,Total natural resources rents (% of GDP),NY.GDP.TOTL.RT.ZS,0.297895482888966
Sri Lanka,LKA,1984,Total natural resources rents (% of GDP),NY.GDP.TOTL.RT.ZS,0.415370333932422
Sri Lanka,LKA,1983,Total natural resources rents (% of GDP),NY.GDP.TOTL.RT.ZS,0.618973339361637
Sri Lanka,LKA,1982,Total natural resources rents (% of GDP),NY.GDP.TOTL.RT.ZS,0.930364692258302
Sri Lanka,LKA,1981,Total natural resources rents (% of GDP),NY.GDP.TOTL.RT.ZS,0.665314964531548
Sri Lanka,LKA,1980,Total natural resources rents (% of GDP),NY.GDP.TOTL.RT.ZS,0.836147126437549
Sri Lanka,LKA,1979,Total natural resources rents (% of GDP),NY.GDP.TOTL.RT.ZS,0.824141817580273
Sri Lanka,LKA,1978,Total natural resources rents (% of GDP),NY.GDP.TOTL.RT.ZS,2.22462277222911
Sri Lanka,LKA,1977,Total natural resources rents (% of GDP),NY.GDP.TOTL.RT.ZS,1.47834425174834
Sri Lanka,LKA,1976,Total natural resources rents (% of GDP),NY.GDP.TOTL.RT.ZS,0.531682871698104
Sri Lanka,LKA,1975,Total natural resources rents (% of GDP),NY.GDP.TOTL.RT.ZS,0.776306878827124
Sri Lanka,LKA,1974,Total natural resources rents (% of GDP),NY.GDP.TOTL.RT.ZS,0.384839956370907
Sri Lanka,LKA,1973,Total natural resources rents (% of GDP),NY.GDP.TOTL.RT.ZS,0.412492035623906
Sri Lanka,LKA,1972,Total natural resources rents (% of GDP),NY.GDP.TOTL.RT.ZS,0.293823821135509
Sri Lanka,LKA,1971,Total natural resources rents (% of GDP),NY.GDP.TOTL.RT.ZS,0.311770020850896
Sri Lanka,LKA,1970,Total natural resources rents (% of GDP),NY.GDP.TOTL.RT.ZS,0.349013656833095
Sri Lanka,LKA,2022,"People using at least basic drinking water services, rural (% of rural population)",SH.H2O.BASW.RU.ZS,87.2367276930683
Sri Lanka,LKA,2021,"People using at least basic drinking water services, rural (% of rural population)",SH.H2O.BASW.RU.ZS,86.9209670116447
Sri Lanka,LKA,2020,"People using at least basic drinking water services, rural (% of rural population)",SH.H2O.BASW.RU.ZS,86.6051399791266
Sri Lanka,LKA,2019,"People using at least basic drinking water services, rural (% of rural population)",SH.H2O.BASW.RU.ZS,86.2892465955142
Sri Lanka,LKA,2018,"People using at least basic drinking water services, rural (% of rural population)",SH.H2O.BASW.RU.ZS,85.9732868608074
Sri Lanka,LKA,2017,"People using at least basic drinking water services, rural (% of rural population)",SH.H2O.BASW.RU.ZS,85.6572607750063
Sri Lanka,LKA,2016,"People using at least basic drinking water services, rural (% of rural population)",SH.H2O.BASW.RU.ZS,85.3411683381108
Sri Lanka,LKA,2015,"People using at least basic drinking water services, rural (% of rural population)",SH.H2O.BASW.RU.ZS,85.0250095501209
Sri Lanka,LKA,2014,"People using at least basic drinking water services, rural (% of rural population)",SH.H2O.BASW.RU.ZS,84.7087844110367
Sri Lanka,LKA,2013,"People using at least basic drinking water services, rural (% of rural population)",SH.H2O.BASW.RU.ZS,84.392492920858
Sri Lanka,LKA,2012,"People using at least basic drinking water services, rural (% of rural population)",SH.H2O.BASW.RU.ZS,84.076135079585
Sri Lanka,LKA,2011,"People using at least basic drinking water services, rural (% of rural population)",SH.H2O.BASW.RU.ZS,83.7597108872178
Sri Lanka,LKA,2010,"People using at least basic drinking water services, rural (% of rural population)",SH.H2O.BASW.RU.ZS,83.443220343756
Sri Lanka,LKA,2009,"People using at least basic drinking water services, rural (% of rural population)",SH.H2O.BASW.RU.ZS,83.1266634491999
Sri Lanka,LKA,2008,"People using at least basic drinking water services, rural (% of rural population)",SH.H2O.BASW.RU.ZS,82.8100402035495
Sri Lanka,LKA,2007,"People using at least basic drinking water services, rural (% of rural population)",SH.H2O.BASW.RU.ZS,82.4933506068046
Sri Lanka,LKA,2006,"People using at least basic drinking water services, rural (% of rural population)",SH.H2O.BASW.RU.ZS,82.1765946589655
Sri Lanka,LKA,2005,"People using at least basic drinking water services, rural (% of rural population)",SH.H2O.BASW.RU.ZS,81.8597723600319
Sri Lanka,LKA,2004,"People using at least basic drinking water services, rural (% of rural population)",SH.H2O.BASW.RU.ZS,81.542883710004
Sri Lanka,LKA,2003,"People using at least basic drinking water services, rural (% of rural population)",SH.H2O.BASW.RU.ZS,81.2259287088817
Sri Lanka,LKA,2002,"People using at least basic drinking water services, rural (% of rural population)",SH.H2O.BASW.RU.ZS,80.908907356665
Sri Lanka,LKA,2001,"People using at least basic drinking water services, rural (% of rural population)",SH.H2O.BASW.RU.ZS,80.5918196533539
Sri Lanka,LKA,2000,"People using at least basic drinking water services, rural (% of rural population)",SH.H2O.BASW.RU.ZS,80.2664806461545
Sri Lanka,LKA,2022,"People using at least basic drinking water services, urban (% of urban population)",SH.H2O.BASW.UR.ZS,98.1343490737667
Sri Lanka,LKA,2021,"People using at least basic drinking water services, urban (% of urban population)",SH.H2O.BASW.UR.ZS,97.9561920289197
Sri Lanka,LKA,2020,"People using at least basic drinking water services, urban (% of urban population)",SH.H2O.BASW.UR.ZS,97.7781801507654
Sri Lanka,LKA,2019,"People using at least basic drinking water services, urban (% of urban population)",SH.H2O.BASW.UR.ZS,97.6003134393036
Sri Lanka,LKA,2018,"People using at least basic drinking water services, urban (% of urban population)",SH.H2O.BASW.UR.ZS,97.4225918945343
Sri Lanka,LKA,2017,"People using at least basic drinking water services, urban (% of urban population)",SH.H2O.BASW.UR.ZS,97.2450155164575
Sri Lanka,LKA,2016,"People using at least basic drinking water services, urban (% of urban population)",SH.H2O.BASW.UR.ZS,97.0675843050733
Sri Lanka,LKA,2015,"People using at least basic drinking water services, urban (% of urban population)",SH.H2O.BASW.UR.ZS,96.8902982603815
Sri Lanka,LKA,2014,"People using at least basic drinking water services, urban (% of urban population)",SH.H2O.BASW.UR.ZS,96.7131573823824
Sri Lanka,LKA,2013,"People using at least basic drinking water services, urban (% of urban population)",SH.H2O.BASW.UR.ZS,96.5361616710758
Sri Lanka,LKA,2012,"People using at least basic drinking water services, urban (% of urban population)",SH.H2O.BASW.UR.ZS,96.3593111264617
Sri Lanka,LKA,2011,"People using at least basic drinking water services, urban (% of urban population)",SH.H2O.BASW.UR.ZS,96.1826057485402
Sri Lanka,LKA,2010,"People using at least basic drinking water services, urban (% of urban population)",SH.H2O.BASW.UR.ZS,96.0060455373111
Sri Lanka,LKA,2009,"People using at least basic drinking water services, urban (% of urban population)",SH.H2O.BASW.UR.ZS,95.8296304927746
Sri Lanka,LKA,2008,"People using at least basic drinking water services, urban (% of urban population)",SH.H2O.BASW.UR.ZS,95.6533606149307
Sri Lanka,LKA,2007,"People using at least basic drinking water services, urban (% of urban population)",SH.H2O.BASW.UR.ZS,95.4772359037793
Sri Lanka,LKA,2006,"People using at least basic drinking water services, urban (% of urban population)",SH.H2O.BASW.UR.ZS,95.3012563593204
Sri Lanka,LKA,2005,"People using at least basic drinking water services, urban (% of urban population)",SH.H2O.BASW.UR.ZS,95.125421981554
Sri Lanka,LKA,2004,"People using at least basic drinking water services, urban (% of urban population)",SH.H2O.BASW.UR.ZS,94.9497327704802
Sri Lanka,LKA,2003,"People using at least basic drinking water services, urban (% of urban population)",SH.H2O.BASW.UR.ZS,94.774188726099
Sri Lanka,LKA,2002,"People using at least basic drinking water services, urban (% of urban population)",SH.H2O.BASW.UR.ZS,94.5987898484102
Sri Lanka,LKA,2001,"People using at least basic drinking water services, urban (% of urban population)",SH.H2O.BASW.UR.ZS,94.423536137414
Sri Lanka,LKA,2000,"People using at least basic drinking water services, urban (% of urban population)",SH.H2O.BASW.UR.ZS,94.3073355988967
Sri Lanka,LKA,2022,People using at least basic drinking water services (% of population),SH.H2O.BASW.ZS,89.3101072894811
Sri Lanka,LKA,2021,People using at least basic drinking water services (% of population),SH.H2O.BASW.ZS,89.0022141318241
Sri Lanka,LKA,2020,People using at least basic drinking water services (% of population),SH.H2O.BASW.ZS,88.6959543081265
Sri Lanka,LKA,2019,People using at least basic drinking water services (% of population),SH.H2O.BASW.ZS,88.3914085074832
Sri Lanka,LKA,2018,People using at least basic drinking water services (% of population),SH.H2O.BASW.ZS,88.0886563987435
Sri Lanka,LKA,2017,People using at least basic drinking water services (% of population),SH.H2O.BASW.ZS,87.7875527181461
Sri Lanka,LKA,2016,People using at least basic drinking water services (% of population),SH.H2O.BASW.ZS,87.4883909600499
Sri Lanka,LKA,2015,People using at least basic drinking water services (% of population),SH.H2O.BASW.ZS,87.1911327903211
Sri Lanka,LKA,2014,People using at least basic drinking water services (% of population),SH.H2O.BASW.ZS,86.8957412152415
Sri Lanka,LKA,2013,People using at least basic drinking water services (% of population),SH.H2O.BASW.ZS,86.6023981319846
Sri Lanka,LKA,2012,People using at least basic drinking water services (% of population),SH.H2O.BASW.ZS,86.3111826376504
Sri Lanka,LKA,2011,People using at least basic drinking water services (% of population),SH.H2O.BASW.ZS,86.0220420028487
Sri Lanka,LKA,2010,People using at least basic drinking water services (% of population),SH.H2O.BASW.ZS,85.7329214269344
Sri Lanka,LKA,2009,People using at least basic drinking water services (% of population),SH.H2O.BASW.ZS,85.443942941037
Sri Lanka,LKA,2008,People using at least basic drinking water services (% of population),SH.H2O.BASW.ZS,85.154847451454
Sri Lanka,LKA,2007,People using at least basic drinking water services (% of population),SH.H2O.BASW.ZS,84.8657653303278
Sri Lanka,LKA,2006,People using at least basic drinking water services (% of population),SH.H2O.BASW.ZS,84.5768309160413
Sri Lanka,LKA,2005,People using at least basic drinking water services (% of population),SH.H2O.BASW.ZS,84.2877818898964
Sri Lanka,LKA,2004,People using at least basic drinking water services (% of population),SH.H2O.BASW.ZS,83.998883048266
Sri Lanka,LKA,2003,People using at least basic drinking water services (% of population),SH.H2O.BASW.ZS,83.7098653157554
Sri Lanka,LKA,2002,People using at least basic drinking water services (% of population),SH.H2O.BASW.ZS,83.4208660285123
Sri Lanka,LKA,2001,People using at least basic drinking water services (% of population),SH.H2O.BASW.ZS,83.1320139640829
Sri Lanka,LKA,2000,People using at least basic drinking water services (% of population),SH.H2O.BASW.ZS,82.8471911815725
Sri Lanka,LKA,2022,"People using safely managed drinking water services, rural (% of rural population)",SH.H2O.SMDW.RU.ZS,38.6985268483682
Sri Lanka,LKA,2021,"People using safely managed drinking water services, rural (% of rural population)",SH.H2O.SMDW.RU.ZS,38.5545143447326
Sri Lanka,LKA,2020,"People using safely managed drinking water services, rural (% of rural population)",SH.H2O.SMDW.RU.ZS,38.4105018410969
Sri Lanka,LKA,2019,"People using safely managed drinking water services, rural (% of rural population)",SH.H2O.SMDW.RU.ZS,38.2664893374613
Sri Lanka,LKA,2018,"People using safely managed drinking water services, rural (% of rural population)",SH.H2O.SMDW.RU.ZS,38.1224768338256
Sri Lanka,LKA,2017,"People using safely managed drinking water services, rural (% of rural population)",SH.H2O.SMDW.RU.ZS,37.97846433019
Sri Lanka,LKA,2016,"People using safely managed drinking water services, rural (% of rural population)",SH.H2O.SMDW.RU.ZS,37.8344518265544
Sri Lanka,LKA,2015,"People using safely managed drinking water services, rural (% of rural population)",SH.H2O.SMDW.RU.ZS,37.6904393229187
Sri Lanka,LKA,2014,"People using safely managed drinking water services, rural (% of rural population)",SH.H2O.SMDW.RU.ZS,37.5464268192831
Sri Lanka,LKA,2013,"People using safely managed drinking water services, rural (% of rural population)",SH.H2O.SMDW.RU.ZS,37.4024143156474
Sri Lanka,LKA,2012,"People using safely managed drinking water services, rural (% of rural population)",SH.H2O.SMDW.RU.ZS,37.2584018120118
Sri Lanka,LKA,2011,"People using safely managed drinking water services, rural (% of rural population)",SH.H2O.SMDW.RU.ZS,37.1143893083762
Sri Lanka,LKA,2010,"People using safely managed drinking water services, rural (% of rural population)",SH.H2O.SMDW.RU.ZS,36.9703768047405
Sri Lanka,LKA,2009,"People using safely managed drinking water services, rural (% of rural population)",SH.H2O.SMDW.RU.ZS,36.8263643011049
Sri Lanka,LKA,2008,"People using safely managed drinking water services, rural (% of rural population)",SH.H2O.SMDW.RU.ZS,36.6823517974692
Sri Lanka,LKA,2007,"People using safely managed drinking water services, rural (% of rural population)",SH.H2O.SMDW.RU.ZS,36.5383392938336
Sri Lanka,LKA,2006,"People using safely managed drinking water services, rural (% of rural population)",SH.H2O.SMDW.RU.ZS,36.394326790198
Sri Lanka,LKA,2005,"People using safely managed drinking water services, rural (% of rural population)",SH.H2O.SMDW.RU.ZS,36.2503142865623
Sri Lanka,LKA,2004,"People using safely managed drinking water services, rural (% of rural population)",SH.H2O.SMDW.RU.ZS,36.1063017829267
Sri Lanka,LKA,2003,"People using safely managed drinking water services, rural (% of rural population)",SH.H2O.SMDW.RU.ZS,35.962289279291
Sri Lanka,LKA,2002,"People using safely managed drinking water services, rural (% of rural population)",SH.H2O.SMDW.RU.ZS,35.8182767756554
Sri Lanka,LKA,2001,"People using safely managed drinking water services, rural (% of rural population)",SH.H2O.SMDW.RU.ZS,35.6742642720197
Sri Lanka,LKA,2000,"People using safely managed drinking water services, rural (% of rural population)",SH.H2O.SMDW.RU.ZS,35.5302517683841
Sri Lanka,LKA,2022,"People using safely managed drinking water services, urban (% of urban population)",SH.H2O.SMDW.UR.ZS,83.0010992796473
Sri Lanka,LKA,2021,"People using safely managed drinking water services, urban (% of urban population)",SH.H2O.SMDW.UR.ZS,85.2394721794503
Sri Lanka,LKA,2020,"People using safely managed drinking water services, urban (% of urban population)",SH.H2O.SMDW.UR.ZS,87.4722290136969
Sri Lanka,LKA,2019,"People using safely managed drinking water services, urban (% of urban population)",SH.H2O.SMDW.UR.ZS,89.6993697823889
Sri Lanka,LKA,2018,"People using safely managed drinking water services, urban (% of urban population)",SH.H2O.SMDW.UR.ZS,91.5931083419863
Sri Lanka,LKA,2017,"People using safely managed drinking water services, urban (% of urban population)",SH.H2O.SMDW.UR.ZS,91.1499624667505
Sri Lanka,LKA,2016,"People using safely managed drinking water services, urban (% of urban population)",SH.H2O.SMDW.UR.ZS,90.7076197338871
Sri Lanka,LKA,2015,"People using safely managed drinking water services, urban (% of urban population)",SH.H2O.SMDW.UR.ZS,90.2660801433961
Sri Lanka,LKA,2014,"People using safely managed drinking water services, urban (% of urban population)",SH.H2O.SMDW.UR.ZS,89.8253436952777
Sri Lanka,LKA,2013,"People using safely managed drinking water services, urban (% of urban population)",SH.H2O.SMDW.UR.ZS,89.3854103895316
Sri Lanka,LKA,2012,"People using safely managed drinking water services, urban (% of urban population)",SH.H2O.SMDW.UR.ZS,88.946280226158
Sri Lanka,LKA,2011,"People using safely managed drinking water services, urban (% of urban population)",SH.H2O.SMDW.UR.ZS,88.5079532051569
Sri Lanka,LKA,2010,"People using safely managed drinking water services, urban (% of urban population)",SH.H2O.SMDW.UR.ZS,88.0704293265282
Sri Lanka,LKA,2009,"People using safely managed drinking water services, urban (% of urban population)",SH.H2O.SMDW.UR.ZS,87.6337085902718
Sri Lanka,LKA,2008,"People using safely managed drinking water services, urban (% of urban population)",SH.H2O.SMDW.UR.ZS,87.1977909963881
Sri Lanka,LKA,2007,"People using safely managed drinking water services, urban (% of urban population)",SH.H2O.SMDW.UR.ZS,86.7626765448767
Sri Lanka,LKA,2006,"People using safely managed drinking water services, urban (% of urban population)",SH.H2O.SMDW.UR.ZS,86.3283652357377
Sri Lanka,LKA,2005,"People using safely managed drinking water services, urban (% of urban population)",SH.H2O.SMDW.UR.ZS,85.8948570689713
Sri Lanka,LKA,2004,"People using safely managed drinking water services, urban (% of urban population)",SH.H2O.SMDW.UR.ZS,85.7896699740448
Sri Lanka,LKA,2003,"People using safely managed drinking water services, urban (% of urban population)",SH.H2O.SMDW.UR.ZS,85.6844828791183
Sri Lanka,LKA,2002,"People using safely managed drinking water services, urban (% of urban population)",SH.H2O.SMDW.UR.ZS,85.5792957841918
Sri Lanka,LKA,2001,"People using safely managed drinking water services, urban (% of urban population)",SH.H2O.SMDW.UR.ZS,85.4741086892653
Sri Lanka,LKA,2000,"People using safely managed drinking water services, urban (% of urban population)",SH.H2O.SMDW.UR.ZS,85.3689215943389
Sri Lanka,LKA,2022,People using safely managed drinking water services (% of population),SH.H2O.SMDW.ZS,47.1275328737655
Sri Lanka,LKA,2021,People using safely managed drinking water services (% of population),SH.H2O.SMDW.ZS,47.3592994454661
Sri Lanka,LKA,2020,People using safely managed drinking water services (% of population),SH.H2O.SMDW.ZS,47.5914243025232
Sri Lanka,LKA,2019,People using safely managed drinking water services (% of population),SH.H2O.SMDW.ZS,47.8252897781829
Sri Lanka,LKA,2018,People using safely managed drinking water services (% of population),SH.H2O.SMDW.ZS,48.0017088515674
Sri Lanka,LKA,2017,People using safely managed drinking water services (% of population),SH.H2O.SMDW.ZS,47.7535126946425
Sri Lanka,LKA,2016,People using safely managed drinking water services (% of population),SH.H2O.SMDW.ZS,47.516056893462
Sri Lanka,LKA,2015,People using safely managed drinking water services (% of population),SH.H2O.SMDW.ZS,47.2886463544296
Sri Lanka,LKA,2014,People using safely managed drinking water services (% of population),SH.H2O.SMDW.ZS,47.0706000017364
Sri Lanka,LKA,2013,People using safely managed drinking water services (% of population),SH.H2O.SMDW.ZS,46.8622799469941
Sri Lanka,LKA,2012,People using safely managed drinking water services (% of population),SH.H2O.SMDW.ZS,46.6635284571006
Sri Lanka,LKA,2011,People using safely managed drinking water services (% of population),SH.H2O.SMDW.ZS,46.473670278824
Sri Lanka,LKA,2010,People using safely managed drinking water services (% of population),SH.H2O.SMDW.ZS,46.2838727827629
Sri Lanka,LKA,2009,People using safely managed drinking water services (% of population),SH.H2O.SMDW.ZS,46.0946421908046
Sri Lanka,LKA,2008,People using safely managed drinking water services (% of population),SH.H2O.SMDW.ZS,45.9049564408666
Sri Lanka,LKA,2007,People using safely managed drinking water services (% of population),SH.H2O.SMDW.ZS,45.7153301332015
Sri Lanka,LKA,2006,People using safely managed drinking water services (% of population),SH.H2O.SMDW.ZS,45.5262626367779
Sri Lanka,LKA,2005,People using safely managed drinking water services (% of population),SH.H2O.SMDW.ZS,45.3367534277481
Sri Lanka,LKA,2004,People using safely managed drinking water services (% of population),SH.H2O.SMDW.ZS,45.207797617992
Sri Lanka,LKA,2003,People using safely managed drinking water services (% of population),SH.H2O.SMDW.ZS,45.0783554158415
Sri Lanka,LKA,2002,People using safely managed drinking water services (% of population),SH.H2O.SMDW.ZS,44.948926886999
Sri Lanka,LKA,2001,People using safely managed drinking water services (% of population),SH.H2O.SMDW.ZS,44.8200054949636
Sri Lanka,LKA,2000,People using safely managed drinking water services (% of population),SH.H2O.SMDW.ZS,44.690599746669
Sri Lanka,LKA,2019,"Mortality rate attributed to household and ambient air pollution, age-standardized (per 100,000 population)",SH.STA.AIRP.P5,91.6
Sri Lanka,LKA,2022,"People using at least basic sanitation services, rural (% of rural population)",SH.STA.BASS.RU.ZS,94.9476960992811
Sri Lanka,LKA,2021,"People using at least basic sanitation services, rural (% of rural population)",SH.STA.BASS.RU.ZS,94.0966715553332
Sri Lanka,LKA,2020,"People using at least basic sanitation services, rural (% of rural population)",SH.STA.BASS.RU.ZS,93.24925964917
Sri Lanka,LKA,2019,"People using at least basic sanitation services, rural (% of rural population)",SH.STA.BASS.RU.ZS,92.4054603807911
Sri Lanka,LKA,2018,"People using at least basic sanitation services, rural (% of rural population)",SH.STA.BASS.RU.ZS,91.5652737501968
Sri Lanka,LKA,2017,"People using at least basic sanitation services, rural (% of rural population)",SH.STA.BASS.RU.ZS,90.7286997573866
Sri Lanka,LKA,2016,"People using at least basic sanitation services, rural (% of rural population)",SH.STA.BASS.RU.ZS,89.8957384023612
Sri Lanka,LKA,2015,"People using at least basic sanitation services, rural (% of rural population)",SH.STA.BASS.RU.ZS,89.0663896851202
Sri Lanka,LKA,2014,"People using at least basic sanitation services, rural (% of rural population)",SH.STA.BASS.RU.ZS,88.2406536056635
Sri Lanka,LKA,2013,"People using at least basic sanitation services, rural (% of rural population)",SH.STA.BASS.RU.ZS,87.4185301639913
Sri Lanka,LKA,2012,"People using at least basic sanitation services, rural (% of rural population)",SH.STA.BASS.RU.ZS,86.6000193601037
Sri Lanka,LKA,2011,"People using at least basic sanitation services, rural (% of rural population)",SH.STA.BASS.RU.ZS,85.7851211940006
Sri Lanka,LKA,2010,"People using at least basic sanitation services, rural (% of rural population)",SH.STA.BASS.RU.ZS,84.9738356656816
Sri Lanka,LKA,2009,"People using at least basic sanitation services, rural (% of rural population)",SH.STA.BASS.RU.ZS,84.1661627751474
Sri Lanka,LKA,2008,"People using at least basic sanitation services, rural (% of rural population)",SH.STA.BASS.RU.ZS,83.3621025223976
Sri Lanka,LKA,2007,"People using at least basic sanitation services, rural (% of rural population)",SH.STA.BASS.RU.ZS,82.5616549074323
Sri Lanka,LKA,2006,"People using at least basic sanitation services, rural (% of rural population)",SH.STA.BASS.RU.ZS,81.7648199302511
Sri Lanka,LKA,2005,"People using at least basic sanitation services, rural (% of rural population)",SH.STA.BASS.RU.ZS,80.9715975908547
Sri Lanka,LKA,2004,"People using at least basic sanitation services, rural (% of rural population)",SH.STA.BASS.RU.ZS,80.1819878892426
Sri Lanka,LKA,2003,"People using at least basic sanitation services, rural (% of rural population)",SH.STA.BASS.RU.ZS,79.395990825415
Sri Lanka,LKA,2002,"People using at least basic sanitation services, rural (% of rural population)",SH.STA.BASS.RU.ZS,78.6136063993719
Sri Lanka,LKA,2001,"People using at least basic sanitation services, rural (% of rural population)",SH.STA.BASS.RU.ZS,77.8348346111133
Sri Lanka,LKA,2000,"People using at least basic sanitation services, rural (% of rural population)",SH.STA.BASS.RU.ZS,77.0596754606391
Sri Lanka,LKA,2022,"People using at least basic sanitation services, urban (% of urban population)",SH.STA.BASS.UR.ZS,95.6765225573945
Sri Lanka,LKA,2021,"People using at least basic sanitation services, urban (% of urban population)",SH.STA.BASS.UR.ZS,94.731556082456
Sri Lanka,LKA,2020,"People using at least basic sanitation services, urban (% of urban population)",SH.STA.BASS.UR.ZS,93.7891351700298
Sri Lanka,LKA,2019,"People using at least basic sanitation services, urban (% of urban population)",SH.STA.BASS.UR.ZS,92.8492598201159
Sri Lanka,LKA,2018,"People using at least basic sanitation services, urban (% of urban population)",SH.STA.BASS.UR.ZS,91.9119300327146
Sri Lanka,LKA,2017,"People using at least basic sanitation services, urban (% of urban population)",SH.STA.BASS.UR.ZS,90.9771458078256
Sri Lanka,LKA,2016,"People using at least basic sanitation services, urban (% of urban population)",SH.STA.BASS.UR.ZS,90.0449071454491
Sri Lanka,LKA,2015,"People using at least basic sanitation services, urban (% of urban population)",SH.STA.BASS.UR.ZS,89.1152140455848
Sri Lanka,LKA,2014,"People using at least basic sanitation services, urban (% of urban population)",SH.STA.BASS.UR.ZS,88.188066508233
Sri Lanka,LKA,2013,"People using at least basic sanitation services, urban (% of urban population)",SH.STA.BASS.UR.ZS,87.2634645333937
Sri Lanka,LKA,2012,"People using at least basic sanitation services, urban (% of urban population)",SH.STA.BASS.UR.ZS,86.3414081210666
Sri Lanka,LKA,2011,"People using at least basic sanitation services, urban (% of urban population)",SH.STA.BASS.UR.ZS,85.4218972712522
Sri Lanka,LKA,2010,"People using at least basic sanitation services, urban (% of urban population)",SH.STA.BASS.UR.ZS,84.5049319839499
Sri Lanka,LKA,2009,"People using at least basic sanitation services, urban (% of urban population)",SH.STA.BASS.UR.ZS,83.59051225916
Sri Lanka,LKA,2008,"People using at least basic sanitation services, urban (% of urban population)",SH.STA.BASS.UR.ZS,82.6786380968828
Sri Lanka,LKA,2007,"People using at least basic sanitation services, urban (% of urban population)",SH.STA.BASS.UR.ZS,81.7693094971177
Sri Lanka,LKA,2006,"People using at least basic sanitation services, urban (% of urban population)",SH.STA.BASS.UR.ZS,80.8625264598653
Sri Lanka,LKA,2005,"People using at least basic sanitation services, urban (% of urban population)",SH.STA.BASS.UR.ZS,79.958288985125
Sri Lanka,LKA,2004,"People using at least basic sanitation services, urban (% of urban population)",SH.STA.BASS.UR.ZS,79.0565970728971
Sri Lanka,LKA,2003,"People using at least basic sanitation services, urban (% of urban population)",SH.STA.BASS.UR.ZS,78.1574507231819
Sri Lanka,LKA,2002,"People using at least basic sanitation services, urban (% of urban population)",SH.STA.BASS.UR.ZS,77.2608499359789
Sri Lanka,LKA,2001,"People using at least basic sanitation services, urban (% of urban population)",SH.STA.BASS.UR.ZS,76.3667947112884
Sri Lanka,LKA,2000,"People using at least basic sanitation services, urban (% of urban population)",SH.STA.BASS.UR.ZS,75.4752850491101
Sri Lanka,LKA,2022,People using at least basic sanitation services (% of population),SH.STA.BASS.ZS,95.0863607756551
Sri Lanka,LKA,2021,People using at least basic sanitation services (% of population),SH.STA.BASS.ZS,94.2164146493583
Sri Lanka,LKA,2020,People using at least basic sanitation services (% of population),SH.STA.BASS.ZS,93.350290136483
Sri Lanka,LKA,2019,People using at least basic sanitation services (% of population),SH.STA.BASS.ZS,92.487940769035
Sri Lanka,LKA,2018,People using at least basic sanitation services (% of population),SH.STA.BASS.ZS,91.6293176553116
Sri Lanka,LKA,2017,People using at least basic sanitation services (% of population),SH.STA.BASS.ZS,90.7743730027284
Sri Lanka,LKA,2016,People using at least basic sanitation services (% of population),SH.STA.BASS.ZS,89.9230512319667
Sri Lanka,LKA,2015,People using at least basic sanitation services (% of population),SH.STA.BASS.ZS,89.0752990733061
Sri Lanka,LKA,2014,People using at least basic sanitation services (% of population),SH.STA.BASS.ZS,88.2310734180326
Sri Lanka,LKA,2013,People using at least basic sanitation services (% of population),SH.STA.BASS.ZS,87.3903117492911
Sri Lanka,LKA,2012,People using at least basic sanitation services (% of population),SH.STA.BASS.ZS,86.5529633528261
Sri Lanka,LKA,2011,People using at least basic sanitation services (% of population),SH.STA.BASS.ZS,85.7189721476393
Sri Lanka,LKA,2010,People using at least basic sanitation services (% of population),SH.STA.BASS.ZS,84.8883738090123
Sri Lanka,LKA,2009,People using at least basic sanitation services (% of population),SH.STA.BASS.ZS,84.0611568261912
Sri Lanka,LKA,2008,People using at least basic sanitation services (% of population),SH.STA.BASS.ZS,83.2373247029462
Sri Lanka,LKA,2007,People using at least basic sanitation services (% of population),SH.STA.BASS.ZS,82.4168766654693
Sri Lanka,LKA,2006,People using at least basic sanitation services (% of population),SH.STA.BASS.ZS,81.5998067218221
Sri Lanka,LKA,2005,People using at least basic sanitation services (% of population),SH.STA.BASS.ZS,80.7861295819782
Sri Lanka,LKA,2004,People using at least basic sanitation services (% of population),SH.STA.BASS.ZS,79.9758261581763
Sri Lanka,LKA,2003,People using at least basic sanitation services (% of population),SH.STA.BASS.ZS,79.1689156040994
Sri Lanka,LKA,2002,People using at least basic sanitation services (% of population),SH.STA.BASS.ZS,78.3653912595739
Sri Lanka,LKA,2001,People using at least basic sanitation services (% of population),SH.STA.BASS.ZS,77.5652286823631
Sri Lanka,LKA,2000,People using at least basic sanitation services (% of population),SH.STA.BASS.ZS,76.7684658952961
Sri Lanka,LKA,2022,"People with basic handwashing facilities including soap and water, rural (% of rural population)",SH.STA.HYGN.RU.ZS,83.44892291685
Sri Lanka,LKA,2021,"People with basic handwashing facilities including soap and water, rural (% of rural population)",SH.STA.HYGN.RU.ZS,83.44892291685
Sri Lanka,LKA,2020,"People with basic handwashing facilities including soap and water, rural (% of rural population)",SH.STA.HYGN.RU.ZS,83.44892291685
Sri Lanka,LKA,2019,"People with basic handwashing facilities including soap and water, rural (% of rural population)",SH.STA.HYGN.RU.ZS,83.44892291685
Sri Lanka,LKA,2018,"People with basic handwashing facilities including soap and water, rural (% of rural population)",SH.STA.HYGN.RU.ZS,83.44892291685
Sri Lanka,LKA,2017,"People with basic handwashing facilities including soap and water, rural (% of rural population)",SH.STA.HYGN.RU.ZS,83.44892291685
Sri Lanka,LKA,2022,"People with basic handwashing facilities including soap and water, urban (% of urban population)",SH.STA.HYGN.UR.ZS,93.421650810345
Sri Lanka,LKA,2021,"People with basic handwashing facilities including soap and water, urban (% of urban population)",SH.STA.HYGN.UR.ZS,93.421650810345
Sri Lanka,LKA,2020,"People with basic handwashing facilities including soap and water, urban (% of urban population)",SH.STA.HYGN.UR.ZS,93.421650810345
Sri Lanka,LKA,2019,"People with basic handwashing facilities including soap and water, urban (% of urban population)",SH.STA.HYGN.UR.ZS,93.421650810345
Sri Lanka,LKA,2018,"People with basic handwashing facilities including soap and water, urban (% of urban population)",SH.STA.HYGN.UR.ZS,93.421650810345
Sri Lanka,LKA,2017,"People with basic handwashing facilities including soap and water, urban (% of urban population)",SH.STA.HYGN.UR.ZS,93.421650810345
Sri Lanka,LKA,2022,People with basic handwashing facilities including soap and water (% of population),SH.STA.HYGN.ZS,85.3463323653096
Sri Lanka,LKA,2021,People with basic handwashing facilities including soap and water (% of population),SH.STA.HYGN.ZS,85.3297829261632
Sri Lanka,LKA,2020,People with basic handwashing facilities including soap and water (% of population),SH.STA.HYGN.ZS,85.3151226885026
Sri Lanka,LKA,2019,People with basic handwashing facilities including soap and water (% of population),SH.STA.HYGN.ZS,85.3023545397291
Sri Lanka,LKA,2018,People with basic handwashing facilities including soap and water (% of population),SH.STA.HYGN.ZS,85.2914801829691
Sri Lanka,LKA,2017,People with basic handwashing facilities including soap and water (% of population),SH.STA.HYGN.ZS,85.2823083323441
Sri Lanka,LKA,2022,"People practicing open defecation, rural (% of rural population)",SH.STA.ODFC.RU.ZS,0.0
Sri Lanka,LKA,2021,"People practicing open defecation, rural (% of rural population)",SH.STA.ODFC.RU.ZS,0.0
Sri Lanka,LKA,2020,"People practicing open defecation, rural (% of rural population)",SH.STA.ODFC.RU.ZS,0.117029993980736
Sri Lanka,LKA,2019,"People practicing open defecation, rural (% of rural population)",SH.STA.ODFC.RU.ZS,0.404525731140325
Sri Lanka,LKA,2018,"People practicing open defecation, rural (% of rural population)",SH.STA.ODFC.RU.ZS,0.692021468299913
Sri Lanka,LKA,2017,"People practicing open defecation, rural (% of rural population)",SH.STA.ODFC.RU.ZS,0.979517205459615
Sri Lanka,LKA,2016,"People practicing open defecation, rural (% of rural population)",SH.STA.ODFC.RU.ZS,1.2670129426192
Sri Lanka,LKA,2015,"People practicing open defecation, rural (% of rural population)",SH.STA.ODFC.RU.ZS,1.5545086797789
Sri Lanka,LKA,2014,"People practicing open defecation, rural (% of rural population)",SH.STA.ODFC.RU.ZS,1.84200441693849
Sri Lanka,LKA,2013,"People practicing open defecation, rural (% of rural population)",SH.STA.ODFC.RU.ZS,2.1295001540982
Sri Lanka,LKA,2012,"People practicing open defecation, rural (% of rural population)",SH.STA.ODFC.RU.ZS,2.41699589125778
Sri Lanka,LKA,2011,"People practicing open defecation, rural (% of rural population)",SH.STA.ODFC.RU.ZS,2.70449162841737
Sri Lanka,LKA,2010,"People practicing open defecation, rural (% of rural population)",SH.STA.ODFC.RU.ZS,2.99198736557707
Sri Lanka,LKA,2009,"People practicing open defecation, rural (% of rural population)",SH.STA.ODFC.RU.ZS,3.27948310273666
Sri Lanka,LKA,2008,"People practicing open defecation, rural (% of rural population)",SH.STA.ODFC.RU.ZS,3.56697883989637
Sri Lanka,LKA,2007,"People practicing open defecation, rural (% of rural population)",SH.STA.ODFC.RU.ZS,3.85447457705595
Sri Lanka,LKA,2006,"People practicing open defecation, rural (% of rural population)",SH.STA.ODFC.RU.ZS,4.14197031421554
Sri Lanka,LKA,2005,"People practicing open defecation, rural (% of rural population)",SH.STA.ODFC.RU.ZS,4.42946605137524
Sri Lanka,LKA,2004,"People practicing open defecation, rural (% of rural population)",SH.STA.ODFC.RU.ZS,4.71696178853483
Sri Lanka,LKA,2003,"People practicing open defecation, rural (% of rural population)",SH.STA.ODFC.RU.ZS,5.00445752569453
Sri Lanka,LKA,2002,"People practicing open defecation, rural (% of rural population)",SH.STA.ODFC.RU.ZS,5.29195326285412
Sri Lanka,LKA,2001,"People practicing open defecation, rural (% of rural population)",SH.STA.ODFC.RU.ZS,5.57944900001371
Sri Lanka,LKA,2000,"People practicing open defecation, rural (% of rural population)",SH.STA.ODFC.RU.ZS,5.86694473717341
Sri Lanka,LKA,2022,"People practicing open defecation, urban (% of urban population)",SH.STA.ODFC.UR.ZS,0.0
Sri Lanka,LKA,2021,"People practicing open defecation, urban (% of urban population)",SH.STA.ODFC.UR.ZS,0.0
Sri Lanka,LKA,2020,"People practicing open defecation, urban (% of urban population)",SH.STA.ODFC.UR.ZS,0.0
Sri Lanka,LKA,2019,"People practicing open defecation, urban (% of urban population)",SH.STA.ODFC.UR.ZS,0.0
Sri Lanka,LKA,2018,"People practicing open defecation, urban (% of urban population)",SH.STA.ODFC.UR.ZS,0.0
Sri Lanka,LKA,2017,"People practicing open defecation, urban (% of urban population)",SH.STA.ODFC.UR.ZS,0.0062211942366162
Sri Lanka,LKA,2016,"People practicing open defecation, urban (% of urban population)",SH.STA.ODFC.UR.ZS,0.17963156275971
Sri Lanka,LKA,2015,"People practicing open defecation, urban (% of urban population)",SH.STA.ODFC.UR.ZS,0.35304193128286
Sri Lanka,LKA,2014,"People practicing open defecation, urban (% of urban population)",SH.STA.ODFC.UR.ZS,0.52645229980601
Sri Lanka,LKA,2013,"People practicing open defecation, urban (% of urban population)",SH.STA.ODFC.UR.ZS,0.69986266832916
Sri Lanka,LKA,2012,"People practicing open defecation, urban (% of urban population)",SH.STA.ODFC.UR.ZS,0.873273036852254
Sri Lanka,LKA,2011,"People practicing open defecation, urban (% of urban population)",SH.STA.ODFC.UR.ZS,1.0466834053754
Sri Lanka,LKA,2010,"People practicing open defecation, urban (% of urban population)",SH.STA.ODFC.UR.ZS,1.22009377389855
Sri Lanka,LKA,2009,"People practicing open defecation, urban (% of urban population)",SH.STA.ODFC.UR.ZS,1.3935041424217
Sri Lanka,LKA,2008,"People practicing open defecation, urban (% of urban population)",SH.STA.ODFC.UR.ZS,1.5669145109448
Sri Lanka,LKA,2007,"People practicing open defecation, urban (% of urban population)",SH.STA.ODFC.UR.ZS,1.74032487946795
Sri Lanka,LKA,2006,"People practicing open defecation, urban (% of urban population)",SH.STA.ODFC.UR.ZS,1.9137352479911
Sri Lanka,LKA,2005,"People practicing open defecation, urban (% of urban population)",SH.STA.ODFC.UR.ZS,2.08714561651425
Sri Lanka,LKA,2004,"People practicing open defecation, urban (% of urban population)",SH.STA.ODFC.UR.ZS,2.26055598503734
Sri Lanka,LKA,2003,"People practicing open defecation, urban (% of urban population)",SH.STA.ODFC.UR.ZS,2.43396635356049
Sri Lanka,LKA,2002,"People practicing open defecation, urban (% of urban population)",SH.STA.ODFC.UR.ZS,2.60737672208364
Sri Lanka,LKA,2001,"People practicing open defecation, urban (% of urban population)",SH.STA.ODFC.UR.ZS,2.78078709060679
Sri Lanka,LKA,2000,"People practicing open defecation, urban (% of urban population)",SH.STA.ODFC.UR.ZS,2.95419745912989
Sri Lanka,LKA,2022,People practicing open defecation (% of population),SH.STA.ODFC.ZS,0.0
Sri Lanka,LKA,2021,People practicing open defecation (% of population),SH.STA.ODFC.ZS,0.0
Sri Lanka,LKA,2020,People practicing open defecation (% of population),SH.STA.ODFC.ZS,0.0951301757484236
Sri Lanka,LKA,2019,People practicing open defecation (% of population),SH.STA.ODFC.ZS,0.329344629111725
Sri Lanka,LKA,2018,People practicing open defecation (% of population),SH.STA.ODFC.ZS,0.564163550098076
Sri Lanka,LKA,2017,People practicing open defecation (% of population),SH.STA.ODFC.ZS,0.800586444141637
Sri Lanka,LKA,2016,People practicing open defecation (% of population),SH.STA.ODFC.ZS,1.06790251954162
Sri Lanka,LKA,2015,People practicing open defecation (% of population),SH.STA.ODFC.ZS,1.33516884675039
Sri Lanka,LKA,2014,People practicing open defecation (% of population),SH.STA.ODFC.ZS,1.6023371336726
Sri Lanka,LKA,2013,People practicing open defecation (% of population),SH.STA.ODFC.ZS,1.86933473974827
Sri Lanka,LKA,2012,People practicing open defecation (% of population),SH.STA.ODFC.ZS,2.13610010845363
Sri Lanka,LKA,2011,People practicing open defecation (% of population),SH.STA.ODFC.ZS,2.40258809728075
Sri Lanka,LKA,2010,People practicing open defecation (% of population),SH.STA.ODFC.ZS,2.66904205215626
Sri Lanka,LKA,2009,People practicing open defecation (% of population),SH.STA.ODFC.ZS,2.93544297424755
Sri Lanka,LKA,2008,People practicing open defecation (% of population),SH.STA.ODFC.ZS,3.20182719662371
Sri Lanka,LKA,2007,People practicing open defecation (% of population),SH.STA.ODFC.ZS,3.46817708927003
Sri Lanka,LKA,2006,People practicing open defecation (% of population),SH.STA.ODFC.ZS,3.73447060876524
Sri Lanka,LKA,2005,People practicing open defecation (% of population),SH.STA.ODFC.ZS,4.00075105135599
Sri Lanka,LKA,2004,People practicing open defecation (% of population),SH.STA.ODFC.ZS,4.26697271630055
Sri Lanka,LKA,2003,People practicing open defecation (% of population),SH.STA.ODFC.ZS,4.53318360640463
Sri Lanka,LKA,2002,People practicing open defecation (% of population),SH.STA.ODFC.ZS,4.7993604702139
Sri Lanka,LKA,2001,People practicing open defecation (% of population),SH.STA.ODFC.ZS,5.06547471268553
Sri Lanka,LKA,2000,People practicing open defecation (% of population),SH.STA.ODFC.ZS,5.33158190328186
Sri Lanka,LKA,2019,"Mortality rate attributed to unintentional poisoning (per 100,000 population)",SH.STA.POIS.P5,0.4
Sri Lanka,LKA,2018,"Mortality rate attributed to unintentional poisoning (per 100,000 population)",SH.STA.POIS.P5,0.4
Sri Lanka,LKA,2017,"Mortality rate attributed to unintentional poisoning (per 100,000 population)",SH.STA.POIS.P5,0.5
Sri Lanka,LKA,2016,"Mortality rate attributed to unintentional poisoning (per 100,000 population)",SH.STA.POIS.P5,0.5
Sri Lanka,LKA,2015,"Mortality rate attributed to unintentional poisoning (per 100,000 population)",SH.STA.POIS.P5,0.5
Sri Lanka,LKA,2014,"Mortality rate attributed to unintentional poisoning (per 100,000 population)",SH.STA.POIS.P5,0.5
Sri Lanka,LKA,2013,"Mortality rate attributed to unintentional poisoning (per 100,000 population)",SH.STA.POIS.P5,0.4
Sri Lanka,LKA,2012,"Mortality rate attributed to unintentional poisoning (per 100,000 population)",SH.STA.POIS.P5,0.6
Sri Lanka,LKA,2011,"Mortality rate attributed to unintentional poisoning (per 100,000 population)",SH.STA.POIS.P5,0.9
Sri Lanka,LKA,2010,"Mortality rate attributed to unintentional poisoning (per 100,000 population)",SH.STA.POIS.P5,0.5
Sri Lanka,LKA,2009,"Mortality rate attributed to unintentional poisoning (per 100,000 population)",SH.STA.POIS.P5,0.9
Sri Lanka,LKA,2008,"Mortality rate attributed to unintentional poisoning (per 100,000 population)",SH.STA.POIS.P5,0.7
Sri Lanka,LKA,2007,"Mortality rate attributed to unintentional poisoning (per 100,000 population)",SH.STA.POIS.P5,1.0
Sri Lanka,LKA,2006,"Mortality rate attributed to unintentional poisoning (per 100,000 population)",SH.STA.POIS.P5,0.9
Sri Lanka,LKA,2005,"Mortality rate attributed to unintentional poisoning (per 100,000 population)",SH.STA.POIS.P5,1.1
Sri Lanka,LKA,2004,"Mortality rate attributed to unintentional poisoning (per 100,000 population)",SH.STA.POIS.P5,0.8
Sri Lanka,LKA,2003,"Mortality rate attributed to unintentional poisoning (per 100,000 population)",SH.STA.POIS.P5,0.7
Sri Lanka,LKA,2002,"Mortality rate attributed to unintentional poisoning (per 100,000 population)",SH.STA.POIS.P5,0.7
Sri Lanka,LKA,2001,"Mortality rate attributed to unintentional poisoning (per 100,000 population)",SH.STA.POIS.P5,0.8
Sri Lanka,LKA,2000,"Mortality rate attributed to unintentional poisoning (per 100,000 population)",SH.STA.POIS.P5,1.1
Sri Lanka,LKA,2019,"Mortality rate attributed to unintentional poisoning, female (per 100,000 female population)",SH.STA.POIS.P5.FE,0.2
Sri Lanka,LKA,2018,"Mortality rate attributed to unintentional poisoning, female (per 100,000 female population)",SH.STA.POIS.P5.FE,0.2
Sri Lanka,LKA,2017,"Mortality rate attributed to unintentional poisoning, female (per 100,000 female population)",SH.STA.POIS.P5.FE,0.2
Sri Lanka,LKA,2016,"Mortality rate attributed to unintentional poisoning, female (per 100,000 female population)",SH.STA.POIS.P5.FE,0.2
Sri Lanka,LKA,2015,"Mortality rate attributed to unintentional poisoning, female (per 100,000 female population)",SH.STA.POIS.P5.FE,0.2
Sri Lanka,LKA,2014,"Mortality rate attributed to unintentional poisoning, female (per 100,000 female population)",SH.STA.POIS.P5.FE,0.2
Sri Lanka,LKA,2013,"Mortality rate attributed to unintentional poisoning, female (per 100,000 female population)",SH.STA.POIS.P5.FE,0.2
Sri Lanka,LKA,2012,"Mortality rate attributed to unintentional poisoning, female (per 100,000 female population)",SH.STA.POIS.P5.FE,0.2
Sri Lanka,LKA,2011,"Mortality rate attributed to unintentional poisoning, female (per 100,000 female population)",SH.STA.POIS.P5.FE,0.3
Sri Lanka,LKA,2010,"Mortality rate attributed to unintentional poisoning, female (per 100,000 female population)",SH.STA.POIS.P5.FE,0.2
Sri Lanka,LKA,2009,"Mortality rate attributed to unintentional poisoning, female (per 100,000 female population)",SH.STA.POIS.P5.FE,0.4
Sri Lanka,LKA,2008,"Mortality rate attributed to unintentional poisoning, female (per 100,000 female population)",SH.STA.POIS.P5.FE,0.2
Sri Lanka,LKA,2007,"Mortality rate attributed to unintentional poisoning, female (per 100,000 female population)",SH.STA.POIS.P5.FE,0.4
Sri Lanka,LKA,2006,"Mortality rate attributed to unintentional poisoning, female (per 100,000 female population)",SH.STA.POIS.P5.FE,0.4
Sri Lanka,LKA,2005,"Mortality rate attributed to unintentional poisoning, female (per 100,000 female population)",SH.STA.POIS.P5.FE,0.7
Sri Lanka,LKA,2004,"Mortality rate attributed to unintentional poisoning, female (per 100,000 female population)",SH.STA.POIS.P5.FE,0.6
Sri Lanka,LKA,2003,"Mortality rate attributed to unintentional poisoning, female (per 100,000 female population)",SH.STA.POIS.P5.FE,0.2
Sri Lanka,LKA,2002,"Mortality rate attributed to unintentional poisoning, female (per 100,000 female population)",SH.STA.POIS.P5.FE,0.2
Sri Lanka,LKA,2001,"Mortality rate attributed to unintentional poisoning, female (per 100,000 female population)",SH.STA.POIS.P5.FE,0.2
Sri Lanka,LKA,2000,"Mortality rate attributed to unintentional poisoning, female (per 100,000 female population)",SH.STA.POIS.P5.FE,0.2
Sri Lanka,LKA,2019,"Mortality rate attributed to unintentional poisoning, male (per 100,000 male population)",SH.STA.POIS.P5.MA,0.7
Sri Lanka,LKA,2018,"Mortality rate attributed to unintentional poisoning, male (per 100,000 male population)",SH.STA.POIS.P5.MA,0.7
Sri Lanka,LKA,2017,"Mortality rate attributed to unintentional poisoning, male (per 100,000 male population)",SH.STA.POIS.P5.MA,0.7
Sri Lanka,LKA,2016,"Mortality rate attributed to unintentional poisoning, male (per 100,000 male population)",SH.STA.POIS.P5.MA,0.7
Sri Lanka,LKA,2015,"Mortality rate attributed to unintentional poisoning, male (per 100,000 male population)",SH.STA.POIS.P5.MA,0.8
Sri Lanka,LKA,2014,"Mortality rate attributed to unintentional poisoning, male (per 100,000 male population)",SH.STA.POIS.P5.MA,0.8
Sri Lanka,LKA,2013,"Mortality rate attributed to unintentional poisoning, male (per 100,000 male population)",SH.STA.POIS.P5.MA,0.6
Sri Lanka,LKA,2012,"Mortality rate attributed to unintentional poisoning, male (per 100,000 male population)",SH.STA.POIS.P5.MA,0.9
Sri Lanka,LKA,2011,"Mortality rate attributed to unintentional poisoning, male (per 100,000 male population)",SH.STA.POIS.P5.MA,1.6
Sri Lanka,LKA,2010,"Mortality rate attributed to unintentional poisoning, male (per 100,000 male population)",SH.STA.POIS.P5.MA,0.9
Sri Lanka,LKA,2009,"Mortality rate attributed to unintentional poisoning, male (per 100,000 male population)",SH.STA.POIS.P5.MA,1.4
Sri Lanka,LKA,2008,"Mortality rate attributed to unintentional poisoning, male (per 100,000 male population)",SH.STA.POIS.P5.MA,1.3
Sri Lanka,LKA,2007,"Mortality rate attributed to unintentional poisoning, male (per 100,000 male population)",SH.STA.POIS.P5.MA,1.7
Sri Lanka,LKA,2006,"Mortality rate attributed to unintentional poisoning, male (per 100,000 male population)",SH.STA.POIS.P5.MA,1.5
Sri Lanka,LKA,2005,"Mortality rate attributed to unintentional poisoning, male (per 100,000 male population)",SH.STA.POIS.P5.MA,1.5
Sri Lanka,LKA,2004,"Mortality rate attributed to unintentional poisoning, male (per 100,000 male population)",SH.STA.POIS.P5.MA,1.1
Sri Lanka,LKA,2003,"Mortality rate attributed to unintentional poisoning, male (per 100,000 male population)",SH.STA.POIS.P5.MA,1.2
Sri Lanka,LKA,2002,"Mortality rate attributed to unintentional poisoning, male (per 100,000 male population)",SH.STA.POIS.P5.MA,1.3
Sri Lanka,LKA,2001,"Mortality rate attributed to unintentional poisoning, male (per 100,000 male population)",SH.STA.POIS.P5.MA,1.5
Sri Lanka,LKA,2000,"Mortality rate attributed to unintentional poisoning, male (per 100,000 male population)",SH.STA.POIS.P5.MA,1.9
Sri Lanka,LKA,2019,"Mortality rate attributed to unsafe water, unsafe sanitation and lack of hygiene (per 100,000 population)",SH.STA.WASH.P5,4.8
